quarter,train_first,train_last,first_test,last_test,purged_trading_sessions,max_label_date_used,train_rows,train_queries,fit_seconds,rss_gib,prediction_rows,model_sha256,predictions_sha256,result_sha256
2024Q1,2018-01-02,2023-12-22,2024-01-02,2024-03-29,5,2023-12-22,5808,1452,1.226,"{'after_panel_load': 0.379, 'at_completion': 0.385}",232,e7c7f75a5d86b7f33bcb066b9e0f4f116b9149549b1bf6a12968c94049edab27,c914203df4375a8aa8ca93f829541884781eb228661245b6bb7656f78b6ce0e0,410d4c844083e71cc7d6d0750b5628c6d11c89bd2574f8fc99b501a5da65b1fe
2024Q2,2018-01-02,2024-03-22,2024-04-01,2024-06-28,5,2024-03-22,6040,1510,1.204,"{'after_panel_load': 0.379, 'at_completion': 0.384}",236,a6ed9657dda72010257a657e8fdcff2cf2bd98e42b2de54c89212b758339429f,cebb3f5293066258996b85f6b5ddb6f57fc778931f91eda3b2cb9efeb6c3c639,3fa1e6fc3d6a17dcd00ea55a9f2be693211c1324e4e190d04d203b6bbaebb695
2024Q3,2018-01-02,2024-06-21,2024-07-01,2024-09-30,5,2024-06-21,6276,1569,1.212,"{'after_panel_load': 0.386, 'at_completion': 0.391}",256,efc7462f4a30a32a0e4777e9569d8d2257a6ec9fb8f82445dbed1c806313767e,dceb00ce6a1fb79e3d02a105462d2aa97103e790b308f0bcdb8e4d178377fff1,0125753651ec7b81928510170a4ee473408025d11390ed0557e4f4bce835b165
2024Q4,2018-01-02,2024-09-23,2024-10-08,2024-12-31,5,2024-09-23,6532,1633,1.18,"{'after_panel_load': 0.39, 'at_completion': 0.395}",244,503cf3af0d3631fcc3df151c63e370711a4ce4af9ec706f5423c9a3999841c95,5564ad75cd7541239ecaee8844781e01139257e5520057fd9b51162c6f6a7858,c1f22851d68216da653b1e8b02c1baba00466152d1504b3c899adc12a98188c5
2025Q1,2018-01-02,2024-12-24,2025-01-02,2025-03-31,5,2024-12-24,6776,1694,0.356,"{'after_panel_load': 0.398, 'at_completion': 0.407}",228,8aa3859cc0642ceb67a316ecdc3d4f0309840a0becaef2bdbc4690b7e3cdeab7,19153ee71a4d223045503693e90ac69864b059b3aadbbdb014c1e786835c5440,8a9c63cdc89e80b073c5a02228b22deaa8380ee10e699ac7dc15ff68907aae73
2025Q2,2018-01-02,2025-03-24,2025-04-01,2025-06-30,5,2025-03-24,7004,1751,0.379,"{'after_panel_load': 0.41, 'at_completion': 0.418}",240,42ea0c0c31814f2c6d62a49d6dd5cfd8013568771b7e98d06e24df18babfbd18,5f5b516ec212bf36c590c1d5ad737a59278410af78ecab57a796949a13fe9ea4,d17326d0672a9346b409f69d6fb1e4fead6891a269263544585acfcf2c4d47b0
2025Q3,2018-01-02,2025-06-23,2025-07-01,2025-09-30,5,2025-06-23,7244,1811,0.367,"{'after_panel_load': 0.415, 'at_completion': 0.423}",264,f6b02280bf547025a641dbffa28e9af8b61f4c32f574ae271c73f4a2cb8b1deb,a7bb6a88ffc7efbf7c46ebd3fce1052594bac65e2968df4ab464a025707f724c,8f4447d040f3fca0a3ccc91722418db44c53acfd34f4d2d10e399da9cde61951
2025Q4,2018-01-02,2025-09-23,2025-10-09,2025-12-31,5,2025-09-23,7508,1877,0.388,"{'after_panel_load': 0.439, 'at_completion': 0.448}",240,2c262c0a567e2cfc4cfaf5dff1c743202ebd4c3ec7d5f5a40ae5af2f4245b7e5,b382ae6644a148a1705e97bd0b2ff3e3ec17f4b958b578fb35a9e0d54419852d,09e3af074914d51d2e70a55fd5df615fed0f16163c654ed212cb1c33896ada38
2026Q1,2018-01-02,2025-12-24,2026-01-05,2026-03-31,5,2025-12-24,7748,1937,0.376,"{'after_panel_load': 0.363, 'at_completion': 0.363}",224,c4b946d4b06033bc00df4d470d951f8ccc040e8bd7f3031f96aa490aa3a33cd2,f93dff3ed37fee359655d00315ce4bd488380f2c8b61e494184605ef91d6c75f,d3ff6ce136bbb598c32abb546250deb1cec3c103feaf62f3dd4e6cabbcdce911
2026Q2,2018-01-02,2026-03-24,2026-04-01,2026-06-30,5,2026-03-24,7972,1993,0.392,"{'after_panel_load': 0.349, 'at_completion': 0.35}",240,ba0650ef54fdc2f68be43c03b649e8aebca32c44f0aab78076e6298ee1e559f3,7ede457673669ffe61a080b3b2e4bffd059b53d7e61093e8743b34f9d6096966,1a9dd18fbcc050c6803ae369290a0ab08407463bbb08a19acff8c238bf78b79f
