rank,feature,top20_quarter_count,mean_normalized_gain_when_top20,selected_v33
1,mf_tier_flow_agreement_20,16,0.07313518998683682,True
2,rel_mom_ind_3d,16,0.06728722680654979,True
3,rel_mom_ind_5d,16,0.06289147292479422,True
4,gap_down_recover_freq_20d,15,0.07330035921476682,True
5,rel_mom_ind_250d,13,0.06855035931458645,True
6,rel_vol_ind_20d,12,0.0597568910963752,True
7,rel_mom_ind_10d,12,0.04270051547816694,True
8,tail_risk_pct_60,11,0.05012530267433634,True
9,volume_dry_up,10,0.046521863719063965,True
10,rel_mom_ind_60d,10,0.045854531501927205,True
11,price_to_52w_high,10,0.04505847522791099,True
12,id2_close_vs_pm_vwap_20,10,0.044881460832808806,True
13,inside_bar_count_20,8,0.05734555387757261,True
14,ret_kurt_20,8,0.04865818901180609,True
15,cost_skew_ratio,7,0.04632770564141977,True
16,overnight_sign_consistency_20d,7,0.041902380710256946,True
17,margin_balance_volatility_20d,6,0.05499657217942263,True
18,mfx_index_range,6,0.03981923009032128,True
19,mf_open_close_divergence_10d,5,0.05004244799142107,True
20,bollinger_width_20,5,0.04861964457209078,True
21,bw_tail_comove_60,5,0.048079405776363104,False
22,bw_session_follow_20,5,0.047112054952297436,False
23,cyqp_historical_range_position,5,0.04684573563894643,False
24,efx_free_turnover,5,0.04060034559744154,False
25,bw_overnight_lag_beta_20,5,0.04031358272544014,False
26,cfp_ttm,4,0.04920649341799407,False
27,bollinger_squeeze,4,0.04080040016128176,False
28,liquidity_shock_20,4,0.039053015011150397,False
29,margin_balance_5d,4,0.03250948509813674,False
30,ind_beta_60,4,0.03165936267784057,False
31,beta_60,3,0.04419185757602315,False
32,opm_npm_spread,3,0.04140374753808663,False
33,id2_vol_peak_std_20,3,0.03877150894491735,False
34,time_since_52w_high,3,0.03541343515651394,False
35,outside_bar_count_20,3,0.0353523435441814,False
36,short_interest_volatility_20d,3,0.034715042185684185,False
37,trend_strength_60,2,0.050636239505379654,False
38,afx_bs_surplus_rese,2,0.046146290145003696,False
39,open5_capacity_floor_ratio_20,2,0.04500530030945807,False
40,qf_cash_margin_yoy_change,2,0.041411223317942475,False
41,total_leverage_ratio,2,0.04108132042514429,False
42,id2_session_sign_agreement_20,2,0.037670209465910307,False
43,chip_peak_growing,2,0.03702272754207876,False
44,ret_efficiency_20,2,0.035990726422447404,False
45,margin_chip_cost_gap,2,0.03533603000282272,False
46,panic_selling_ratio_60,2,0.03448226272380767,False
47,ret_skew_20,2,0.0335839538145013,False
48,rel_mom_ind_20d,2,0.032400803300394077,False
49,marubozu_ratio_10d,2,0.03133838703954027,False
50,zero_return_fraction_20,2,0.030842859763082684,False
51,overnight_ma_20d,2,0.03035387860646341,False
52,growth_stability,1,0.05768380100006257,False
53,cyqp_winner_volatility_20,1,0.04939983387033819,False
54,ocf_to_profit,1,0.0486223985427188,False
55,qf_cash_margin_vol_4q,1,0.04643722920847109,False
56,afx_cf_loss_disp_fiolta,1,0.04601495647227157,False
57,sortino_ratio_60,1,0.044109840953585645,False
58,chip_p90_p10_factor,1,0.044014039698547114,False
59,fv_gain_share,1,0.040315120863107075,False
60,afx_cf_im_net_cashflow_oper_act,1,0.0402031466471457,False
61,dp_ttm,1,0.03913357659325203,False
62,intraday_vol_ratio_5d,1,0.03890056505846783,False
63,cyqp_mean_median_gap,1,0.03724984697875944,False
64,cp_margin_trend_div,1,0.035826143248506456,False
65,overnight_ma_5d,1,0.035789907868428394,False
66,ep_ttm,1,0.035575382858577725,False
67,ret_autocorr_1d_20,1,0.03323679137018961,False
68,gap_up_fade_freq_20d,1,0.032889555602730575,False
69,dividend_yield_3y_avg,1,0.03156496772025486,False
70,mf_big_order_net_kurt_20,1,0.03155654264838473,False
71,amihud_asymmetry_20,1,0.031451463367460394,False
72,mfx_minute_weighted_pressure,1,0.03088796494058904,False
73,hammer_ratio_20d,1,0.030050372352337193,False
74,overnight_gap_vol_20,1,0.03004855789355462,False
75,dv_stability_4q,1,0.029660475775904523,False
