signal_date,selected_top2,execution_date,copied_from_v24_membership_audit
2024-01-02,601939.SH;601398.SH,2024-01-03,True
2024-02-01,601398.SH;601988.SH,2024-02-02,True
2024-03-01,601939.SH;601288.SH,2024-03-04,True
2024-04-01,601939.SH;601988.SH,2024-04-02,True
2024-05-06,601939.SH;601398.SH,2024-05-07,True
2024-06-03,601288.SH;601939.SH,2024-06-04,True
2024-07-01,601398.SH;601288.SH,2024-07-02,True
2024-08-01,601939.SH;601988.SH,2024-08-02,True
2024-09-02,601988.SH;601288.SH,2024-09-03,True
2024-10-08,601939.SH;601988.SH,2024-10-09,True
2024-11-01,601939.SH;601398.SH,2024-11-04,True
2024-12-02,601988.SH;601288.SH,2024-12-03,True
2025-01-02,601398.SH;601939.SH,2025-01-03,True
2025-02-05,601398.SH;601939.SH,2025-02-06,True
2025-03-03,601988.SH;601398.SH,2025-03-04,True
2025-04-01,601988.SH;601939.SH,2025-04-02,True
2025-05-06,601939.SH;601398.SH,2025-05-07,True
2025-06-03,601288.SH;601398.SH,2025-06-04,True
2025-07-01,601939.SH;601398.SH,2025-07-02,True
2025-08-01,601288.SH;601939.SH,2025-08-04,True
2025-09-01,601939.SH;601398.SH,2025-09-02,True
2025-10-09,601288.SH;601939.SH,2025-10-10,True
2025-11-03,601988.SH;601939.SH,2025-11-04,True
2025-12-01,601288.SH;601398.SH,2025-12-02,True
2026-01-05,601988.SH;601939.SH,2026-01-06,True
2026-02-02,601988.SH;601398.SH,2026-02-03,True
2026-03-02,601939.SH;601988.SH,2026-03-03,True
2026-04-01,601988.SH;601288.SH,2026-04-02,True
2026-05-06,601939.SH;601288.SH,2026-05-07,True
2026-06-01,601288.SH;601398.SH,2026-06-02,True
