trade_date,strategy,stock_code,side,shares,open,fill,notional,fee,slippage_cost,reason
2024-01-03,V24 stable-factor consensus Top2,601398.SH,buy,10400,4.79,4.791437,49830.9448,12.95604565,14.9448,monthly_rebalance
2024-01-03,V24 stable-factor consensus Top2,601939.SH,buy,7600,6.55,6.551965,49794.934,12.94668284,14.934,monthly_rebalance
2024-02-02,V24 stable-factor consensus Top2,601398.SH,sell,100,5.14,5.138458,513.8458,5.262061358,0.1542,monthly_rebalance
2024-02-02,V24 stable-factor consensus Top2,601939.SH,sell,7600,6.85,6.847945,52044.382,39.55373032,15.618,monthly_rebalance
2024-02-02,V24 stable-factor consensus Top2,601988.SH,buy,12300,4.28,4.281284,52659.7932,13.69154623,15.7932,monthly_rebalance
2024-03-04,V24 stable-factor consensus Top2,601398.SH,sell,10300,5.32,5.318404,54779.5612,41.63246651,16.4388,monthly_rebalance
2024-03-04,V24 stable-factor consensus Top2,601988.SH,sell,12300,4.47,4.468659,54964.5057,41.77302433,16.4943,monthly_rebalance
2024-03-04,V24 stable-factor consensus Top2,601288.SH,buy,12900,4.24,4.241272,54712.4088,14.22522629,16.4088,monthly_rebalance
2024-03-04,V24 stable-factor consensus Top2,601939.SH,buy,7800,7.02,7.022106,54772.4268,14.24083097,16.4268,monthly_rebalance
2024-04-02,V24 stable-factor consensus Top2,601288.SH,sell,12900,4.23,4.228731,54550.6299,41.45847872,16.3701,monthly_rebalance
2024-04-02,V24 stable-factor consensus Top2,601988.SH,buy,12100,4.47,4.471341,54103.2261,14.06683879,16.2261,monthly_rebalance
2024-05-07,V24 stable-factor consensus Top2,601988.SH,sell,12100,4.48,4.478656,54191.7376,41.18572058,16.2624,monthly_rebalance
2024-05-07,V24 stable-factor consensus Top2,601398.SH,buy,10200,5.37,5.371611,54790.4322,14.24551237,16.4322,monthly_rebalance
2024-06-04,V24 stable-factor consensus Top2,601398.SH,sell,10200,5.44,5.438368,55471.3536,42.15822874,16.6464,monthly_rebalance
2024-06-04,V24 stable-factor consensus Top2,601288.SH,buy,12500,4.41,4.411323,55141.5375,14.33679975,16.5375,monthly_rebalance
2024-07-02,V24 stable-factor consensus Top2,601939.SH,sell,7800,7.55,7.547735,58872.333,44.74297308,17.667,monthly_rebalance
2024-07-02,V24 stable-factor consensus Top2,601398.SH,buy,10100,5.82,5.821746,58799.6346,15.287905,17.6346,monthly_rebalance
2024-08-02,V24 stable-factor consensus Top2,601288.SH,sell,13186.4703,4.62,4.618614,60903.21631,46.2864444,18.27644783,monthly_rebalance
2024-08-02,V24 stable-factor consensus Top2,601398.SH,sell,10631.6503,5.85,5.848245,62176.49552,47.2541366,18.65854622,monthly_rebalance
2024-08-02,V24 stable-factor consensus Top2,601939.SH,buy,8200,7.46,7.462238,61190.3516,15.90949142,18.3516,monthly_rebalance
2024-08-02,V24 stable-factor consensus Top2,601988.SH,buy,13100,4.69,4.691407,61457.4317,15.97893224,18.4317,monthly_rebalance
2024-09-03,V24 stable-factor consensus Top2,601939.SH,sell,8200,7.49,7.487753,61399.5746,46.6636767,18.4254,monthly_rebalance
2024-09-03,V24 stable-factor consensus Top2,601988.SH,sell,100,4.88,4.878536,487.8536,5.248805336,0.1464,monthly_rebalance
2024-09-03,V24 stable-factor consensus Top2,601288.SH,buy,13300,4.68,4.681404,62262.6732,16.18829503,18.6732,monthly_rebalance
2024-10-09,V24 stable-factor consensus Top2,601288.SH,sell,13300,4.72,4.718584,62757.1672,47.69544707,18.8328,monthly_rebalance
2024-10-09,V24 stable-factor consensus Top2,601988.SH,sell,100,4.95,4.948515,494.8515,5.252374265,0.1485,monthly_rebalance
2024-10-09,V24 stable-factor consensus Top2,601939.SH,buy,8000,7.91,7.912373,63298.984,16.45773584,18.984,monthly_rebalance
2024-11-04,V24 stable-factor consensus Top2,601988.SH,sell,12900,4.89,4.888533,63062.0757,47.92717753,18.9243,monthly_rebalance
2024-11-04,V24 stable-factor consensus Top2,601398.SH,buy,10200,6.15,6.151845,62748.819,16.31469294,18.819,monthly_rebalance
2024-12-03,V24 stable-factor consensus Top2,601398.SH,sell,10200,6.13,6.128161,62507.2422,47.50550407,18.7578,monthly_rebalance
2024-12-03,V24 stable-factor consensus Top2,601939.SH,sell,8000,7.94,7.937618,63500.944,48.26071744,19.056,monthly_rebalance
2024-12-03,V24 stable-factor consensus Top2,601288.SH,buy,13100,4.81,4.811443,63029.9033,16.38777486,18.9033,monthly_rebalance
2024-12-03,V24 stable-factor consensus Top2,601988.SH,buy,12600,5.01,5.011503,63144.9378,16.41768383,18.9378,monthly_rebalance
2025-01-03,V24 stable-factor consensus Top2,601288.SH,sell,13100,5.19,5.188443,67968.6033,51.65613851,20.3967,monthly_rebalance
2025-01-03,V24 stable-factor consensus Top2,601988.SH,sell,12600,5.37,5.368389,67641.7014,51.40769306,20.2986,monthly_rebalance
2025-01-03,V24 stable-factor consensus Top2,601398.SH,buy,9900,6.81,6.812043,67439.2257,17.53419868,20.2257,monthly_rebalance
2025-01-03,V24 stable-factor consensus Top2,601939.SH,buy,7800,8.59,8.592577,67022.1006,17.42574616,20.1006,monthly_rebalance
2025-03-04,V24 stable-factor consensus Top2,601939.SH,sell,7982.3446,8.48,8.477456,67669.97525,51.42918119,20.3070847,monthly_rebalance
2025-03-04,V24 stable-factor consensus Top2,601988.SH,buy,12600,5.41,5.411623,68186.4498,17.72847695,20.4498,monthly_rebalance
2025-04-02,V24 stable-factor consensus Top2,601398.SH,sell,10109.8866,6.79,6.787963,68625.53591,52.15540729,20.59383893,monthly_rebalance
2025-04-02,V24 stable-factor consensus Top2,601939.SH,buy,7900,8.66,8.662598,68434.5242,17.79297629,20.5242,monthly_rebalance
2025-05-07,V24 stable-factor consensus Top2,601988.SH,sell,12864.9533,5.52,5.518344,70993.23769,53.95486065,21.30436262,monthly_rebalance
2025-05-07,V24 stable-factor consensus Top2,601398.SH,buy,10200,7.01,7.012103,71523.4506,18.59609716,21.4506,monthly_rebalance
2025-06-04,V24 stable-factor consensus Top2,601939.SH,sell,8082.4503,9.07,9.067279,73285.83216,55.69723244,21.99234735,monthly_rebalance
2025-06-04,V24 stable-factor consensus Top2,601288.SH,buy,13000,5.58,5.581674,72561.762,18.86605812,21.762,monthly_rebalance
2025-07-02,V24 stable-factor consensus Top2,601288.SH,sell,13000,5.97,5.968209,77586.717,58.96590492,23.283,monthly_rebalance
2025-07-02,V24 stable-factor consensus Top2,601939.SH,buy,8000,9.75,9.752925,78023.4,20.286084,23.4,monthly_rebalance
2025-08-04,V24 stable-factor consensus Top2,601398.SH,sell,10407.9381,7.63,7.627711,79388.74388,60.33544535,23.82377029,monthly_rebalance
2025-08-04,V24 stable-factor consensus Top2,601288.SH,buy,12200,6.34,6.341902,77371.2044,20.11651314,23.2044,monthly_rebalance
2025-08-04,V24 stable-factor consensus Top2,601939.SH,buy,200,9.4,9.40282,1880.564,5.01880564,0.564,monthly_rebalance
2025-09-02,V24 stable-factor consensus Top2,601288.SH,sell,12200,7.03,7.027891,85740.2702,65.16260535,25.7298,monthly_rebalance
2025-09-02,V24 stable-factor consensus Top2,601398.SH,buy,10800,7.37,7.372211,79619.8788,20.70116849,23.8788,monthly_rebalance
2025-09-02,V24 stable-factor consensus Top2,601939.SH,buy,600,9.04,9.042712,5425.6272,5.054256272,1.6272,monthly_rebalance
2025-10-10,V24 stable-factor consensus Top2,601398.SH,sell,10800,7.29,7.287813,78708.3804,59.8183691,23.6196,monthly_rebalance
2025-10-10,V24 stable-factor consensus Top2,601288.SH,buy,11600,6.7,6.70201,77743.316,20.21326216,23.316,monthly_rebalance
2025-10-10,V24 stable-factor consensus Top2,601939.SH,buy,100,8.64,8.642592,864.2592,5.008642592,0.2592,monthly_rebalance
2025-11-04,V24 stable-factor consensus Top2,601288.SH,sell,11600,8.01,8.007597,92888.1252,70.59497515,27.8748,monthly_rebalance
2025-11-04,V24 stable-factor consensus Top2,601939.SH,buy,500,9.34,9.342802,4671.401,5.04671401,1.401,monthly_rebalance
2025-11-04,V24 stable-factor consensus Top2,601988.SH,buy,15500,5.68,5.681704,88066.412,22.89726712,26.412,monthly_rebalance
2025-12-02,V24 stable-factor consensus Top2,601939.SH,sell,9400,9.64,9.637108,90588.8152,68.84749955,27.1848,monthly_rebalance
2025-12-02,V24 stable-factor consensus Top2,601988.SH,sell,15500,6.07,6.068179,94056.7745,71.48314862,28.2255,monthly_rebalance
2025-12-02,V24 stable-factor consensus Top2,601288.SH,buy,11600,7.97,7.972391,92479.7356,24.04473126,27.7356,monthly_rebalance
2025-12-02,V24 stable-factor consensus Top2,601398.SH,buy,11400,8.09,8.092427,92253.6678,23.98595363,27.6678,monthly_rebalance
2026-01-06,V24 stable-factor consensus Top2,601288.SH,sell,11783.3598,7.57,7.567729,89173.27332,67.77168773,26.76001,monthly_rebalance
2026-01-06,V24 stable-factor consensus Top2,601398.SH,sell,11604.0528,7.81,7.807657,90600.4644,68.85635294,27.18829581,monthly_rebalance
2026-01-06,V24 stable-factor consensus Top2,601939.SH,buy,9700,9.24,9.242772,89654.8884,23.31027098,26.8884,monthly_rebalance
2026-01-06,V24 stable-factor consensus Top2,601988.SH,buy,15900,5.67,5.671701,90180.0459,23.44681193,27.0459,monthly_rebalance
2026-02-03,V24 stable-factor consensus Top2,601939.SH,sell,9700,8.78,8.777366,85140.4502,64.70674215,25.5498,monthly_rebalance
2026-02-03,V24 stable-factor consensus Top2,601398.SH,buy,11600,7.3,7.30219,84705.404,22.02340504,25.404,monthly_rebalance
2026-03-03,V24 stable-factor consensus Top2,601398.SH,sell,11600,6.95,6.947915,80595.814,61.25281864,24.186,monthly_rebalance
2026-03-03,V24 stable-factor consensus Top2,601988.SH,sell,200,5.3,5.29841,1059.682,5.54043782,0.318,monthly_rebalance
2026-03-03,V24 stable-factor consensus Top2,601939.SH,buy,9400,8.7,8.70261,81804.534,21.26917884,24.534,monthly_rebalance
2026-04-02,V24 stable-factor consensus Top2,601939.SH,sell,9400,9.45,9.447165,88803.351,67.49054676,26.649,monthly_rebalance
2026-04-02,V24 stable-factor consensus Top2,601988.SH,sell,200,5.87,5.868239,1173.6478,5.598560378,0.3522,monthly_rebalance
2026-04-02,V24 stable-factor consensus Top2,601288.SH,buy,13400,6.72,6.722016,90075.0144,23.41950374,27.0144,monthly_rebalance
2026-05-07,V24 stable-factor consensus Top2,601288.SH,sell,200,6.83,6.827951,1365.5902,5.696451002,0.4098,monthly_rebalance
2026-05-07,V24 stable-factor consensus Top2,601988.SH,sell,15500,5.71,5.708287,88478.4485,67.24362086,26.5515,monthly_rebalance
2026-05-07,V24 stable-factor consensus Top2,601939.SH,buy,9200,9.75,9.752925,89726.91,23.3289966,26.91,monthly_rebalance
2026-06-02,V24 stable-factor consensus Top2,601939.SH,sell,9200,10.06,10.056982,92524.2344,70.31841814,27.7656,monthly_rebalance
2026-06-02,V24 stable-factor consensus Top2,601288.SH,buy,400,6.5,6.50195,2600.78,5.0260078,0.78,monthly_rebalance
2026-06-02,V24 stable-factor consensus Top2,601398.SH,buy,12300,7.3,7.30219,89816.937,23.35240362,26.937,monthly_rebalance
