date,signal_date,code,side,qty,reference_price,fill_price,notional,fee,exit_at_close
2023-01-04,2023-01-03,601988.SH,buy,18400.0,3.16,3.160948,58161.443199999994,15.121975231999999,False
2023-01-04,2023-01-03,601939.SH,buy,7300.0,5.63,5.631689,41111.329699999995,10.688945722,False
2023-02-02,2023-02-01,601939.SH,sell,7300.0,5.62,5.618314000000001,41013.692200000005,31.170406072000006,False
2023-02-02,2023-02-01,601988.SH,sell,2600.0,3.22,3.219034,8369.4884,9.268439084,False
2023-02-02,2023-02-01,601288.SH,buy,17000.0,2.92,2.920876,49654.892,12.910271920000001,False
2023-03-02,2023-03-01,601988.SH,sell,2400.0,3.24,3.2390280000000002,7773.667200000001,8.964570272000001,False
2023-03-02,2023-03-01,601288.SH,buy,2700.0,2.93,2.930879,7913.3733,5.079133733,False
2023-05-05,2023-05-04,601988.SH,sell,100.0,3.93,3.928821,392.88210000000004,5.2003698709999995,False
2023-05-05,2023-05-04,601288.SH,buy,100.0,3.59,3.591077,359.10769999999997,5.003591077,False
2023-06-02,2023-06-01,601288.SH,sell,800.0,3.46,3.458962,2767.1696,6.411256496,False
2023-06-02,2023-06-01,601988.SH,buy,700.0,3.91,3.9111730000000002,2737.8211,5.027378211,False
2023-07-04,2023-07-03,601288.SH,sell,2200.0,3.62,3.618914,7961.6108,9.060421508000001,False
2023-07-04,2023-07-03,601988.SH,buy,1900.0,3.98,3.981194,7564.268599999999,5.075642686,False
2023-08-02,2023-08-01,601988.SH,sell,1900.0,3.9,3.8988300000000002,7407.777,8.77796627,False
2023-08-02,2023-08-01,601288.SH,buy,2200.0,3.61,3.611083,7944.3826,5.079443826,False
2023-09-04,2023-09-01,601288.SH,sell,1100.0,3.45,3.4489650000000003,3793.8615000000004,6.934869365,False
2023-09-04,2023-09-01,601988.SH,buy,1000.0,3.72,3.721116,3721.116,5.03721116,False
2023-10-10,2023-10-09,601288.SH,sell,2000.0,3.6,3.59892,7197.84,8.6708984,False
2023-10-10,2023-10-09,601988.SH,sell,15972.073918478338,3.76,3.7588719999999998,60036.9814340985,45.62810588991486,False
2023-10-10,2023-10-09,601939.SH,buy,10700.0,6.28,6.281884,67216.1588,17.476201288000002,False
2023-11-02,2023-11-01,601288.SH,sell,16980.127523910734,3.63,3.628911,61619.37155292243,46.83072238022105,False
2023-11-02,2023-11-01,601939.SH,sell,2200.0,6.28,6.278116000000001,13811.855200000002,12.044046152,False
2023-11-02,2023-11-01,601398.SH,buy,15700.0,4.78,4.781434,75068.5138,19.517813588000003,False
2023-12-04,2023-12-01,601398.SH,sell,15700.0,4.81,4.8085569999999995,75494.3449,57.375702124,False
2023-12-04,2023-12-01,601988.SH,buy,16500.0,4.03,4.0312090000000005,66514.94850000001,17.293886610000005,False
2023-12-04,2023-12-01,601939.SH,buy,1400.0,6.38,6.381914,8934.6796,5.089346796,False
2024-01-03,2024-01-02,601988.SH,sell,2300.0,4.01,4.0087969999999995,9220.2331,9.702318881,False
2024-01-03,2024-01-02,601939.SH,buy,1400.0,6.55,6.551965,9172.751,5.09172751,False
2024-02-02,2024-02-01,601988.SH,sell,600.0,4.28,4.278716,2567.2296,6.309287096,False
2024-02-02,2024-02-01,601939.SH,buy,400.0,6.85,6.852054999999999,2740.8219999999997,5.02740822,False
2024-03-04,2024-03-01,601939.SH,sell,11700.0,7.02,7.017894,82109.3598,62.403113448000006,False
2024-03-04,2024-03-01,601288.SH,buy,18700.0,4.24,4.241272,79311.78640000001,20.621064464000003,False
2024-03-04,2024-03-01,601988.SH,buy,600.0,4.47,4.471341,2682.8046,5.026828046,False
2024-04-02,2024-04-01,601288.SH,sell,2200.0,4.23,4.228731000000001,9303.208200000001,9.744636182,False
2024-04-02,2024-04-01,601988.SH,buy,2000.0,4.47,4.471341,8942.681999999999,5.08942682,False
2024-05-07,2024-05-06,601288.SH,sell,1100.0,4.34,4.338698,4772.5678,7.4340095779999995,False
2024-05-07,2024-05-06,601988.SH,sell,16200.0,4.48,4.478656000000001,72554.22720000001,55.14121267200001,False
2024-05-07,2024-05-06,601398.SH,buy,14400.0,5.37,5.371611,77351.1984,20.111311584,False
2024-06-04,2024-06-03,601288.SH,sell,900.0,4.41,4.408677,3967.8093,7.023582743,False
2024-06-04,2024-06-03,601398.SH,buy,700.0,5.44,5.441632,3809.1424,5.038091424,False
2024-07-02,2024-07-01,601398.SH,sell,400.0,5.82,5.8182540000000005,2327.3016000000002,6.186923816,False
2024-07-02,2024-07-01,601288.SH,buy,500.0,4.44,4.441332,2220.666,5.02220666,False
2024-08-02,2024-08-01,601288.SH,sell,15796.305541687467,4.62,4.618614,72957.03792311532,55.447348821567644,False
2024-08-02,2024-08-01,601398.SH,sell,1800.0,5.85,5.8482449999999995,10526.840999999999,10.36868891,False
2024-08-02,2024-08-01,601939.SH,buy,11200.0,7.46,7.462238,83577.0656,21.730037056,False
2024-09-03,2024-09-02,601398.SH,sell,300.0,5.93,5.928221,1778.4662999999998,5.9070178129999995,False
2024-09-03,2024-09-02,601939.SH,sell,11200.0,7.49,7.4877530000000005,83862.83360000001,63.73575353600001,False
2024-09-03,2024-09-02,601988.SH,buy,17600.0,4.88,4.881463999999999,85913.7664,22.337579264,False
2024-10-09,2024-10-08,601398.SH,sell,13373.78801431127,6.06,6.0581819999999995,81020.84182011627,61.57583978328837,False
2024-10-09,2024-10-08,601988.SH,sell,200.0,4.95,4.948515,989.7030000000001,5.5047485300000005,False
2024-10-09,2024-10-08,601939.SH,buy,10300.0,7.91,7.912373,81497.44189999999,21.189334893999998,False
2024-11-04,2024-11-01,601939.SH,sell,600.0,8.07,8.067579,4840.5474,7.468679174,False
2024-11-04,2024-11-01,601988.SH,sell,17400.0,4.89,4.888533,85060.4742,64.645960392,False
2024-11-04,2024-11-01,601398.SH,buy,14600.0,6.15,6.151845,89816.93699999999,23.35240362,False
2024-12-03,2024-12-02,601398.SH,sell,14600.0,6.13,6.128161,89471.15060000001,67.99807445600001,False
2024-12-03,2024-12-02,601939.SH,sell,9700.0,7.94,7.9376180000000005,76994.8946,58.51611989599999,False
2024-12-03,2024-12-02,601288.SH,buy,17300.0,4.81,4.811443,83237.96389999999,21.641870613999995,False
2024-12-03,2024-12-02,601988.SH,buy,16600.0,5.01,5.011502999999999,83190.94979999999,21.629646947999994,False
2025-01-03,2025-01-02,601288.SH,sell,17300.0,5.19,5.188443,89760.06390000001,68.217648564,False
2025-01-03,2025-01-02,601398.SH,buy,12200.0,6.81,6.812042999999999,83106.92459999998,21.607800395999995,False
2025-01-03,2025-01-02,601988.SH,buy,1200.0,5.37,5.371611,6445.9331999999995,5.064459332,False
2025-02-06,2025-02-05,601988.SH,sell,2100.0,5.33,5.328401,11189.642100000001,10.706717471000001,False
2025-02-06,2025-02-05,601398.SH,buy,1600.0,6.7,6.70201,10723.215999999999,5.10723216,False
2025-03-04,2025-03-03,601398.SH,sell,300.0,6.82,6.817954,2045.3862000000001,6.043146962,False
2025-03-04,2025-03-03,601988.SH,buy,400.0,5.41,5.411623,2164.6492,5.021646492,False
2025-04-02,2025-04-01,601398.SH,sell,13758.648085992269,6.79,6.787963,93393.19413773634,70.97882754467962,False
2025-04-02,2025-04-01,601988.SH,buy,2500.0,5.5,5.50165,13754.125,5.13754125,False
2025-04-02,2025-04-01,601939.SH,buy,9200.0,8.66,8.662598,79695.9016,20.720934416,False
2025-05-07,2025-05-06,601988.SH,sell,19411.340832412414,5.52,5.518344,107118.45621449804,81.41002672301852,False
2025-05-07,2025-05-06,601939.SH,buy,2100.0,9.11,9.112732999999999,19136.739299999997,5.191367393,False
2025-05-07,2025-05-06,601288.SH,buy,16400.0,5.4,5.40162,88586.568,23.03250768,False
2025-07-02,2025-07-01,601939.SH,sell,800.0,9.75,9.747075,7797.660000000001,8.976806600000002,False
2025-07-02,2025-07-01,601288.SH,buy,1300.0,5.97,5.971791,7763.328299999999,5.077633283,False
2025-08-04,2025-08-01,601288.SH,sell,1400.0,6.34,6.3380980000000005,8873.3372,9.525401972000001,False
2025-08-04,2025-08-01,601939.SH,sell,10760.973258445803,9.4,9.39718,101122.80268480175,76.85333004044934,False
2025-08-04,2025-08-01,601398.SH,buy,14400.0,7.63,7.632288999999999,109904.9616,28.575290015999997,False
2025-09-02,2025-09-01,601288.SH,sell,3400.0,7.03,7.027891,23894.829400000002,18.160070344,False
2025-09-02,2025-09-01,601398.SH,buy,3200.0,7.37,7.372211,23591.0752,6.133679551999999,False
2025-10-10,2025-10-09,601288.SH,sell,800.0,6.7,6.697990000000001,5358.392000000001,7.7327799200000005,False
2025-10-10,2025-10-09,601398.SH,buy,700.0,7.29,7.292187,5104.5309,5.051045309,False
2025-11-04,2025-11-03,601398.SH,sell,1100.0,7.89,7.887633,8676.3963,9.424962113,False
2025-11-04,2025-11-03,601288.SH,buy,1100.0,8.01,8.012402999999999,8813.6433,5.088136433,False
2025-12-02,2025-12-01,601398.SH,sell,17200.0,8.09,8.087573,139106.2556,105.72075425599999,False
2025-12-02,2025-12-01,601288.SH,buy,2500.0,7.97,7.972390999999999,19930.977499999997,5.199309775,False
2025-12-02,2025-12-01,601988.SH,buy,19500.0,6.07,6.071821,118400.5095,30.78413247,False
2026-01-06,2026-01-05,601288.SH,sell,4000.0,7.57,7.567729000000001,30270.916000000005,23.005896160000006,False
2026-01-06,2026-01-05,601988.SH,buy,5400.0,5.67,5.671701,30627.1854,7.963068204,False
2026-02-03,2026-02-02,601288.SH,sell,12327.337366243532,6.75,6.747975,83184.5643639772,63.22026891662267,False
2026-02-03,2026-02-02,601988.SH,sell,4700.0,5.4,5.39838,25372.386000000002,19.28301336,False
2026-02-03,2026-02-02,601939.SH,buy,12400.0,8.78,8.782634,108904.66159999999,28.315212016,False
2026-03-03,2026-03-02,601988.SH,sell,200.0,5.3,5.29841,1059.682,5.54043782,False
2026-03-03,2026-03-02,601939.SH,buy,100.0,8.7,8.702609999999998,870.2609999999999,5.00870261,False
2026-04-02,2026-04-01,601988.SH,sell,800.0,5.87,5.868239,4694.5912,7.394241512,False
2026-04-02,2026-04-01,601939.SH,buy,500.0,9.45,9.452834999999999,4726.4175,5.047264175,False
2026-05-07,2026-05-06,601939.SH,sell,2400.0,9.75,9.747075,23392.980000000003,17.778664800000005,False
2026-05-07,2026-05-06,601988.SH,buy,4000.0,5.71,5.711713,22846.852,5.940181519999999,False
2026-06-02,2026-06-01,601988.SH,sell,500.0,5.93,5.928221,2964.1105,6.511696355,False
2026-06-02,2026-06-01,601939.SH,buy,300.0,10.06,10.063018,3018.9053999999996,5.030189054,False
2026-07-02,2026-07-01,601988.SH,sell,5900.0,5.66,5.658302,33383.9818,25.371826168,False
2026-07-02,2026-07-01,601939.SH,buy,3500.0,9.59,9.592877,33575.0695,8.72951807,False
2026-08-04,2026-08-03,601939.SH,sell,3900.0,10.3,10.29691,40157.949,30.52004124,False
2026-08-04,2026-08-03,601988.SH,sell,17541.080580066005,5.98,5.978206000000001,104864.1931702341,79.69678680937793,False
2026-08-04,2026-08-03,601398.SH,buy,18400.0,7.87,7.872361,144851.4424,37.661375024,False
2026-09-02,2026-09-01,601398.SH,sell,18400.0,8.19,8.187543,150650.7912,114.49460131200001,False
2026-09-02,2026-09-01,601988.SH,buy,15600.0,6.67,6.672001,104083.2156,27.061636056,False
2026-09-02,2026-09-01,601939.SH,buy,4200.0,11.1,11.10333,46633.986,12.12483636,False
2026-09-24,2026-09-23,601939.SH,sell,14992.92248435243,10.98,10.976706,164572.90219152623,125.07540566555994,True
2026-09-24,2026-09-23,601988.SH,sell,15600.0,6.62,6.6180140000000005,103241.0184,78.46317398400001,True
