date,signal_date,code,side,qty,notional,fee
2025-07-02,2025-07-01,601288.SH,buy,8300.0,49565.8653,12.887124978
2025-07-02,2025-07-01,601939.SH,buy,5100.0,49739.917499999996,12.93237855
2025-08-04,2025-08-01,601288.SH,sell,400.0,2535.2392,6.292971992
2025-08-04,2025-08-01,601939.SH,sell,5100.0,47925.618,36.42346968
2025-08-04,2025-08-01,601398.SH,buy,6600.0,50373.10739999999,13.097007923999998
2025-09-02,2025-09-01,601288.SH,sell,500.0,3513.9455000000003,6.7921122050000005
2025-09-02,2025-09-01,601398.SH,buy,500.0,3686.1055,5.036861055
2025-10-10,2025-10-09,601398.SH,sell,100.0,728.7813,5.371678462999999
2025-11-04,2025-11-03,601288.SH,sell,200.0,1601.5194000000001,5.816774894000001
2025-11-04,2025-11-03,601398.SH,buy,300.0,2367.7101,5.023677101
2025-12-02,2025-12-01,601398.SH,sell,7300.0,59039.282900000006,44.869855004
2025-12-02,2025-12-01,601988.SH,buy,9700.0,58896.6637,15.313132562
2026-02-03,2026-02-02,601288.SH,sell,7491.612113428117,50553.2112511101,38.42044055084368
2026-02-03,2026-02-02,601988.SH,sell,200.0,1079.6760000000002,5.5506347599999994
2026-02-03,2026-02-02,601939.SH,buy,5900.0,51817.5406,13.472560556
2026-05-07,2026-05-06,601939.SH,sell,100.0,974.7075000000001,5.497100825
2026-05-07,2026-05-06,601988.SH,buy,200.0,1142.3426,5.011423426
2026-06-30,2026-06-29,601939.SH,sell,5800.0,56649.000199999995,43.053240152
2026-06-30,2026-06-29,601988.SH,sell,9889.055472263868,56943.871232383804,43.27734213661169
