window,scenario,quarter,ledger_sessions,net_return,same_hold_no_fee_return,cost_execution_friction_gap
official_242d,rank_fusion_top2,2025Q3,66,0.050456679510441305,0.05129041305992055,-0.000833733549479243
official_242d,rank_fusion_top2,2025Q4,60,0.13154331471137115,0.13260782355702871,-0.0010645088456575635
official_242d,rank_fusion_top2,2026Q1,56,-0.019403484058266196,-0.017732900030486665,-0.0016705840277795314
official_242d,rank_fusion_top2,2026Q2,60,-0.04520876519522621,-0.042061400590914344,-0.003147364604311864
official_242d,monthly_top2_60d,2025Q3,66,0.024883319857003983,0.026451905912068252,-0.0015685860550642694
official_242d,monthly_top2_60d,2025Q4,60,0.10698909419746161,0.1080579801885706,-0.001068885991108992
official_242d,monthly_top2_60d,2026Q1,56,-0.016988978508989394,-0.016156086143197523,-0.0008328923657918708
official_242d,monthly_top2_60d,2026Q2,60,0.019958316648902574,0.0200587752752881,-0.0001004586263855245
official_242d,four_bank_equal_weight_hold,2025Q3,66,-0.02484678574901844,-0.024309437930209787,-0.0005373478188086533
official_242d,four_bank_equal_weight_hold,2025Q4,60,0.11657442187125722,0.11657442187125744,-2.220446049250313e-16
official_242d,four_bank_equal_weight_hold,2026Q1,56,-0.0425942664663288,-0.042594266466329245,4.440892098500626e-16
official_242d,four_bank_equal_weight_hold,2026Q2,60,-0.005308758244600975,-0.005308758244600531,-4.440892098500626e-16
