signal_date,feature,stock_code,feature_value_at_signal_close,rank_descending,selected_top2,target_weight,execution_date_t1_open,selection_input_cutoff,uses_post_signal_data
2024-01-02,rel_mom_ind_250d,601288.SH,0.857888817787,1,True,0.5,2024-01-03,signal-date close,False
2024-01-02,rel_mom_ind_250d,601988.SH,0.845847964287,2,True,0.5,2024-01-03,signal-date close,False
2024-01-02,rel_mom_ind_250d,601939.SH,0.41282582283,3,False,0,2024-01-03,signal-date close,False
2024-01-02,rel_mom_ind_250d,601398.SH,0.171300932765,4,False,0,2024-01-03,signal-date close,False
2024-02-01,rel_mom_ind_250d,601288.SH,1.38987314701,1,True,0.5,2024-02-02,signal-date close,False
2024-02-01,rel_mom_ind_250d,601988.SH,1.31343984604,2,True,0.5,2024-02-02,signal-date close,False
2024-02-01,rel_mom_ind_250d,601939.SH,0.759137392044,3,False,0,2024-02-02,signal-date close,False
2024-02-01,rel_mom_ind_250d,601398.SH,0.62615031004,4,False,0,2024-02-02,signal-date close,False
2024-03-01,rel_mom_ind_250d,601288.SH,1.45282661915,1,True,0.5,2024-03-04,signal-date close,False
2024-03-01,rel_mom_ind_250d,601988.SH,1.14689195156,2,True,0.5,2024-03-04,signal-date close,False
2024-03-01,rel_mom_ind_250d,601939.SH,0.536729454994,3,False,0,2024-03-04,signal-date close,False
2024-03-01,rel_mom_ind_250d,601398.SH,0.482510924339,4,False,0,2024-03-04,signal-date close,False
2024-04-01,rel_mom_ind_250d,601288.SH,1.02898180485,1,True,0.5,2024-04-02,signal-date close,False
2024-04-01,rel_mom_ind_250d,601988.SH,0.615912735462,2,True,0.5,2024-04-02,signal-date close,False
2024-04-01,rel_mom_ind_250d,601398.SH,0.131383836269,3,False,0,2024-04-02,signal-date close,False
2024-04-01,rel_mom_ind_250d,601939.SH,0.0118630137295,4,False,0,2024-04-02,signal-date close,False
2024-05-06,rel_mom_ind_250d,601288.SH,0.720120549202,1,True,0.5,2024-05-07,signal-date close,False
2024-05-06,rel_mom_ind_250d,601988.SH,0.479392200708,2,True,0.5,2024-05-07,signal-date close,False
2024-05-06,rel_mom_ind_250d,601398.SH,-0.0056132292375,3,False,0,2024-05-07,signal-date close,False
2024-05-06,rel_mom_ind_250d,601939.SH,-0.0592415221035,4,False,0,2024-05-07,signal-date close,False
2024-06-03,rel_mom_ind_250d,601288.SH,0.664178609848,1,True,0.5,2024-06-04,signal-date close,False
2024-06-03,rel_mom_ind_250d,601398.SH,-0.021821051836,2,True,0.5,2024-06-04,signal-date close,False
2024-06-03,rel_mom_ind_250d,601988.SH,-0.0819671303034,3,False,0,2024-06-04,signal-date close,False
2024-06-03,rel_mom_ind_250d,601939.SH,-0.107192337513,4,False,0,2024-06-04,signal-date close,False
2024-07-01,rel_mom_ind_250d,601288.SH,0.770699203014,1,True,0.5,2024-07-02,signal-date close,False
2024-07-01,rel_mom_ind_250d,601939.SH,0.269662111998,2,True,0.5,2024-07-02,signal-date close,False
2024-07-01,rel_mom_ind_250d,601398.SH,0.231487810612,3,False,0,2024-07-02,signal-date close,False
2024-07-01,rel_mom_ind_250d,601988.SH,0.144204363227,4,False,0,2024-07-02,signal-date close,False
2024-08-01,rel_mom_ind_250d,601288.SH,0.853677093983,1,True,0.5,2024-08-02,signal-date close,False
2024-08-01,rel_mom_ind_250d,601398.SH,0.467729896307,2,True,0.5,2024-08-02,signal-date close,False
2024-08-01,rel_mom_ind_250d,601939.SH,0.400406718254,3,False,0,2024-08-02,signal-date close,False
2024-08-01,rel_mom_ind_250d,601988.SH,0.312283396721,4,False,0,2024-08-02,signal-date close,False
2024-09-02,rel_mom_ind_250d,601288.SH,0.912467956543,1,True,0.5,2024-09-03,signal-date close,False
2024-09-02,rel_mom_ind_250d,601988.SH,0.614434242249,2,True,0.5,2024-09-03,signal-date close,False
2024-09-02,rel_mom_ind_250d,601398.SH,0.583908379078,3,False,0,2024-09-03,signal-date close,False
2024-09-02,rel_mom_ind_250d,601939.SH,0.409748077393,4,False,0,2024-09-03,signal-date close,False
2024-10-08,rel_mom_ind_250d,601288.SH,0.557714283466,1,True,0.5,2024-10-09,signal-date close,False
2024-10-08,rel_mom_ind_250d,601988.SH,0.407001554966,2,True,0.5,2024-10-09,signal-date close,False
2024-10-08,rel_mom_ind_250d,601398.SH,0.300201892853,3,False,0,2024-10-09,signal-date close,False
2024-10-08,rel_mom_ind_250d,601939.SH,0.23629553616,4,False,0,2024-10-09,signal-date close,False
2024-11-01,rel_mom_ind_250d,601288.SH,0.277786880732,1,True,0.5,2024-11-04,signal-date close,False
2024-11-01,rel_mom_ind_250d,601398.SH,0.185884773731,2,True,0.5,2024-11-04,signal-date close,False
2024-11-01,rel_mom_ind_250d,601988.SH,0.0142694702372,3,False,0,2024-11-04,signal-date close,False
2024-11-01,rel_mom_ind_250d,601939.SH,-0.00188987178262,4,False,0,2024-11-04,signal-date close,False
2024-12-02,rel_mom_ind_250d,601288.SH,0.333388477564,1,True,0.5,2024-12-03,signal-date close,False
2024-12-02,rel_mom_ind_250d,601398.SH,0.125791922212,2,True,0.5,2024-12-03,signal-date close,False
2024-12-02,rel_mom_ind_250d,601988.SH,0.0681816935539,3,False,0,2024-12-03,signal-date close,False
2024-12-02,rel_mom_ind_250d,601939.SH,0.00155790755525,4,False,0,2024-12-03,signal-date close,False
2025-01-02,rel_mom_ind_250d,601288.SH,0.247287079692,1,True,0.5,2025-01-03,signal-date close,False
2025-01-02,rel_mom_ind_250d,601398.SH,0.175775676966,2,True,0.5,2025-01-03,signal-date close,False
2025-01-02,rel_mom_ind_250d,601988.SH,-0.159517809749,3,False,0,2025-01-03,signal-date close,False
2025-01-02,rel_mom_ind_250d,601939.SH,-0.167232334614,4,False,0,2025-01-03,signal-date close,False
2025-02-05,rel_mom_ind_250d,601398.SH,0.265463531017,1,True,0.5,2025-02-06,signal-date close,False
2025-02-05,rel_mom_ind_250d,601288.SH,0.212160676718,2,True,0.5,2025-02-06,signal-date close,False
2025-02-05,rel_mom_ind_250d,601988.SH,0.0022617529612,3,False,0,2025-02-06,signal-date close,False
2025-02-05,rel_mom_ind_250d,601939.SH,-0.153186663985,4,False,0,2025-02-06,signal-date close,False
2025-03-03,rel_mom_ind_250d,601398.SH,0.175133422017,1,True,0.5,2025-03-04,signal-date close,False
2025-03-03,rel_mom_ind_250d,601288.SH,0.0446017608047,2,True,0.5,2025-03-04,signal-date close,False
2025-03-03,rel_mom_ind_250d,601939.SH,-0.09589702636,3,False,0,2025-03-04,signal-date close,False
2025-03-03,rel_mom_ind_250d,601988.SH,-0.125618249178,4,False,0,2025-03-04,signal-date close,False
2025-04-01,rel_mom_ind_250d,601398.SH,0.230622604489,1,True,0.5,2025-04-02,signal-date close,False
2025-04-01,rel_mom_ind_250d,601939.SH,0.128750264645,2,True,0.5,2025-04-02,signal-date close,False
2025-04-01,rel_mom_ind_250d,601988.SH,0.0970265492797,3,False,0,2025-04-02,signal-date close,False
2025-04-01,rel_mom_ind_250d,601288.SH,-0.0200394019485,4,False,0,2025-04-02,signal-date close,False
2025-05-06,rel_mom_ind_250d,601398.SH,0.244412466884,1,True,0.5,2025-05-07,signal-date close,False
2025-05-06,rel_mom_ind_250d,601939.SH,0.171414062381,2,True,0.5,2025-05-07,signal-date close,False
2025-05-06,rel_mom_ind_250d,601288.SH,0.0106251835823,3,False,0,2025-05-07,signal-date close,False
2025-05-06,rel_mom_ind_250d,601988.SH,0.00618015509099,4,False,0,2025-05-07,signal-date close,False
2025-06-03,rel_mom_ind_250d,601939.SH,0.249138474464,1,True,0.5,2025-06-04,signal-date close,False
2025-06-03,rel_mom_ind_250d,601398.SH,0.208442807198,2,True,0.5,2025-06-04,signal-date close,False
2025-06-03,rel_mom_ind_250d,601288.SH,0.118753574789,3,False,0,2025-06-04,signal-date close,False
2025-06-03,rel_mom_ind_250d,601988.SH,0.054263766855,4,False,0,2025-06-04,signal-date close,False
2025-07-01,rel_mom_ind_250d,601398.SH,0.131335556507,1,True,0.5,2025-07-02,signal-date close,False
2025-07-01,rel_mom_ind_250d,601939.SH,0.115281559527,2,True,0.5,2025-07-02,signal-date close,False
2025-07-01,rel_mom_ind_250d,601288.SH,-0.0184608865529,3,False,0,2025-07-02,signal-date close,False
2025-07-01,rel_mom_ind_250d,601988.SH,-0.192209854722,4,False,0,2025-07-02,signal-date close,False
2025-08-01,rel_mom_ind_250d,601288.SH,0.163923144341,1,True,0.5,2025-08-04,signal-date close,False
2025-08-01,rel_mom_ind_250d,601398.SH,-0.00516849895939,2,True,0.5,2025-08-04,signal-date close,False
2025-08-01,rel_mom_ind_250d,601939.SH,-0.0877802893519,3,False,0,2025-08-04,signal-date close,False
2025-08-01,rel_mom_ind_250d,601988.SH,-0.294706195593,4,False,0,2025-08-04,signal-date close,False
2025-09-01,rel_mom_ind_250d,601288.SH,0.45456045866,1,True,0.5,2025-09-02,signal-date close,False
2025-09-01,rel_mom_ind_250d,601398.SH,-0.120449982584,2,True,0.5,2025-09-02,signal-date close,False
2025-09-01,rel_mom_ind_250d,601988.SH,-0.20045132935,3,False,0,2025-09-02,signal-date close,False
2025-09-01,rel_mom_ind_250d,601939.SH,-0.211193457246,4,False,0,2025-09-02,signal-date close,False
2025-10-09,rel_mom_ind_250d,601288.SH,0.501825869083,1,True,0.5,2025-10-10,signal-date close,False
2025-10-09,rel_mom_ind_250d,601398.SH,0.14403821528,2,True,0.5,2025-10-10,signal-date close,False
2025-10-09,rel_mom_ind_250d,601939.SH,-0.0408982038498,3,False,0,2025-10-10,signal-date close,False
2025-10-09,rel_mom_ind_250d,601988.SH,-0.180789232254,4,False,0,2025-10-10,signal-date close,False
2025-11-03,rel_mom_ind_250d,601288.SH,1.07174444199,1,True,0.5,2025-11-04,signal-date close,False
2025-11-03,rel_mom_ind_250d,601398.SH,0.127746745944,2,True,0.5,2025-11-04,signal-date close,False
2025-11-03,rel_mom_ind_250d,601939.SH,-0.21390837431,3,False,0,2025-11-04,signal-date close,False
2025-11-03,rel_mom_ind_250d,601988.SH,-0.226379916072,4,False,0,2025-11-04,signal-date close,False
2025-12-01,rel_mom_ind_250d,601288.SH,1.2108528614,1,True,0.5,2025-12-02,signal-date close,False
2025-12-01,rel_mom_ind_250d,601398.SH,0.131149828434,2,True,0.5,2025-12-02,signal-date close,False
2025-12-01,rel_mom_ind_250d,601988.SH,-0.139364242554,3,False,0,2025-12-02,signal-date close,False
2025-12-01,rel_mom_ind_250d,601939.SH,-0.160863384604,4,False,0,2025-12-02,signal-date close,False
2026-01-05,rel_mom_ind_250d,601288.SH,0.731984853745,1,True,0.5,2026-01-06,signal-date close,False
2026-01-05,rel_mom_ind_250d,601398.SH,-0.031889051199,2,True,0.5,2026-01-06,signal-date close,False
2026-01-05,rel_mom_ind_250d,601939.SH,-0.255354523659,3,False,0,2026-01-06,signal-date close,False
2026-01-05,rel_mom_ind_250d,601988.SH,-0.306278824806,4,False,0,2026-01-06,signal-date close,False
2026-02-02,rel_mom_ind_250d,601288.SH,0.547745227814,1,True,0.5,2026-02-03,signal-date close,False
2026-02-02,rel_mom_ind_250d,601398.SH,-0.0117949377745,2,True,0.5,2026-02-03,signal-date close,False
2026-02-02,rel_mom_ind_250d,601939.SH,-0.127871960402,3,False,0,2026-02-03,signal-date close,False
2026-02-02,rel_mom_ind_250d,601988.SH,-0.228000998497,4,False,0,2026-02-03,signal-date close,False
2026-03-02,rel_mom_ind_250d,601288.SH,0.395045101643,1,True,0.5,2026-03-03,signal-date close,False
2026-03-02,rel_mom_ind_250d,601939.SH,-0.126677513123,2,True,0.5,2026-03-03,signal-date close,False
2026-03-02,rel_mom_ind_250d,601398.SH,-0.155687853694,3,False,0,2026-03-03,signal-date close,False
2026-03-02,rel_mom_ind_250d,601988.SH,-0.211697757244,4,False,0,2026-03-03,signal-date close,False
2026-04-01,rel_mom_ind_250d,601288.SH,0.575178444386,1,True,0.5,2026-04-02,signal-date close,False
2026-04-01,rel_mom_ind_250d,601939.SH,0.058513790369,2,True,0.5,2026-04-02,signal-date close,False
2026-04-01,rel_mom_ind_250d,601398.SH,0.0452455244958,3,False,0,2026-04-02,signal-date close,False
2026-04-01,rel_mom_ind_250d,601988.SH,-0.0179923903197,4,False,0,2026-04-02,signal-date close,False
2026-05-06,rel_mom_ind_250d,601288.SH,0.404224425554,1,True,0.5,2026-05-07,signal-date close,False
2026-05-06,rel_mom_ind_250d,601939.SH,0.0302482862025,2,True,0.5,2026-05-07,signal-date close,False
2026-05-06,rel_mom_ind_250d,601398.SH,-0.0515682399273,3,False,0,2026-05-07,signal-date close,False
2026-05-06,rel_mom_ind_250d,601988.SH,-0.10584359616,4,False,0,2026-05-07,signal-date close,False
2026-06-01,rel_mom_ind_250d,601288.SH,0.374987244606,1,True,0.5,2026-06-02,signal-date close,False
2026-06-01,rel_mom_ind_250d,601939.SH,0.148446977139,2,True,0.5,2026-06-02,signal-date close,False
2026-06-01,rel_mom_ind_250d,601398.SH,0.074315533042,3,False,0,2026-06-02,signal-date close,False
2026-06-01,rel_mom_ind_250d,601988.SH,0.0522644147277,4,False,0,2026-06-02,signal-date close,False
