signal_date,date,equity,cash,exposure,daily_return,matched_daily_return,shares,ticker_equity,selected_codes
2025-07-01,2025-07-02,99944.35120999801,585.3512099980071,0.9941432286776458,-0.0005564879000198308,0.0,"[8300.0, 0.0, 0.0, 8800.0]","[49551.0, 0.0, 0.0, 49808.0]","['601288.SH', '601988.SH']"
2025-07-02,2025-07-03,99934.35120999801,585.3512099980071,0.994142642615771,-0.00010005567977511287,-0.00010005567977511287,"[8300.0, 0.0, 0.0, 8800.0]","[49717.0, 0.0, 0.0, 49632.0]","['601288.SH', '601988.SH']"
2025-07-03,2025-07-04,99338.35120999801,585.3512099980071,0.9941075002467012,-0.00596391523819062,-0.00596391523819062,"[8300.0, 0.0, 0.0, 8800.0]","[49385.0, 0.0, 0.0, 49368.0]","['601288.SH', '601988.SH']"
2025-07-04,2025-07-07,100794.35120999801,585.3512099980071,0.9941926189020407,0.014656977715706843,0.014656977715706843,"[8300.0, 0.0, 0.0, 8800.0]","[50049.0, 0.0, 0.0, 50160.0]","['601288.SH', '601988.SH']"
2025-07-07,2025-07-08,101385.35120999801,585.3512099980071,0.9942264715463126,0.005863423821923286,0.005863423821923286,"[8300.0, 0.0, 0.0, 8800.0]","[50464.0, 0.0, 0.0, 50336.0]","['601288.SH', '601988.SH']"
2025-07-08,2025-07-09,101634.35120999801,585.3512099980071,0.9942406164546812,0.002455976105307789,0.002455976105307789,"[8300.0, 0.0, 0.0, 8800.0]","[50713.0, 0.0, 0.0, 50336.0]","['601288.SH', '601988.SH']"
2025-07-09,2025-07-10,103080.35120999801,585.3512099980071,0.9943214084631364,0.01422747312089645,0.01422747312089645,"[8300.0, 0.0, 0.0, 8800.0]","[51543.0, 0.0, 0.0, 50952.0]","['601288.SH', '601988.SH']"
2025-07-10,2025-07-11,104428.35120999801,585.3512099980071,0.9943947098348712,0.013077177019447772,0.013077177019447772,"[8300.0, 0.0, 0.0, 8800.0]","[52539.0, 0.0, 0.0, 51304.0]","['601288.SH', '601988.SH']"
2025-07-11,2025-07-14,103201.35120999801,585.3512099980071,0.9943280664144899,-0.01174968278042221,-0.01174968278042221,"[8300.0, 0.0, 0.0, 8800.0]","[52456.0, 0.0, 0.0, 50160.0]","['601288.SH', '601988.SH']"
2025-07-14,2025-07-15,104481.35120999801,585.3512099980071,0.9943975532167314,0.012402938382031437,0.012402938382031437,"[8300.0, 0.0, 0.0, 8800.0]","[53120.0, 0.0, 0.0, 50775.99999999999]","['601288.SH', '601988.SH']"
2025-07-15,2025-07-16,103118.35120999801,585.3512099980071,0.9943235010729956,-0.013045390246346433,-0.013045390246346433,"[8300.0, 0.0, 0.0, 8800.0]","[52373.0, 0.0, 0.0, 50160.0]","['601288.SH', '601988.SH']"
2025-07-16,2025-07-17,103209.07271025237,585.3512099980071,0.9943284907554463,0.0008797803610105515,0.0008797803610105515,"[8475.035841465105, 0.0, 0.0, 8800.0]","[52375.72150025435, 0.0, 0.0, 50248.0]","['601288.SH', '601988.SH']"
2025-07-17,2025-07-18,102602.82163500841,585.3512099980071,0.9942949794102125,-0.005874009516061984,-0.005874009516061984,"[8475.035841465105, 0.0, 0.0, 8800.0]","[52121.470425010404, 0.0, 0.0, 49896.0]","['601288.SH', '601988.SH']"
2025-07-18,2025-07-21,103372.07414391096,585.3512099980071,0.9943374338297295,0.007497381618207566,0.007497381618207566,"[8475.035841465105, 0.0, 0.0, 8800.0]","[52714.722933912955, 0.0, 0.0, 50072.0]","['601288.SH', '601988.SH']"
2025-07-21,2025-07-22,102593.07271025237,585.3512099980071,0.9942944372896289,-0.0075358982598539015,-0.0075358982598539015,"[8475.035841465105, 0.0, 0.0, 8800.0]","[52375.72150025435, 0.0, 0.0, 49632.0]","['601288.SH', '601988.SH']"
2025-07-22,2025-07-23,101126.3194845205,585.3512099980071,0.994211682843974,-0.014296805690519943,-0.014296805690519943,"[8475.035841465105, 0.0, 0.0, 8800.0]","[51612.96827452249, 0.0, 0.0, 48928.0]","['601288.SH', '601988.SH']"
2025-07-23,2025-07-24,103271.07557756957,585.3512099980071,0.9943318958699298,0.021208683396980232,0.021208683396980232,"[8475.035841465105, 0.0, 0.0, 8800.0]","[53053.72436757156, 0.0, 0.0, 49632.0]","['601288.SH', '601988.SH']"
2025-07-24,2025-07-25,101973.82306866703,585.3512099980071,0.9942597894990771,-0.0125616248465249,-0.0125616248465249,"[8475.035841465105, 0.0, 0.0, 8800.0]","[52460.47185866901, 0.0, 0.0, 48928.0]","['601288.SH', '601988.SH']"
2025-07-25,2025-07-28,101628.3223518377,585.3512099980071,0.9942402747929704,-0.0033881314481724045,-0.0033881314481724045,"[8475.035841465105, 0.0, 0.0, 8800.0]","[52290.9711418397, 0.0, 0.0, 48752.0]","['601288.SH', '601988.SH']"
2025-07-28,2025-07-29,101970.57342708166,585.3512099980071,0.9942596065676085,0.003367674161333545,0.003367674161333545,"[8475.035841465105, 0.0, 0.0, 8800.0]","[52545.222217083654, 0.0, 0.0, 48840.0]","['601288.SH', '601988.SH']"
2025-07-29,2025-07-30,101018.82163500841,585.3512099980071,0.9942055232824537,-0.009333592624678477,-0.009333592624678477,"[8475.035841465105, 0.0, 0.0, 8800.0]","[52121.470425010404, 0.0, 0.0, 48312.0]","['601288.SH', '601988.SH']"
2025-07-30,2025-07-31,102218.32521915491,585.3512099980071,0.9942735198532845,0.011874060345709037,0.011874060345709037,"[8475.035841465105, 0.0, 0.0, 8800.0]","[52968.97400915691, 0.0, 0.0, 48664.0]","['601288.SH', '601988.SH']"
2025-07-31,2025-08-01,102814.82736964282,585.3512099980071,0.9943067432492636,0.005835569592917977,0.005835569592917977,"[8475.035841465105, 0.0, 0.0, 8800.0]","[53477.476159644815, 0.0, 0.0, 48752.0]","['601288.SH', '601988.SH']"
2025-08-01,2025-08-04,102977.84679726159,695.8467972615977,0.9932427525054827,0.0015855634035417676,0.0024729028073924297,"[0.0, 0.0, 5400.0, 9300.0]","[0.0, 0.0, 50760.0, 51522.0]","['601939.SH', '601988.SH']"
2025-08-04,2025-08-05,103958.84679726159,695.8467972615977,0.9933065167737132,0.009526320762283547,0.009526320762283547,"[0.0, 0.0, 5400.0, 9300.0]","[0.0, 0.0, 51462.0, 51801.0]","['601939.SH', '601988.SH']"
2025-08-05,2025-08-06,105296.84679726159,695.8467972615977,0.9933915704180452,0.01287047751317738,0.01287047751317738,"[0.0, 0.0, 5400.0, 9300.0]","[0.0, 0.0, 52056.0, 52545.0]","['601939.SH', '601988.SH']"
2025-08-06,2025-08-07,105011.84679726159,695.8467972615977,0.9933736352755989,-0.0027066337565524456,-0.0027066337565524456,"[0.0, 0.0, 5400.0, 9300.0]","[0.0, 0.0, 51678.0, 52638.0]","['601939.SH', '601988.SH']"
2025-08-07,2025-08-08,105800.84679726159,695.8467972615977,0.9934230507758128,0.007513437998317052,0.007513437998317052,"[0.0, 0.0, 5400.0, 9300.0]","[0.0, 0.0, 52002.00000000001, 53103.0]","['601939.SH', '601988.SH']"
2025-08-08,2025-08-11,105212.84679726159,695.8467972615977,0.9933862943695227,-0.005557611472871704,-0.005557611472871704,"[0.0, 0.0, 5400.0, 9300.0]","[0.0, 0.0, 51786.0, 52731.0]","['601939.SH', '601988.SH']"
2025-08-11,2025-08-12,104099.84679726159,695.8467972615977,0.9933155828882555,-0.010578556078277068,-0.010578556078277068,"[0.0, 0.0, 5400.0, 9300.0]","[0.0, 0.0, 51138.0, 52266.0]","['601939.SH', '601988.SH']"
2025-08-12,2025-08-13,104687.84679726159,695.8467972615977,0.9933531272392184,0.0056484232983085025,0.0056484232983085025,"[0.0, 0.0, 5400.0, 9300.0]","[0.0, 0.0, 51354.0, 52638.0]","['601939.SH', '601988.SH']"
2025-08-13,2025-08-14,103079.84679726159,695.8467972615977,0.9932494389652112,-0.015359949117246141,-0.015359949117246141,"[0.0, 0.0, 5400.0, 9300.0]","[0.0, 0.0, 50490.0, 51894.0]","['601939.SH', '601988.SH']"
2025-08-14,2025-08-15,103187.84679726159,695.8467972615977,0.9932565043378727,0.0010477314757018075,0.0010477314757018075,"[0.0, 0.0, 5400.0, 9300.0]","[0.0, 0.0, 50597.99999999999, 51894.0]","['601939.SH', '601988.SH']"
2025-08-15,2025-08-18,100913.84679726159,695.8467972615977,0.9931045459137083,-0.022037478933617516,-0.022037478933617516,"[0.0, 0.0, 5400.0, 9300.0]","[0.0, 0.0, 49626.0, 50592.0]","['601939.SH', '601988.SH']"
2025-08-18,2025-08-19,100736.84679726159,695.8467972615977,0.9930924302339736,-0.0017539713886399744,-0.0017539713886399744,"[0.0, 0.0, 5400.0, 9300.0]","[0.0, 0.0, 49356.0, 50685.0]","['601939.SH', '601988.SH']"
2025-08-19,2025-08-20,101960.84679726159,695.8467972615977,0.9931753529014405,0.012150469653505969,0.012150469653505969,"[0.0, 0.0, 5400.0, 9300.0]","[0.0, 0.0, 49464.0, 51801.0]","['601939.SH', '601988.SH']"
2025-08-20,2025-08-21,103037.84679726159,695.8467972615977,0.9932466873203324,0.0105628781422491,0.0105628781422491,"[0.0, 0.0, 5400.0, 9300.0]","[0.0, 0.0, 49518.0, 52824.0]","['601939.SH', '601988.SH']"
2025-08-21,2025-08-22,103748.84679726159,695.8467972615977,0.9932929683679148,0.006900377114818612,0.006900377114818612,"[0.0, 0.0, 5400.0, 9300.0]","[0.0, 0.0, 49950.0, 53103.0]","['601939.SH', '601988.SH']"
2025-08-22,2025-08-25,103238.84679726159,695.8467972615977,0.9932598356253622,-0.004915717289818211,-0.004915717289818211,"[0.0, 0.0, 5400.0, 9300.0]","[0.0, 0.0, 49626.0, 52917.0]","['601939.SH', '601988.SH']"
2025-08-25,2025-08-26,103052.84679726159,695.8467972615977,0.9932476703081231,-0.0018016474008593075,-0.0018016474008593075,"[0.0, 0.0, 5400.0, 9300.0]","[0.0, 0.0, 49626.0, 52731.0]","['601939.SH', '601988.SH']"
2025-08-26,2025-08-27,102542.84679726159,695.8467972615977,0.993214087388881,-0.004948917141545217,-0.004948917141545217,"[0.0, 0.0, 5400.0, 9300.0]","[0.0, 0.0, 49302.00000000001, 52545.0]","['601939.SH', '601988.SH']"
2025-08-27,2025-08-28,101072.84679726159,695.8467972615977,0.9931153933097644,-0.014335470936420847,-0.014335470936420847,"[0.0, 0.0, 5400.0, 9300.0]","[0.0, 0.0, 48762.0, 51615.0]","['601939.SH', '601988.SH']"
2025-08-28,2025-08-29,100871.84679726159,695.8467972615977,0.9931016748542322,-0.0019886646747289127,-0.0019886646747289127,"[0.0, 0.0, 5400.0, 9300.0]","[0.0, 0.0, 48654.0, 51522.0]","['601939.SH', '601988.SH']"
2025-08-29,2025-09-01,101102.84679726159,695.8467972615977,0.9931174361622384,0.0022900344083545132,0.0022900344083545132,"[0.0, 0.0, 5400.0, 9300.0]","[0.0, 0.0, 48978.0, 51429.0]","['601939.SH', '601988.SH']"
2025-09-01,2025-09-02,100836.67248346159,884.6724834615977,0.991226679127014,-0.002632708397754202,-0.002522184172631281,"[0.0, 0.0, 5500.0, 9100.0]","[0.0, 0.0, 49719.99999999999, 50231.99999999999]","['601939.SH', '601988.SH']"
2025-09-02,2025-09-03,102827.6724834616,884.6724834615977,0.9913965524834388,0.019744800685748132,0.019744800685748132,"[0.0, 0.0, 5500.0, 9100.0]","[0.0, 0.0, 50710.0, 51233.0]","['601939.SH', '601988.SH']"
2025-09-03,2025-09-04,101166.6724834616,884.6724834615977,0.9912552972066346,-0.016153239297205246,-0.016153239297205246,"[0.0, 0.0, 5500.0, 9100.0]","[0.0, 0.0, 50050.0, 50231.99999999999]","['601939.SH', '601988.SH']"
2025-09-04,2025-09-05,102188.6724834616,884.6724834615977,0.9913427539279877,0.010102141099550987,0.010102141099550987,"[0.0, 0.0, 5500.0, 9100.0]","[0.0, 0.0, 50435.0, 50869.0]","['601939.SH', '601988.SH']"
2025-09-05,2025-09-08,100544.6724834616,884.6724834615977,0.9912011998088996,-0.016087888804564576,-0.016087888804564576,"[0.0, 0.0, 5500.0, 9100.0]","[0.0, 0.0, 49610.0, 50050.0]","['601939.SH', '601988.SH']"
2025-09-08,2025-09-09,100051.6724834616,884.6724834615977,0.9911578441269151,-0.004903293111637397,-0.004903293111637397,"[0.0, 0.0, 5500.0, 9100.0]","[0.0, 0.0, 49390.0, 49777.0]","['601939.SH', '601988.SH']"
2025-09-09,2025-09-10,100307.6724834616,884.6724834615977,0.9911804106150757,0.0025586778676021105,0.0025586778676021105,"[0.0, 0.0, 5500.0, 9100.0]","[0.0, 0.0, 49555.0, 49868.00000000001]","['601939.SH', '601988.SH']"
2025-09-10,2025-09-11,100912.6724834616,884.6724834615977,0.9912332865467754,0.006031442909810725,0.006031442909810725,"[0.0, 0.0, 5500.0, 9100.0]","[0.0, 0.0, 50159.99999999999, 49868.00000000001]","['601939.SH', '601988.SH']"
2025-09-11,2025-09-12,101223.6724834616,884.6724834615977,0.9912602214308501,0.003081872596833346,0.003081872596833346,"[0.0, 0.0, 5500.0, 9100.0]","[0.0, 0.0, 50380.0, 49959.0]","['601939.SH', '601988.SH']"
2025-09-12,2025-09-15,100857.6724834616,884.6724834615977,0.9912285058570366,-0.003615755000983545,-0.003615755000983545,"[0.0, 0.0, 5500.0, 9100.0]","[0.0, 0.0, 50105.0, 49868.00000000001]","['601939.SH', '601988.SH']"
2025-09-15,2025-09-16,100180.6724834616,884.6724834615977,0.9911692299369657,-0.006712429340574144,-0.006712429340574144,"[0.0, 0.0, 5500.0, 9100.0]","[0.0, 0.0, 49610.0, 49686.0]","['601939.SH', '601988.SH']"
2025-09-16,2025-09-17,99706.6724834616,884.6724834615977,0.9911272489450659,-0.00473145156894661,-0.00473145156894661,"[0.0, 0.0, 5500.0, 9100.0]","[0.0, 0.0, 49500.0, 49322.0]","['601939.SH', '601988.SH']"
2025-09-17,2025-09-18,99560.6724834616,884.6724834615977,0.991114237565957,-0.0014642951806883575,-0.0014642951806883575,"[0.0, 0.0, 5500.0, 9100.0]","[0.0, 0.0, 49445.0, 49231.0]","['601939.SH', '601988.SH']"
2025-09-18,2025-09-19,97093.6724834616,884.6724834615977,0.9908884640900539,-0.024778860351810095,-0.024778860351810095,"[0.0, 0.0, 5500.0, 9100.0]","[0.0, 0.0, 48070.0, 48139.0]","['601939.SH', '601988.SH']"
2025-09-19,2025-09-22,97241.6724834616,884.6724834615977,0.9909023316766579,0.0015243011847678734,0.0015243011847678734,"[0.0, 0.0, 5500.0, 9100.0]","[0.0, 0.0, 48400.00000000001, 47956.99999999999]","['601939.SH', '601988.SH']"
2025-09-22,2025-09-23,95193.6724834616,884.6724834615977,0.9907066041220828,-0.021060929411187534,-0.021060929411187534,"[0.0, 0.0, 5500.0, 9100.0]","[0.0, 0.0, 47080.0, 47229.0]","['601939.SH', '601988.SH']"
2025-09-23,2025-09-24,97588.6724834616,884.6724834615977,0.9909346806248284,0.025159235246608347,0.025159235246608347,"[0.0, 0.0, 5500.0, 9100.0]","[0.0, 0.0, 48565.0, 48139.0]","['601939.SH', '601988.SH']"
2025-09-24,2025-09-25,96911.6724834616,884.6724834615977,0.9908713526369842,-0.0069372805549202665,-0.0069372805549202665,"[0.0, 0.0, 5500.0, 9100.0]","[0.0, 0.0, 48070.0, 47956.99999999999]","['601939.SH', '601988.SH']"
2025-09-25,2025-09-26,96382.67248346162,884.6724834615977,0.9908212497052994,-0.005458578790808355,-0.005458578790808355,"[0.0, 0.0, 5500.0, 9100.0]","[0.0, 0.0, 47905.00000000001, 47593.00000000001]","['601939.SH', '601988.SH']"
2025-09-26,2025-09-29,96088.6724834616,884.6724834615977,0.9907931657229018,-0.003050340817748798,-0.003050340817748798,"[0.0, 0.0, 5500.0, 9100.0]","[0.0, 0.0, 47520.0, 47684.0]","['601939.SH', '601988.SH']"
2025-09-29,2025-09-30,95468.6724834616,884.6724834615977,0.9907333739911921,-0.006452373458554206,-0.006452373458554206,"[0.0, 0.0, 5500.0, 9100.0]","[0.0, 0.0, 47355.0, 47229.0]","['601939.SH', '601988.SH']"
2025-09-30,2025-10-09,95102.6724834616,884.6724834615977,0.9906977116377519,-0.0038337183337644465,-0.0038337183337644465,"[0.0, 0.0, 5500.0, 9100.0]","[0.0, 0.0, 47080.0, 47138.0]","['601939.SH', '601988.SH']"
2025-10-09,2025-10-10,95906.6724834616,884.6724834615977,0.9907756941143573,0.008454021101665932,0.008454021101665932,"[0.0, 0.0, 5500.0, 9100.0]","[0.0, 0.0, 47520.0, 47502.0]","['601988.SH', '601939.SH']"
2025-10-10,2025-10-13,96090.6724834616,884.6724834615977,0.9907933573509555,0.0019185317896597276,0.0019185317896597276,"[0.0, 0.0, 5500.0, 9100.0]","[0.0, 0.0, 47795.0, 47411.0]","['601988.SH', '601939.SH']"
2025-10-13,2025-10-14,95853.6724834616,884.6724834615977,0.9907705937546186,-0.0024664204534606826,-0.0024664204534606826,"[0.0, 0.0, 5500.0, 9100.0]","[0.0, 0.0, 47740.0, 47229.0]","['601988.SH', '601939.SH']"
2025-10-14,2025-10-15,97827.6724834616,884.6724834615977,0.9909568278483661,0.020593890133323578,0.020593890133323578,"[0.0, 0.0, 5500.0, 9100.0]","[0.0, 0.0, 48895.0, 48048.0]","['601988.SH', '601939.SH']"
2025-10-15,2025-10-16,98047.6724834616,884.6724834615977,0.9909771189763752,0.002248852440368543,0.002248852440368543,"[0.0, 0.0, 5500.0, 9100.0]","[0.0, 0.0, 49115.0, 48048.0]","['601988.SH', '601939.SH']"
2025-10-16,2025-10-17,100332.6724834616,884.6724834615977,0.991182608201656,0.02330498972716999,0.02330498972716999,"[0.0, 0.0, 5500.0, 9100.0]","[0.0, 0.0, 50490.0, 48958.0]","['601988.SH', '601939.SH']"
2025-10-17,2025-10-20,99511.6724834616,884.6724834615977,0.9911098621761318,-0.008182778148716485,-0.008182778148716485,"[0.0, 0.0, 5500.0, 9100.0]","[0.0, 0.0, 50215.00000000001, 48412.0]","['601988.SH', '601939.SH']"
2025-10-20,2025-10-21,100169.6724834616,884.6724834615977,0.9911682601976395,0.006612289629735146,0.006612289629735146,"[0.0, 0.0, 5500.0, 9100.0]","[0.0, 0.0, 50599.99999999999, 48685.0]","['601988.SH', '601939.SH']"
2025-10-21,2025-10-22,100863.6724834616,884.6724834615977,0.9912290276401877,0.006928244675199258,0.006928244675199258,"[0.0, 0.0, 5500.0, 9100.0]","[0.0, 0.0, 50930.0, 49049.0]","['601988.SH', '601939.SH']"
2025-10-22,2025-10-23,102160.6724834616,884.6724834615977,0.991340381166688,0.012858940866075086,0.012858940866075086,"[0.0, 0.0, 5500.0, 9100.0]","[0.0, 0.0, 51590.00000000001, 49686.0]","['601988.SH', '601939.SH']"
2025-10-23,2025-10-24,102086.6724834616,884.6724834615977,0.9913341040319937,-0.000724349186444373,-0.000724349186444373,"[0.0, 0.0, 5500.0, 9100.0]","[0.0, 0.0, 51425.0, 49777.0]","['601988.SH', '601939.SH']"
2025-10-24,2025-10-27,102450.6724834616,884.6724834615977,0.9913648933480216,0.0035655976548649715,0.0035655976548649715,"[0.0, 0.0, 5500.0, 9100.0]","[0.0, 0.0, 51425.0, 50141.0]","['601988.SH', '601939.SH']"
2025-10-27,2025-10-28,103563.6724834616,884.6724834615977,0.9914576949402516,0.010863764707641721,0.010863764707641721,"[0.0, 0.0, 5500.0, 9100.0]","[0.0, 0.0, 51810.0, 50869.0]","['601988.SH', '601939.SH']"
2025-10-28,2025-10-29,103379.6724834616,884.6724834615977,0.9914424909442121,-0.0017766847736051528,-0.0017766847736051528,"[0.0, 0.0, 5500.0, 9100.0]","[0.0, 0.0, 51534.99999999999, 50960.0]","['601988.SH', '601939.SH']"
2025-10-29,2025-10-30,102554.6724834616,884.6724834615977,0.991373650151296,-0.007980292258441657,-0.007980292258441657,"[0.0, 0.0, 5500.0, 9100.0]","[0.0, 0.0, 50710.0, 50960.0]","['601988.SH', '601939.SH']"
2025-10-30,2025-10-31,103485.6724834616,884.6724834615977,0.991451256369784,0.009078084668937336,0.009078084668937336,"[0.0, 0.0, 5500.0, 9100.0]","[0.0, 0.0, 51094.99999999999, 51506.0]","['601988.SH', '601939.SH']"
2025-10-31,2025-11-03,102023.6724834616,884.6724834615977,0.9913287528087659,-0.014127559544376944,-0.014127559544376944,"[0.0, 0.0, 5500.0, 9100.0]","[0.0, 0.0, 50270.0, 50869.0]","['601988.SH', '601939.SH']"
2025-11-03,2025-11-04,103942.6724834616,884.6724834615977,0.9914888422403959,0.018809360154243393,0.018809360154243393,"[0.0, 0.0, 5500.0, 9100.0]","[0.0, 0.0, 51370.0, 51688.0]","['601939.SH', '601988.SH']"
2025-11-04,2025-11-05,105516.6724834616,884.6724834615977,0.9916158038095803,0.01514296258113279,0.01514296258113279,"[0.0, 0.0, 5500.0, 9100.0]","[0.0, 0.0, 52580.0, 52052.0]","['601939.SH', '601988.SH']"
2025-11-05,2025-11-06,104456.6724834616,884.6724834615977,0.9915307230985969,-0.010045805795914742,-0.010045805795914742,"[0.0, 0.0, 5500.0, 9100.0]","[0.0, 0.0, 51974.99999999999, 51597.0]","['601939.SH', '601988.SH']"
2025-11-06,2025-11-07,104365.6724834616,884.6724834615977,0.9915233384463479,-0.0008711746012626254,-0.0008711746012626254,"[0.0, 0.0, 5500.0, 9100.0]","[0.0, 0.0, 51974.99999999999, 51506.0]","['601939.SH', '601988.SH']"
2025-11-07,2025-11-10,103652.6724834616,884.6724834615977,0.991465029677814,-0.006831748246656333,-0.006831748246656333,"[0.0, 0.0, 5500.0, 9100.0]","[0.0, 0.0, 51534.99999999999, 51233.0]","['601939.SH', '601988.SH']"
2025-11-10,2025-11-11,104494.6724834616,884.6724834615977,0.9915338029926681,0.008123283074388032,0.008123283074388032,"[0.0, 0.0, 5500.0, 9100.0]","[0.0, 0.0, 52195.0, 51415.0]","['601939.SH', '601988.SH']"
2025-11-11,2025-11-12,105188.6724834616,884.6724834615977,0.9915896601547025,0.006641486915132777,0.006641486915132777,"[0.0, 0.0, 5500.0, 9100.0]","[0.0, 0.0, 52525.00000000001, 51779.0]","['601939.SH', '601988.SH']"
2025-11-12,2025-11-13,106191.6724834616,884.6724834615977,0.9916690973710827,0.009535247249723655,0.009535247249723655,"[0.0, 0.0, 5500.0, 9100.0]","[0.0, 0.0, 52800.0, 52506.99999999999]","['601939.SH', '601988.SH']"
2025-11-13,2025-11-14,105533.6724834616,884.6724834615977,0.9916171543864329,-0.006196342750910855,-0.006196342750910855,"[0.0, 0.0, 5500.0, 9100.0]","[0.0, 0.0, 52415.0, 52234.0]","['601939.SH', '601988.SH']"
2025-11-14,2025-11-17,106316.6724834616,884.6724834615977,0.9916788922866334,0.007419432884065547,0.007419432884065547,"[0.0, 0.0, 5500.0, 9100.0]","[0.0, 0.0, 52469.99999999999, 52962.0]","['601939.SH', '601988.SH']"
2025-11-17,2025-11-18,104983.6724834616,884.6724834615977,0.9915732374136467,-0.012538014676929943,-0.012538014676929943,"[0.0, 0.0, 5500.0, 9100.0]","[0.0, 0.0, 51865.0, 52234.0]","['601939.SH', '601988.SH']"
2025-11-18,2025-11-19,105273.6724834616,884.6724834615977,0.991596450825817,0.0027623343053242433,0.0027623343053242433,"[0.0, 0.0, 5500.0, 9100.0]","[0.0, 0.0, 51700.0, 52689.0]","['601939.SH', '601988.SH']"
2025-11-19,2025-11-20,107533.6724834616,884.6724834615977,0.9917730654684219,0.021467855606111197,0.021467855606111197,"[0.0, 0.0, 5500.0, 9100.0]","[0.0, 0.0, 52140.0, 54509.0]","['601939.SH', '601988.SH']"
2025-11-20,2025-11-21,111422.6724834616,884.6724834615977,0.9920602112322076,0.03616541600583867,0.03616541600583867,"[0.0, 0.0, 5500.0, 9100.0]","[0.0, 0.0, 53844.99999999999, 56693.00000000001]","['601939.SH', '601988.SH']"
2025-11-21,2025-11-24,111858.6724834616,884.6724834615977,0.9920911587468338,0.003913027665574109,0.003913027665574109,"[0.0, 0.0, 5500.0, 9100.0]","[0.0, 0.0, 53735.0, 57239.0]","['601939.SH', '601988.SH']"
2025-11-24,2025-11-25,110364.6724834616,884.6724834615977,0.9919840972337034,-0.013356139196278094,-0.013356139196278094,"[0.0, 0.0, 5500.0, 9100.0]","[0.0, 0.0, 53515.0, 55965.0]","['601939.SH', '601988.SH']"
2025-11-25,2025-11-26,112025.6724834616,884.6724834615977,0.9921029486915849,0.015050105823028792,0.015050105823028792,"[0.0, 0.0, 5500.0, 9100.0]","[0.0, 0.0, 54175.0, 56966.0]","['601939.SH', '601988.SH']"
2025-11-26,2025-11-27,110127.6724834616,884.6724834615977,0.9919668466289029,-0.01694254502493797,-0.01694254502493797,"[0.0, 0.0, 5500.0, 9100.0]","[0.0, 0.0, 53460.0, 55783.0]","['601939.SH', '601988.SH']"
2025-11-27,2025-11-28,110144.6724834616,884.6724834615977,0.9919680864855771,0.0001543662879333052,0.0001543662879333052,"[0.0, 0.0, 5500.0, 9100.0]","[0.0, 0.0, 53295.0, 55965.0]","['601939.SH', '601988.SH']"
2025-11-28,2025-12-01,108885.6724834616,884.6724834615977,0.9918752167913003,-0.01143042120524751,-0.01143042120524751,"[0.0, 0.0, 5500.0, 9100.0]","[0.0, 0.0, 52855.0, 55146.0]","['601939.SH', '601988.SH']"
2025-12-01,2025-12-02,109047.4810273176,867.4810273176043,0.9920449237419773,0.001486040726621507,0.002351089855636257,"[6800.0, 0.0, 5600.0, 0.0]","[54196.0, 0.0, 53984.0, 0.0]","['601288.SH', '601939.SH']"
2025-12-02,2025-12-03,108747.4810273176,867.4810273176043,0.9920229781957002,-0.0027510951850858723,-0.0027510951850858723,"[6800.0, 0.0, 5600.0, 0.0]","[54400.0, 0.0, 53480.00000000001, 0.0]","['601288.SH', '601939.SH']"
2025-12-03,2025-12-04,107803.4810273176,867.4810273176043,0.9919531260117864,-0.008680660839977206,-0.008680660839977206,"[6800.0, 0.0, 5600.0, 0.0]","[54128.0, 0.0, 52808.0, 0.0]","['601288.SH', '601939.SH']"
2025-12-04,2025-12-05,106991.4810273176,867.4810273176043,0.9918920551525396,-0.007532224305393576,-0.007532224305393576,"[6800.0, 0.0, 5600.0, 0.0]","[53652.0, 0.0, 52471.99999999999, 0.0]","['601288.SH', '601939.SH']"
2025-12-05,2025-12-08,106235.4810273176,867.4810273176043,0.9918343568558368,-0.007065983130067899,-0.007065983130067899,"[6800.0, 0.0, 5600.0, 0.0]","[53176.0, 0.0, 52192.0, 0.0]","['601288.SH', '601939.SH']"
2025-12-08,2025-12-09,106339.4810273176,867.4810273176043,0.9918423428538762,0.0009789573030996035,0.0009789573030996035,"[6800.0, 0.0, 5600.0, 0.0]","[53448.0, 0.0, 52023.99999999999, 0.0]","['601288.SH', '601939.SH']"
2025-12-09,2025-12-10,107911.4810273176,867.4810273176043,0.9919611794865646,0.014782844384920057,0.014782844384920057,"[6800.0, 0.0, 5600.0, 0.0]","[54740.00000000001, 0.0, 52304.0, 0.0]","['601288.SH', '601939.SH']"
2025-12-10,2025-12-11,105814.40388364108,867.4810273176043,0.9918018625491524,-0.019433308890883016,-0.019433308890883016,"[6800.0, 0.0, 5718.153140235158, 0.0]","[53312.0, 0.0, 51634.92285632348, 0.0]","['601288.SH', '601939.SH']"
2025-12-11,2025-12-12,105560.95163242226,867.4810273176043,0.9917821787895748,-0.002395252838144013,-0.002395252838144013,"[6800.0, 0.0, 5718.153140235158, 0.0]","[53516.0, 0.0, 51177.47060510467, 0.0]","['601288.SH', '601939.SH']"
2025-12-12,2025-12-15,104060.61202505803,867.4810273176043,0.9916636947406315,-0.014213017068931189,-0.014213017068931189,"[6907.4867521173965, 0.0, 5718.153140235158, 0.0]","[52358.749581049866, 0.0, 50834.381416690565, 0.0]","['601288.SH', '601939.SH']"
2025-12-15,2025-12-16,103048.27568447805,867.4810273176043,0.9915817996802418,-0.009728333524851918,-0.009728333524851918,"[6907.4867521173965, 0.0, 5718.153140235158, 0.0]","[51460.77630327461, 0.0, 50720.01835388585, 0.0]","['601288.SH', '601939.SH']"
2025-12-16,2025-12-17,102243.16394646162,867.4810273176043,0.9915155107311444,-0.007812956914306834,-0.007812956914306834,"[6907.4867521173965, 0.0, 5718.153140235158, 0.0]","[50770.02762806286, 0.0, 50605.65529108115, 0.0]","['601288.SH', '601939.SH']"
2025-12-17,2025-12-18,103574.80280321804,867.4810273176043,0.9916245939761457,0.013024233653936346,0.013024233653936346,"[6907.4867521173965, 0.0, 5718.153140235158, 0.0]","[51529.85117079578, 0.0, 51177.47060510467, 0.0]","['601288.SH', '601939.SH']"
2025-12-18,2025-12-19,105559.22517763799,867.4810273176043,0.9917820443844887,0.01915931597948739,0.01915931597948739,"[6907.4867521173965, 0.0, 5718.153140235158, 0.0]","[52427.82444857104, 0.0, 52263.91970174935, 0.0]","['601288.SH', '601939.SH']"
2025-12-19,2025-12-22,104892.26317466388,867.4810273176043,0.99172979015742,-0.006318367739548303,-0.006318367739548303,"[6907.4867521173965, 0.0, 5718.153140235158, 0.0]","[51875.22550840164, 0.0, 52149.55663894464, 0.0]","['601288.SH', '601939.SH']"
2025-12-22,2025-12-23,105661.69490432386,867.4810273176043,0.9917900140812326,0.007335447881210655,0.007335447881210655,"[6907.4867521173965, 0.0, 5718.153140235158, 0.0]","[52358.749581049866, 0.0, 52435.4642959564, 0.0]","['601288.SH', '601939.SH']"
2025-12-23,2025-12-24,106569.27636902619,867.4810273176043,0.9918599332108281,0.008589503183004554,0.008589503183004554,"[6907.4867521173965, 0.0, 5718.153140235158, 0.0]","[52980.42338874043, 0.0, 52721.37195296816, 0.0]","['601288.SH', '601939.SH']"
2025-12-24,2025-12-25,105892.70617912503,867.4810273176043,0.9918079246567729,-0.006348642056631326,-0.006348642056631326,"[6907.4867521173965, 0.0, 5718.153140235158, 0.0]","[52704.123918655736, 0.0, 52321.1012331517, 0.0]","['601288.SH', '601939.SH']"
2025-12-25,2025-12-26,105568.83336456504,867.4810273176043,0.9917827923292295,-0.003058499742296994,-0.003058499742296994,"[6907.4867521173965, 0.0, 5718.153140235158, 0.0]","[52151.52497848634, 0.0, 52549.827358761104, 0.0]","['601288.SH', '601939.SH']"
2025-12-26,2025-12-29,104582.56884541448,867.4810273176043,0.9917053000620033,-0.009342383426220624,-0.009342383426220624,"[6907.4867521173965, 0.0, 5718.153140235158, 0.0]","[51737.0757733593, 0.0, 51978.01204473759, 0.0]","['601288.SH', '601939.SH']"
2025-12-29,2025-12-30,106464.52149314854,867.4810273176043,0.991851923860162,0.017994897892743555,0.017994897892743555,"[6907.4867521173965, 0.0, 5718.153140235158, 0.0]","[52704.123918655736, 0.0, 52892.91654717521, 0.0]","['601288.SH', '601939.SH']"
2025-12-30,2025-12-31,106085.75229637798,867.4810273176043,0.9918228319209722,-0.003557703462697126,-0.003557703462697126,"[6907.4867521173965, 0.0, 5718.153140235158, 0.0]","[52496.89931609221, 0.0, 52721.37195296816, 0.0]","['601288.SH', '601939.SH']"
2025-12-31,2026-01-05,106831.3973538003,867.4810273176043,0.9918799056381833,0.0070287012278442695,0.0070287012278442695,"[6907.4867521173965, 0.0, 5718.153140235158, 0.0]","[52842.27365369809, 0.0, 53121.64267278462, 0.0]","['601288.SH', '601939.SH']"
2026-01-05,2026-01-06,105992.89075661915,867.4810273176043,0.9918156678138961,-0.007848877932432385,-0.007848877932432385,"[6907.4867521173965, 0.0, 5718.153140235158, 0.0]","[52289.67471352869, 0.0, 52835.735015772865, 0.0]","['601288.SH', '601939.SH']"
2026-01-06,2026-01-07,105213.85084003212,867.4810273176043,0.9917550681740893,-0.007349926122647843,-0.007349926122647843,"[6907.4867521173965, 0.0, 5718.153140235158, 0.0]","[52082.45011096517, 0.0, 52263.91970174935, 0.0]","['601288.SH', '601939.SH']"
2026-01-07,2026-01-08,104158.51145336038,867.4810273176043,0.9916715301014452,-0.010030422594039301,-0.010030422594039301,"[6907.4867521173965, 0.0, 5718.153140235158, 0.0]","[51598.92603831695, 0.0, 51692.10438772583, 0.0]","['601288.SH', '601939.SH']"
2026-01-08,2026-01-09,104041.86324136391,867.4810273176043,0.9916621925031739,-0.0011199105130136333,-0.0011199105130136333,"[6907.4867521173965, 0.0, 5718.153140235158, 0.0]","[51253.55170071108, 0.0, 51920.83051333524, 0.0]","['601288.SH', '601939.SH']"
2026-01-09,2026-01-12,103365.29305146275,867.4810273176043,0.9916076179759322,-0.006502864989370694,-0.006502864989370694,"[6907.4867521173965, 0.0, 5718.153140235158, 0.0]","[50977.252230626385, 0.0, 51520.559793518776, 0.0]","['601288.SH', '601939.SH']"
2026-01-12,2026-01-13,104880.36983854507,867.4810273176043,0.9917288523233374,0.014657500040444083,0.014657500040444083,"[6907.4867521173965, 0.0, 5718.153140235158, 0.0]","[51806.15064088047, 0.0, 52206.738170347, 0.0]","['601288.SH', '601939.SH']"
2026-01-13,2026-01-14,105776.05796712857,867.4810273176043,0.9917988905619154,0.008540093155300132,0.008540093155300132,"[6907.4867521173965, 0.0, 5718.153140235158, 0.0]","[52358.749581049866, 0.0, 52549.827358761104, 0.0]","['601288.SH', '601939.SH']"
2026-01-14,2026-01-15,103951.28685079685,867.4810273176043,0.9916549274799964,-0.017251267927745895,-0.017251267927745895,"[6907.4867521173965, 0.0, 5718.153140235158, 0.0]","[51391.701435753435, 0.0, 51692.10438772583, 0.0]","['601288.SH', '601939.SH']"
2026-01-15,2026-01-16,103248.6448394663,867.4810273176043,0.9915981364339805,-0.006759339231067529,-0.006759339231067529,"[6907.4867521173965, 0.0, 5718.153140235158, 0.0]","[50631.877893020515, 0.0, 51749.28591912819, 0.0]","['601288.SH', '601939.SH']"
2026-01-16,2026-01-19,101571.63164510399,867.4810273176043,0.9914594162438128,-0.016242471724154606,-0.016242471724154606,"[6907.4867521173965, 0.0, 5718.153140235158, 0.0]","[49526.68001268173, 0.0, 51177.47060510467, 0.0]","['601288.SH', '601939.SH']"
2026-01-19,2026-01-20,100961.85117353224,867.4810273176043,0.9914078335803631,-0.006003452555555566,-0.006003452555555566,"[6907.4867521173965, 0.0, 5718.153140235158, 0.0]","[48974.08107251234, 0.0, 51120.28907370231, 0.0]","['601288.SH', '601939.SH']"
2026-01-20,2026-01-21,102098.15876384398,867.4810273176043,0.9915034606126041,0.01125482127262778,0.01125482127262778,"[6907.4867521173965, 0.0, 5718.153140235158, 0.0]","[49595.754880202905, 0.0, 51634.92285632348, 0.0]","['601288.SH', '601939.SH']"
2026-01-21,2026-01-22,99249.15797081348,867.4810273176043,0.991259562851176,-0.02790452665870613,-0.02790452665870613,"[6907.4867521173965, 0.0, 5718.153140235158, 0.0]","[47661.65858961004, 0.0, 50720.01835388585, 0.0]","['601288.SH', '601939.SH']"
2026-01-22,2026-01-23,97586.32326176176,867.4810273176043,0.9911106290479794,-0.016754144247155378,-0.016754144247155378,"[6907.4867521173965, 0.0, 5718.153140235158, 0.0]","[46970.9099143983, 0.0, 49747.932320045875, 0.0]","['601288.SH', '601939.SH']"
2026-01-23,2026-01-26,96955.04126714414,867.4810273176043,0.9910527496458138,-0.006468959722196854,-0.006468959722196854,"[6907.4867521173965, 0.0, 5718.153140235158, 0.0]","[46625.53557679243, 0.0, 49462.02466303412, 0.0]","['601288.SH', '601939.SH']"
2026-01-26,2026-01-27,98024.55913912646,867.4810273176043,0.9911503705302426,0.01103107025693939,0.01103107025693939,"[6907.4867521173965, 0.0, 5718.153140235158, 0.0]","[47523.508854567684, 0.0, 49633.56925724117, 0.0]","['601288.SH', '601939.SH']"
2026-01-27,2026-01-28,98103.2421935747,867.4810273176043,0.991157468316838,0.0008026871545177006,0.0008026871545177006,"[6907.4867521173965, 0.0, 5718.153140235158, 0.0]","[47316.28425200417, 0.0, 49919.47691425293, 0.0]","['601288.SH', '601939.SH']"
2026-01-28,2026-01-29,97481.56838588412,867.4810273176043,0.9911010764221228,-0.0063369343743390205,-0.0063369343743390205,"[6907.4867521173965, 0.0, 5718.153140235158, 0.0]","[46694.6104443136, 0.0, 49919.47691425293, 0.0]","['601288.SH', '601939.SH']"
2026-01-29,2026-01-30,97848.44424653589,867.4810273176043,0.991134442310274,0.0037635408080374244,0.0037635408080374244,"[6907.4867521173965, 0.0, 5718.153140235158, 0.0]","[46832.76017935595, 0.0, 50148.20303986234, 0.0]","['601288.SH', '601939.SH']"
2026-01-30,2026-02-02,97274.34378332061,867.4810273176043,0.9910821189475211,-0.005867241606507201,-0.005867241606507201,"[6907.4867521173965, 0.0, 5718.153140235158, 0.0]","[46487.38584175008, 0.0, 49919.47691425293, 0.0]","['601288.SH', '601939.SH']"
2026-02-02,2026-02-03,97612.79185246685,1457.2562756744228,0.9850710521846673,0.0034793148530525286,0.004359396070547472,"[7107.4867521173965, 6600.0, 0.0, 0.0]","[47975.53557679243, 48180.0, 0.0, 0.0]","['601288.SH', '601398.SH']"
2026-02-03,2026-02-04,96038.96830973393,1457.2562756744228,0.9848264063918862,-0.016123128053868396,-0.016123128053868396,"[7107.4867521173965, 6600.0, 0.0, 0.0]","[47193.712034059514, 47388.0, 0.0, 0.0]","['601288.SH', '601398.SH']"
2026-02-04,2026-02-05,96714.19291229744,1457.2562756744228,0.984932343105051,0.007030735694555368,0.007030735694555368,"[7107.4867521173965, 6600.0, 0.0, 0.0]","[47406.93663662303, 47850.0, 0.0, 0.0]","['601288.SH', '601398.SH']"
2026-02-05,2026-02-06,97323.41751486098,1457.2562756744228,0.985026663542185,0.006299226454963058,0.006299226454963058,"[7107.4867521173965, 6600.0, 0.0, 0.0]","[47620.16123918656, 48246.0, 0.0, 0.0]","['601288.SH', '601398.SH']"
2026-02-06,2026-02-09,96429.89344221275,1457.2562756744228,0.984887919879869,-0.009180977152921987,-0.009180977152921987,"[7107.4867521173965, 6600.0, 0.0, 0.0]","[47122.63716653834, 47850.0, 0.0, 0.0]","['601288.SH', '601398.SH']"
2026-02-09,2026-02-10,97196.49238238216,1457.2562756744228,0.9850071104424075,0.007949805945070443,0.007949805945070443,"[7107.4867521173965, 6600.0, 0.0, 0.0]","[47691.23610670773, 48048.0, 0.0, 0.0]","['601288.SH', '601398.SH']"
2026-02-10,2026-02-11,97602.64211742449,1457.2562756744228,0.9850694997178334,0.00417864600961626,0.00417864600961626,"[7107.4867521173965, 6600.0, 0.0, 0.0]","[47833.38584175008, 48312.0, 0.0, 0.0]","['601288.SH', '601398.SH']"
2026-02-11,2026-02-12,97831.09132255154,1457.2562756744228,0.9851043645126087,0.002340604723099604,0.002340604723099604,"[7107.4867521173965, 6600.0, 0.0, 0.0]","[48259.835046877124, 48114.0, 0.0, 0.0]","['601288.SH', '601398.SH']"
2026-02-12,2026-02-13,96033.89344221275,1457.2562756744228,0.9848256045502175,-0.018370416357856856,-0.018370416357856856,"[7107.4867521173965, 6600.0, 0.0, 0.0]","[47122.63716653834, 47454.0, 0.0, 0.0]","['601288.SH', '601398.SH']"
2026-02-13,2026-02-24,94856.06989947983,1457.2562756744228,0.9846371847661548,-0.01226466511473534,-0.01226466511473534,"[7107.4867521173965, 6600.0, 0.0, 0.0]","[46340.81362380542, 47058.0, 0.0, 0.0]","['601288.SH', '601398.SH']"
2026-02-24,2026-02-25,94180.84529691632,1457.2562756744228,0.9845270418726839,-0.007118412172031352,-0.007118412172031352,"[7107.4867521173965, 6600.0, 0.0, 0.0]","[46127.5890212419, 46596.0, 0.0, 0.0]","['601288.SH', '601398.SH']"
2026-02-25,2026-02-26,94251.9201644375,1457.2562756744228,0.984538709947426,0.0007546637248487809,0.0007546637248487809,"[7107.4867521173965, 6600.0, 0.0, 0.0]","[46198.663888763076, 46596.0, 0.0, 0.0]","['601288.SH', '601398.SH']"
2026-02-26,2026-02-27,92891.32122426812,1457.2562756744228,0.9843122451433739,-0.014435768924342285,-0.014435768924342285,"[7107.4867521173965, 6600.0, 0.0, 0.0]","[45630.06494859369, 45804.0, 0.0, 0.0]","['601288.SH', '601398.SH']"
2026-02-27,2026-03-02,92414.09662170458,1457.2562756744228,0.9842312338815618,-0.005137450907941932,-0.005137450907941932,"[7107.4867521173965, 6600.0, 0.0, 0.0]","[45416.84034603016, 45540.0, 0.0, 0.0]","['601288.SH', '601398.SH']"
2026-03-02,2026-03-03,93236.4052422678,757.0408235894228,0.9918804160067914,0.008898086445938258,0.008954522122698316,"[7107.4867521173965, 6700.0, 0.0, 0.0]","[45914.36441867838, 46565.0, 0.0, 0.0]","['601398.SH', '601288.SH']"
2026-03-03,2026-03-04,96089.35179781832,757.0408235894228,0.9921214909932755,0.0305990621167489,0.0305990621167489,"[7107.4867521173965, 6700.0, 0.0, 0.0]","[47762.3109742289, 47570.0, 0.0, 0.0]","['601398.SH', '601288.SH']"
2026-03-04,2026-03-05,94550.15391747955,757.0408235894228,0.9919932354182083,-0.016018402159454714,-0.016018402159454714,"[7107.4867521173965, 6700.0, 0.0, 0.0]","[46625.11309389012, 47168.0, 0.0, 0.0]","['601398.SH', '601288.SH']"
2026-03-05,2026-03-06,96156.35179781832,757.0408235894228,0.9921269805952996,0.016987787050464442,0.016987787050464442,"[7107.4867521173965, 6700.0, 0.0, 0.0]","[47762.3109742289, 47637.0, 0.0, 0.0]","['601398.SH', '601288.SH']"
2026-03-06,2026-03-09,95671.05232773363,757.0408235894228,0.9920870440413252,-0.005046982971079195,-0.005046982971079195,"[7107.4867521173965, 6700.0, 0.0, 0.0]","[47478.011504144204, 47436.0, 0.0, 0.0]","['601398.SH', '601288.SH']"
2026-03-09,2026-03-10,95102.45338756425,757.0408235894228,0.9920397340276353,-0.005943270470377682,-0.005943270470377682,"[7107.4867521173965, 6700.0, 0.0, 0.0]","[46909.412563974816, 47436.0, 0.0, 0.0]","['601398.SH', '601288.SH']"
2026-03-10,2026-03-11,94550.15391747955,757.0408235894228,0.9919932354182083,-0.005807415586156939,-0.005807415586156939,"[7107.4867521173965, 6700.0, 0.0, 0.0]","[46625.11309389012, 47168.0, 0.0, 0.0]","['601398.SH', '601288.SH']"
2026-03-11,2026-03-12,95583.67799012776,757.0408235894228,0.9920798107008645,0.010930961292249686,0.010930961292249686,"[7107.4867521173965, 6700.0, 0.0, 0.0]","[47122.63716653834, 47704.0, 0.0, 0.0]","['601398.SH', '601288.SH']"
2026-03-12,2026-03-13,95922.75285764894,757.0408235894228,0.9921078075739456,0.00354741389587665,0.00354741389587665,"[7107.4867521173965, 6700.0, 0.0, 0.0]","[47193.712034059514, 47972.0, 0.0, 0.0]","['601398.SH', '601288.SH']"
2026-03-13,2026-03-16,95906.45338756425,757.0408235894228,0.9921064662819906,-0.00016992287647210613,-0.00016992287647210613,"[7107.4867521173965, 6700.0, 0.0, 0.0]","[46909.412563974816, 48240.0, 0.0, 0.0]","['601398.SH', '601288.SH']"
2026-03-16,2026-03-17,96525.75285764894,757.0408235894228,0.9921571103961668,0.006457328450902633,0.006457328450902633,"[7107.4867521173965, 6700.0, 0.0, 0.0]","[47193.712034059514, 48575.0, 0.0, 0.0]","['601398.SH', '601288.SH']"
2026-03-17,2026-03-18,98387.7261354242,757.0408235894228,0.9923055359309004,0.019289911993964903,0.019289911993964903,"[7107.4867521173965, 6700.0, 0.0, 0.0]","[48117.68531183477, 49513.0, 0.0, 0.0]","['601398.SH', '601288.SH']"
2026-03-18,2026-03-19,97831.35179781832,757.0408235894228,0.9922617769285867,-0.005654916110573116,-0.005654916110573116,"[7107.4867521173965, 6700.0, 0.0, 0.0]","[47762.3109742289, 49312.0, 0.0, 0.0]","['601398.SH', '601288.SH']"
2026-03-19,2026-03-20,99538.95073798773,757.0408235894228,0.99239452678598,0.01745451645908358,0.01745451645908358,"[7107.4867521173965, 6700.0, 0.0, 0.0]","[48330.9099143983, 50451.0, 0.0, 0.0]","['601398.SH', '601288.SH']"
2026-03-20,2026-03-23,98777.50153286068,757.0408235894228,0.9923358982375396,-0.007649761218916029,-0.007649761218916029,"[7107.4867521173965, 6700.0, 0.0, 0.0]","[47904.460709271254, 50116.0, 0.0, 0.0]","['601398.SH', '601288.SH']"
2026-03-23,2026-03-24,95384.48010978897,757.0408235894228,0.9920632704322752,-0.034350144217232925,-0.034350144217232925,"[7107.4867521173965, 6700.0, 0.0, 0.0]","[45985.43928619955, 48642.0, 0.0, 0.0]","['601398.SH', '601288.SH']"
2026-03-24,2026-03-25,96066.70471235251,757.0408235894228,0.9921196336872781,0.007152364847806458,0.007152364847806458,"[7107.4867521173965, 6700.0, 0.0, 0.0]","[46198.663888763076, 49111.0, 0.0, 0.0]","['601398.SH', '601288.SH']"
2026-03-25,2026-03-26,96145.92931491602,757.0408235894228,0.9921261271383647,0.0008246832531699777,0.0008246832531699777,"[7107.4867521173965, 6700.0, 0.0, 0.0]","[46411.8884913266, 48977.0, 0.0, 0.0]","['601398.SH', '601288.SH']"
2026-03-26,2026-03-27,96531.62984483133,757.0408235894228,0.992157587882787,0.004011615808007685,0.004011615808007685,"[7107.4867521173965, 6700.0, 0.0, 0.0]","[46127.5890212419, 49647.0, 0.0, 0.0]","['601398.SH', '601288.SH']"
2026-03-27,2026-03-30,95979.33037474664,757.0408235894228,0.9921124598324077,-0.005721435253631113,-0.005721435253631113,"[7107.4867521173965, 6700.0, 0.0, 0.0]","[45843.289551157206, 49379.0, 0.0, 0.0]","['601398.SH', '601288.SH']"
2026-03-30,2026-03-31,97745.77957987368,757.0408235894228,0.9922550024477444,0.018404475195128223,0.018404475195128223,"[7107.4867521173965, 6700.0, 0.0, 0.0]","[46269.73875628425, 50719.0, 0.0, 0.0]","['601398.SH', '601288.SH']"
2026-03-31,2026-04-01,99226.12719525481,757.0408235894228,0.9923705495217027,0.01514487501909434,0.01514487501909434,"[7107.4867521173965, 6700.0, 0.0, 0.0]","[47549.086371665384, 50920.0, 0.0, 0.0]","['601398.SH', '601288.SH']"
2026-04-01,2026-04-02,99226.91736744432,1587.606393215423,0.984000244738669,7.963348080064492e-06,0.00012319943253902288,"[7207.4867521173965, 6500.0, 0.0, 0.0]","[48434.3109742289, 49205.0, 0.0, 0.0]","['601288.SH', '601398.SH']"
2026-04-02,2026-04-03,101065.48958538898,1587.606393215423,0.9842913105182747,0.018528966400682245,0.018528966400682245,"[7207.4867521173965, 6500.0, 0.0, 0.0]","[49947.883192173555, 49530.0, 0.0, 0.0]","['601288.SH', '601398.SH']"
2026-04-03,2026-04-07,99629.74091017724,1587.606393215423,0.9840649350413673,-0.014206122001701571,-0.014206122001701571,"[7207.4867521173965, 6500.0, 0.0, 0.0]","[49227.13451696182, 48815.0, 0.0, 0.0]","['601288.SH', '601398.SH']"
2026-04-07,2026-04-08,97206.16869223259,1587.606393215423,0.9836676374084654,-0.024325790630426836,-0.024325790630426836,"[7207.4867521173965, 6500.0, 0.0, 0.0]","[47713.56229901717, 47905.0, 0.0, 0.0]","['601288.SH', '601398.SH']"
2026-04-08,2026-04-09,96953.24355975376,1587.606393215423,0.9836250306341019,-0.00260194528682256,-0.00260194528682256,"[7207.4867521173965, 6500.0, 0.0, 0.0]","[47785.63716653834, 47580.0, 0.0, 0.0]","['601288.SH', '601398.SH']"
2026-04-09,2026-04-10,96455.79435462672,1587.606393215423,0.9835405803887896,-0.005130815503046615,-0.005130815503046615,"[7207.4867521173965, 6500.0, 0.0, 0.0]","[47353.1879614113, 47515.0, 0.0, 0.0]","['601288.SH', '601398.SH']"
2026-04-10,2026-04-13,96672.01895719024,1587.606393215423,0.9835773948828103,0.002241696354379208,0.002241696354379208,"[7207.4867521173965, 6500.0, 0.0, 0.0]","[47569.412563974816, 47515.0, 0.0, 0.0]","['601288.SH', '601398.SH']"
2026-04-13,2026-04-14,96932.01895719024,1587.606393215423,0.9836214451086943,0.002689506258425567,0.002689506258425567,"[7207.4867521173965, 6500.0, 0.0, 0.0]","[47569.412563974816, 47775.0, 0.0, 0.0]","['601288.SH', '601398.SH']"
2026-04-14,2026-04-15,98591.06710248668,1587.606393215423,0.9838970563979688,0.017115584335751333,0.017115584335751333,"[7207.4867521173965, 6500.0, 0.0, 0.0]","[48578.460709271254, 48425.0, 0.0, 0.0]","['601288.SH', '601398.SH']"
2026-04-15,2026-04-16,100285.48958538898,1587.606393215423,0.9841691315485513,0.017186369239121202,0.017186369239121202,"[7207.4867521173965, 6500.0, 0.0, 0.0]","[49947.883192173555, 48750.0, 0.0, 0.0]","['601288.SH', '601398.SH']"
2026-04-16,2026-04-17,100465.0136580372,1587.606393215423,0.9841974202221351,0.0017901300915061924,0.0017901300915061924,"[7207.4867521173965, 6500.0, 0.0, 0.0]","[50452.40726482178, 48425.0, 0.0, 0.0]","['601288.SH', '601398.SH']"
2026-04-17,2026-04-20,100760.38799564308,1587.606393215423,0.9842437447413951,0.0029400716413703343,0.0029400716413703343,"[7207.4867521173965, 6500.0, 0.0, 0.0]","[50812.78160242765, 48360.0, 0.0, 0.0]","['601288.SH', '601398.SH']"
2026-04-20,2026-04-21,102686.51100846069,1587.606393215423,0.98453928975068,0.019115875307079033,0.019115875307079033,"[7207.4867521173965, 6500.0, 0.0, 0.0]","[51893.90461524526, 49205.0, 0.0, 0.0]","['601288.SH', '601398.SH']"
2026-04-21,2026-04-22,102867.36127341833,1587.606393215423,0.984566471098684,0.0017611881364119064,0.0017611881364119064,"[7207.4867521173965, 6500.0, 0.0, 0.0]","[51749.754880202905, 49530.0, 0.0, 0.0]","['601288.SH', '601398.SH']"
2026-04-22,2026-04-23,101424.5377306854,1587.606393215423,0.9843469200970772,-0.014026057681191362,-0.014026057681191362,"[7207.4867521173965, 6500.0, 0.0, 0.0]","[50956.93133746999, 48880.0, 0.0, 0.0]","['601288.SH', '601398.SH']"
2026-04-23,2026-04-24,101526.23826060072,1587.606393215423,0.9843626000488632,0.0010027211579248796,0.0010027211579248796,"[7207.4867521173965, 6500.0, 0.0, 0.0]","[50668.6318673853, 49270.0, 0.0, 0.0]","['601288.SH', '601398.SH']"
2026-04-24,2026-04-27,101259.16339307954,1587.606393215423,0.9843213558159426,-0.0026305994597736193,-0.0026305994597736193,"[7207.4867521173965, 6500.0, 0.0, 0.0]","[50596.55699986412, 49075.0, 0.0, 0.0]","['601288.SH', '601398.SH']"
2026-04-27,2026-04-28,100004.26498282547,1587.606393215423,0.9841246131503684,-0.012392936779288433,-0.012392936779288433,"[7207.4867521173965, 6500.0, 0.0, 0.0]","[49731.65858961004, 48685.0, 0.0, 0.0]","['601288.SH', '601398.SH']"
2026-04-28,2026-04-29,100638.78905547367,1587.606393215423,0.9842247069135509,0.006344970114596338,0.006344970114596338,"[7207.4867521173965, 6500.0, 0.0, 0.0]","[50236.18266225825, 48815.0, 0.0, 0.0]","['601288.SH', '601398.SH']"
2026-04-29,2026-04-30,99953.4147178678,1587.606393215423,0.9841165367116606,-0.006810240306330373,-0.006810240306330373,"[7207.4867521173965, 6500.0, 0.0, 0.0]","[49875.80832465238, 48490.0, 0.0, 0.0]","['601288.SH', '601398.SH']"
2026-04-30,2026-05-06,99816.33985034663,1587.606393215423,0.9840947244149034,-0.00137138753996624,-0.00137138753996624,"[7207.4867521173965, 6500.0, 0.0, 0.0]","[49803.73345713121, 48425.0, 0.0, 0.0]","['601288.SH', '601398.SH']"
2026-05-06,2026-05-07,98649.28458576124,110.15006879942302,0.9988834174595188,-0.011692026238741438,-0.011637362599259404,"[7207.4867521173965, 6700.0, 0.0, 0.0]","[49227.13451696182, 49312.0, 0.0, 0.0]","['601398.SH', '601288.SH']"
2026-05-07,2026-05-08,99416.73379088829,110.15006879942302,0.9988920369378548,0.007779571928470119,0.007779571928470119,"[7207.4867521173965, 6700.0, 0.0, 0.0]","[49659.58372208886, 49647.0, 0.0, 0.0]","['601398.SH', '601288.SH']"
2026-05-08,2026-05-11,99535.50918832477,110.15006879942302,0.9988933590665516,0.0011947223863368883,0.0011947223863368883,"[7207.4867521173965, 6700.0, 0.0, 0.0]","[49443.35911952534, 49982.0, 0.0, 0.0]","['601398.SH', '601288.SH']"
2026-05-11,2026-05-12,99237.05998319773,110.15006879942302,0.998890030913672,-0.002998419434036892,-0.002998419434036892,"[7207.4867521173965, 6700.0, 0.0, 0.0]","[49010.9099143983, 50116.0, 0.0, 0.0]","['601398.SH', '601288.SH']"
2026-05-12,2026-05-13,99445.42932342614,110.15006879942302,0.9988923566467677,0.0020997129526376668,0.0020997129526376668,"[7348.242913943125, 6855.926296815541, 0.0, 0.0]","[49012.780236000646, 50322.49901862607, 0.0, 0.0]","['601398.SH', '601288.SH']"
2026-05-13,2026-05-14,98544.31257249757,110.15006879942302,0.9988822280462062,-0.009061419484628797,-0.009061419484628797,"[7348.242913943125, 6855.926296815541, 0.0, 0.0]","[48865.81537772178, 49568.34712597636, 0.0, 0.0]","['601398.SH', '601288.SH']"
2026-05-14,2026-05-15,99617.01001256138,110.15006879942302,0.998894264455583,0.010885432269616135,0.010885432269616135,"[7348.242913943125, 6855.926296815541, 0.0, 0.0]","[49527.15723997667, 49979.70270378529, 0.0, 0.0]","['601398.SH', '601288.SH']"
2026-05-15,2026-05-18,98612.87183546573,110.15006879942302,0.9988830051620116,-0.010079987112331823,-0.010079987112331823,"[7348.242913943125, 6855.926296815541, 0.0, 0.0]","[48865.81537772178, 49636.90638894452, 0.0, 0.0]","['601398.SH', '601288.SH']"
2026-05-18,2026-05-19,97976.14580406723,110.15006879942302,0.9988757460512918,-0.006456824748607537,-0.006456824748607537,"[7348.242913943125, 6855.926296815541, 0.0, 0.0]","[48571.88566116406, 49294.110074103744, 0.0, 0.0]","['601398.SH', '601288.SH']"
2026-05-19,2026-05-20,98603.02550312316,110.15006879942302,0.9988828936207851,0.0063982890315932295,0.0063982890315932295,"[7348.242913943125, 6855.926296815541, 0.0, 0.0]","[48718.850519442916, 49774.02491488082, 0.0, 0.0]","['601398.SH', '601288.SH']"
2026-05-20,2026-05-21,96389.0713600274,110.15006879942302,0.9988572348789626,-0.022453207006570386,-0.022453207006570386,"[7348.242913943125, 6855.926296815541, 0.0, 0.0]","[47396.16679493316, 48882.75449629481, 0.0, 0.0]","['601398.SH', '601288.SH']"
2026-05-21,2026-05-22,96609.51864744569,110.15006879942302,0.9988598424840373,0.0022870568655535273,0.0022870568655535273,"[7348.242913943125, 6855.926296815541, 0.0, 0.0]","[47616.61408235145, 48882.75449629481, 0.0, 0.0]","['601398.SH', '601288.SH']"
2026-05-22,2026-05-25,96516.34355362115,110.15006879942302,0.9988587417970488,-0.0009644504509390694,-0.0009644504509390694,"[7348.242913943125, 6855.926296815541, 0.0, 0.0]","[47249.201936654295, 49156.991548167425, 0.0, 0.0]","['601398.SH', '601288.SH']"
2026-05-25,2026-05-26,96589.82598276058,110.15006879942302,0.9988596100295378,0.0007613470054281812,0.0007613470054281812,"[7348.242913943125, 6855.926296815541, 0.0, 0.0]","[47322.68436579373, 49156.991548167425, 0.0, 0.0]","['601398.SH', '601288.SH']"
2026-05-26,2026-05-27,96437.93795831043,110.15006879942302,0.9988578139357662,-0.001572505415604053,-0.001572505415604053,"[7348.242913943125, 6855.926296815541, 0.0, 0.0]","[47102.23707837543, 49225.55081113558, 0.0, 0.0]","['601398.SH', '601288.SH']"
2026-05-27,2026-05-28,95002.75153872075,110.15006879942302,0.9988405591731253,-0.014881969170785214,-0.014881969170785214,"[7348.242913943125, 6855.926296815541, 0.0, 0.0]","[46146.96549956283, 48745.6359703585, 0.0, 0.0]","['601398.SH', '601288.SH']"
2026-05-28,2026-05-29,93719.4531435812,110.15006879942302,0.9988246829755753,-0.01350801291914705,-0.01350801291914705,"[7348.242913943125, 6855.926296815541, 0.0, 0.0]","[45412.14120816851, 48197.161866613256, 0.0, 0.0]","['601398.SH', '601288.SH']"
2026-05-29,2026-06-01,95913.71462199186,110.15006879942302,0.9988515712353176,0.023413084528448813,0.023413084528448813,"[7348.242913943125, 6855.926296815541, 0.0, 0.0]","[46440.89521612055, 49362.66933707189, 0.0, 0.0]","['601398.SH', '601288.SH']"
2026-06-01,2026-06-02,97911.1982859232,179.35737853942317,0.9981681627670855,0.020825839889567987,0.020938364884586225,"[7448.242913943125, 6755.926296815541, 0.0, 0.0]","[48413.578940630316, 49318.261966753445, 0.0, 0.0]","['601288.SH', '601398.SH']"
2026-06-02,2026-06-03,97592.49907085163,179.35737853942317,0.9981621806978299,-0.003254982276295837,-0.003254982276295837,"[7448.242913943125, 6755.926296815541, 0.0, 0.0]","[47892.201936654295, 49520.93975565791, 0.0, 0.0]","['601288.SH', '601398.SH']"
2026-06-03,2026-06-04,96942.92670711057,179.35737853942317,0.9981498662704777,-0.006655966082695253,-0.006655966082695253,"[7448.242913943125, 6755.926296815541, 0.0, 0.0]","[47445.30736181771, 49318.261966753445, 0.0, 0.0]","['601288.SH', '601398.SH']"
2026-06-04,2026-06-05,96090.67655446506,179.35737853942317,0.998133457011953,-0.008791256686734639,-0.008791256686734639,"[7448.242913943125, 6755.926296815541, 0.0, 0.0]","[46998.41278698112, 48912.90638894452, 0.0, 0.0]","['601288.SH', '601398.SH']"
2026-06-05,2026-06-08,97706.84809827412,179.35737853942317,0.9981643315486032,0.016819233683852852,0.016819233683852852,"[7448.242913943125, 6755.926296815541, 0.0, 0.0]","[47668.754649236005, 49858.73607049869, 0.0, 0.0]","['601288.SH', '601398.SH']"
2026-06-08,2026-06-09,98992.14649341367,179.35737853942317,0.9981881655778485,0.013154639824700887,0.013154639824700887,"[7448.242913943125, 6755.926296815541, 0.0, 0.0]","[48413.578940630316, 50399.21017424393, 0.0, 0.0]","['601288.SH', '601398.SH']"
2026-06-09,2026-06-10,100703.56996487599,179.35737853942317,0.9982189570975291,0.017288477238708966,0.017288477238708966,"[7448.242913943125, 6755.926296815541, 0.0, 0.0]","[49381.850519442916, 51142.36206689365, 0.0, 0.0]","['601288.SH', '601398.SH']"
2026-06-10,2026-06-11,102468.70636696392,179.35737853942317,0.9982496375244838,0.017528041982062703,0.017528041982062703,"[7448.242913943125, 6755.926296815541, 0.0, 0.0]","[50201.15723997667, 52088.19174844782, 0.0, 0.0]","['601288.SH', '601398.SH']"
2026-06-11,2026-06-12,100615.241203394,179.35737853942317,0.9982173935440173,-0.018088109329029933,-0.018088109329029933,"[7448.242913943125, 6755.926296815541, 0.0, 0.0]","[49158.403232024626, 51277.480592829954, 0.0, 0.0]","['601288.SH', '601398.SH']"
2026-06-12,2026-06-15,102813.42584797596,179.35737853942317,0.9982555062526111,0.02184743204201367,0.02184743204201367,"[7448.242913943125, 6755.926296815541, 0.0, 0.0]","[50275.63966911609, 52358.42880032044, 0.0, 0.0]","['601288.SH', '601398.SH']"
2026-06-15,2026-06-16,100582.29777128223,179.35737853942317,0.9982168096920268,-0.021700746359651135,-0.021700746359651135,"[7448.242913943125, 6755.926296815541, 0.0, 0.0]","[49530.81537772178, 50872.125015021025, 0.0, 0.0]","['601288.SH', '601398.SH']"
2026-06-16,2026-06-17,99690.18102035366,179.35737853942317,0.9982008521129798,-0.008869520489154015,-0.008869520489154015,"[7448.242913943125, 6755.926296815541, 0.0, 0.0]","[49381.850519442916, 50128.97312237131, 0.0, 0.0]","['601288.SH', '601398.SH']"
2026-06-17,2026-06-18,98553.84748349297,179.35737853942317,0.9981801077977248,-0.01139865055143885,-0.01139865055143885,"[7448.242913943125, 6755.926296815541, 0.0, 0.0]","[48785.99108632747, 49588.49901862607, 0.0, 0.0]","['601288.SH', '601398.SH']"
2026-06-18,2026-06-22,95496.48952009421,179.35737853942317,0.9981218432275284,-0.0310222080767657,-0.0310222080767657,"[7448.242913943125, 6755.926296815541, 0.0, 0.0]","[47147.377645259985, 48169.75449629481, 0.0, 0.0]","['601288.SH', '601398.SH']"
2026-06-22,2026-06-23,96483.85819867604,179.35737853942317,0.9981410633665778,0.010339319105275191,0.010339319105275191,"[7448.242913943125, 6755.926296815541, 0.0, 0.0]","[47594.272220096565, 48710.22860004005, 0.0, 0.0]","['601288.SH', '601398.SH']"
2026-06-23,2026-06-24,99108.16791958077,179.35737853942317,0.9981902866100304,0.027199469112241026,0.027199469112241026,"[7448.242913943125, 6755.926296815541, 0.0, 0.0]","[48934.955944606336, 49993.854596435005, 0.0, 0.0]","['601288.SH', '601398.SH']"
2026-06-24,2026-06-25,95191.63663736521,179.35737853942317,0.9981158283975861,-0.03951774474726988,-0.03951774474726988,"[7448.242913943125, 6755.926296815541, 0.0, 0.0]","[46774.96549956283, 48237.31375926296, 0.0, 0.0]","['601288.SH', '601398.SH']"
2026-06-25,2026-06-26,95643.78197962847,179.35737853942317,0.9981247356092879,0.004749843139956855,0.004749843139956855,"[7448.242913943125, 6755.926296815541, 0.0, 0.0]","[46551.51821214453, 48912.90638894452, 0.0, 0.0]","['601288.SH', '601398.SH']"
2026-06-26,2026-06-29,94162.72896175573,179.35737853942317,0.9980952402238441,-0.015485094662904486,-0.015485094662904486,"[7448.242913943125, 6755.926296815541, 0.0, 0.0]","[45881.176349889654, 48102.19523332665, 0.0, 0.0]","['601288.SH', '601398.SH']"
2026-06-29,2026-06-30,94866.01425612238,179.35737853942317,0.9981093610820921,0.0074688287194000225,0.0074688287194000225,"[7448.242913943125, 6755.926296815541, 0.0, 0.0]","[46179.10606644738, 48507.55081113558, 0.0, 0.0]","['601288.SH', '601398.SH']"
2026-06-30,2026-07-01,92846.67940975042,92846.67940975042,0.0,-0.02128617779724673,-0.02024986968833342,"[0.0, 0.0, 0.0, 0.0]","[0.0, 0.0, 0.0, 0.0]","['601288.SH', '601398.SH']"
