date,equity,daily_return,matched_return,cash,exposure,holdings
2025-07-01,100000.0,0.0,0.0,100000.0,0.0,0
2025-07-02,99944.16078347802,-0.000558392165219801,0.0,245.16078347801522,0.9975470224417698,1
2025-07-03,100278.16078347802,0.003341866071831623,0.0033418660718318133,245.16078347801522,0.99755519266047,1
2025-07-04,99610.16078347802,-0.006661470401739367,-0.006661470401739339,245.16078347801522,0.9975387974324134,1
2025-07-07,100946.16078347802,0.01341228635203251,0.0134122863520324,245.16078347801522,0.9975713709013276,1
2025-07-08,101781.16078347802,0.008271736077125391,0.008271736077125509,245.16078347801522,0.9975912950727733,1
2025-07-09,102282.16078347802,0.00492232546910909,0.0049223254691092184,245.16078347801522,0.9976030934270445,1
2025-07-10,103952.16078347802,0.016327382871146323,0.016327382871146295,245.16078347801522,0.9976415999279836,1
2025-07-11,105956.16078347802,0.019278098549333045,0.01927809854933288,245.16078347801522,0.9976862054866351,1
2025-07-14,105789.16078347802,-0.0015761235473722435,-0.0015761235473721938,245.16078347801522,0.9976825529036969,1
2025-07-15,107125.16078347802,0.012628893074730252,0.012628893074730408,245.16078347801522,0.9977114546976174,1
2025-07-16,105622.16078347802,-0.01403031733168525,-0.014030317331685443,245.16078347801522,0.9976788887705054,1
2025-07-17,105627.63657314642,5.184318923023845e-05,5.1843189230326875e-05,245.16078347801522,0.9976790090980759,1
2025-07-18,105116.07115669172,-0.004843101985912979,-0.004843101985912988,245.16078347801522,0.9976677135971667,1
2025-07-21,106309.72379508601,0.011355567471837524,0.011355567471837531,245.16078347801522,0.997693900663776,1
2025-07-22,105627.63657314642,-0.006416037946390785,-0.006416037946390778,245.16078347801522,0.9976790090980759,1
2025-07-23,104092.94032378231,-0.014529305957738936,-0.014529305957738964,245.16078347801522,0.9976447895244822,1
2025-07-24,106991.81101702561,0.027848869329911485,0.02784886932991151,245.16078347801522,0.9977086023579973,1
2025-07-25,105798.15837863133,-0.011156485968859209,-0.011156485968859263,245.16078347801522,0.9976827499907831,1
2025-07-28,105457.11476766151,-0.0032235306946392095,-0.0032235306946391683,245.16078347801522,0.9976752561074884,1
2025-07-29,105968.68018411622,0.004850933173942584,0.004850933173942462,245.16078347801522,0.9976864788440126,1
2025-07-30,105116.07115669172,-0.008045858700355013,-0.008045858700354933,245.16078347801522,0.9976677135971667,1
2025-07-31,106821.28921154072,0.016222239245482273,0.016222239245482252,245.16078347801522,0.9977049445359856,1
2025-08-01,107844.42004445012,0.009577967467545578,0.009577967467545514,245.16078347801522,0.9977267179574338,1
2025-08-04,108355.98546090482,0.004743550164615362,0.00474355016461524,245.16078347801522,0.9977374504746074,1
2025-08-05,109379.11629381422,0.009442310256857489,0.009442310256857645,245.16078347801522,0.997758614333476,1
2025-08-06,112107.46518157262,0.024943965358336984,0.02494396535833681,245.16078347801522,0.9978131627266663,1
2025-08-07,113130.59601448203,0.009126339902987723,0.009126339902987921,245.16078347801522,0.9978329400523389,1
2025-08-08,114835.81406933103,0.015073005136742257,0.015073005136742266,245.16078347801522,0.9978651191227678,1
2025-08-11,114324.24865287634,-0.00445475499608361,-0.004454754996083768,245.16078347801522,0.9978555661955636,1
2025-08-12,115176.85768030083,0.007457814396080398,0.007457814396080393,245.16078347801522,0.9978714405965258,1
2025-08-13,117223.11934611964,0.017766257102608707,0.017766257102608717,245.16078347801522,0.9979085969999302,1
2025-08-14,115858.94490224044,-0.011637418040815417,-0.011637418040815573,245.16078347801522,0.9978839718963013,1
2025-08-15,118416.77198451394,0.022077079024254376,0.022077079024254376,245.16078347801522,0.997929678546633,1
2025-08-18,116029.46670772534,-0.020160195526194524,-0.020160195526194625,245.16078347801522,0.9978870817005858,1
2025-08-19,118246.25017902904,0.01910534913417905,0.019105349134179044,245.16078347801522,0.9979266929555328,1
2025-08-20,119951.46823387804,0.014420905967565512,0.014420905967565524,245.16078347801522,0.9979561668807587,1
2025-08-21,120804.07726130255,0.007107949906558053,0.007107949906558159,245.16078347801522,0.9979705918124955,1
2025-08-22,123532.42614906095,0.022584907311173907,0.022584907311173765,245.16078347801522,0.9980154135143254,1
2025-08-25,124555.55698197035,0.00828228558933053,0.008282285589330472,245.16078347801522,0.9980317154094257,1
2025-08-26,123191.38253809114,-0.010952337068964924,-0.010952337068964878,245.16078347801522,0.9980099193756332,1
2025-08-27,123361.90434357604,0.0013842023847094875,0.0013842023847096155,245.16078347801522,0.9980126702422231,1
2025-08-28,120974.59906678744,-0.019352046237383735,-0.019352046237383753,245.16078347801522,0.9979734523993531,1
2025-08-29,119439.90281742334,-0.012686103208466415,-0.01268610320846643,245.16078347801522,0.9979474130697111,1
2025-09-01,119610.42462290825,0.0014276787025317983,0.0014276787025317306,245.16078347801522,0.9979503393266019,1
2025-09-02,120121.99003936295,0.004276930025685521,0.004276930025685599,245.16078347801522,0.9979590682488887,1
2025-09-03,122850.33892712135,0.022713150913203695,0.02271315091320382,245.16078347801522,0.9980043947324927,1
2025-09-04,121656.68628872705,-0.00971631538682538,-0.00971631538682554,245.16078347801522,0.9979848145551476,1
2025-09-05,127283.90586972875,0.046254914157752625,0.04625491415775266,245.16078347801522,0.998073905873623,1
2025-09-08,123532.42614906095,-0.02947332339492581,-0.029473323394925803,245.16078347801522,0.9980154135143254,1
2025-09-09,123873.46976003076,0.0027607618631102504,0.002760761863110157,245.16078347801522,0.9980208774005205,1
2025-09-10,124555.55698197035,0.0055063220822098025,0.005506322082209735,245.16078347801522,0.9980317154094257,1
2025-09-11,124385.03517648546,-0.001369042133620546,-0.0013690421336204574,245.16078347801522,0.9980290170507234,1
2025-09-12,124043.99156551565,-0.002741837958930571,-0.0027418379589307707,245.16078347801522,0.9980235980769087,1
2025-09-15,123361.90434357604,-0.005498752606484469,-0.00549875260648429,245.16078347801522,0.9980126702422231,1
2025-09-16,121827.20809421195,-0.012440601152603814,-0.01244060115260388,245.16078347801522,0.9979876352145538,1
2025-09-17,119610.42462290825,-0.018196127991289224,-0.018196127991289227,245.16078347801522,0.9979503393266019,1
2025-09-18,118757.81559548374,-0.007128216709475721,-0.007128216709475592,245.16078347801522,0.9979356240071551,1
2025-09-19,114835.81406933103,-0.033025207700956294,-0.033025207700956294,245.16078347801522,0.9978651191227678,1
2025-09-22,112789.55240351222,-0.017819019984335105,-0.017819019984335185,245.16078347801522,0.9978263874777964,1
2025-09-23,110061.20351575383,-0.02418973060552221,-0.02418973060552227,245.16078347801522,0.9977725049731723,1
2025-09-24,113130.59601448203,0.027888051381237622,0.027888051381237733,245.16078347801522,0.9978329400523389,1
2025-09-25,111936.94337608773,-0.010551103595719535,-0.010551103595719674,245.16078347801522,0.9978098313560848,1
2025-09-26,112619.03059802733,0.006093495153319584,0.0060934951533196564,245.16078347801522,0.9978230963081802,1
2025-09-29,112619.03059802733,0.0,0.0,245.16078347801522,0.9978230963081802,1
2025-09-30,112960.07420899713,0.0030282946777182573,0.0030282946777182977,245.16078347801522,0.997829668710872,1
2025-10-09,113471.63962545182,0.004528727694602885,0.004528727694603094,245.16078347801522,0.9978394532388247,1
2025-10-10,114494.77045836124,0.009016621565411276,0.009016621565411179,245.16078347801522,0.9978587599896785,1
2025-10-13,116199.98851321024,0.014893414328204235,0.0148934143282042,245.16078347801522,0.9978901823776847,1
2025-10-14,117564.16295708943,0.011739884498561004,0.011739884498560954,245.16078347801522,0.9979146639816804,1
2025-10-15,121486.16448324214,0.03336051929008521,0.03336051929008541,245.16078347801522,0.9979819859774087,1
2025-10-16,123873.46976003076,0.019650840792804214,0.019650840792804016,245.16078347801522,0.9980208774005205,1
2025-10-17,127965.99309166837,0.03303793249325859,0.03303793249325863,245.16078347801522,0.9980841723839677,1
2025-10-20,128818.60211909286,0.0066627781868087155,0.006662778186808944,245.16078347801522,0.9980968526327326,1
2025-10-21,132399.56003427575,0.027798453455288197,0.027798453455288204,245.16078347801522,0.9981483262979535,1
2025-10-22,134445.82170009456,0.01545519989106503,0.015455199891065214,245.16078347801522,0.9981765087201826,1
2025-10-23,138197.30142076238,0.027903282327629064,0.027903282327628953,245.16078347801522,0.9982260088948365,1
2025-10-24,134104.77808912477,-0.029613626963505668,-0.0296136269635057,245.16078347801522,0.9981718713757156,1
2025-10-27,135298.4307275191,0.008900895668318753,0.008900895668318481,245.16078347801522,0.9981879998004429,1
2025-10-28,139731.9976701265,0.03276879797324672,0.03276879797324691,245.16078347801522,0.9982454928894898,1
2025-10-29,141778.2593359453,0.014644188159748106,0.014644188159748195,245.16078347801522,0.9982708153942198,1
2025-10-30,138367.82322624727,-0.02405471844323437,-0.02405471844323429,245.16078347801522,0.9982281951268601,1
2025-10-31,137515.2141988228,-0.006161902439054567,-0.006161902439054719,245.16078347801522,0.9982172097472534,1
2025-11-03,135639.4743384889,-0.013640235164248282,-0.013640235164248119,245.16078347801522,0.9981925557830884,1
2025-11-04,136833.12697688316,0.00880018626005219,0.008800186260052138,245.16078347801522,0.9982083228755021,1
2025-11-05,139731.9976701265,0.021185445054786145,0.02118544505478599,245.16078347801522,0.9982454928894898,1
2025-11-06,138879.38864270202,-0.00610174506656147,-0.006101745066561508,245.16078347801522,0.9982347216107873,1
2025-11-07,139731.9976701265,0.006139204929955566,0.006139204929955558,245.16078347801522,0.9982454928894898,1
2025-11-10,137685.7360043077,-0.014644188159747995,-0.014644188159747863,245.16078347801522,0.9982194177073626,1
2025-11-11,138708.86683721707,0.007430913779459036,0.007430913779459012,245.16078347801522,0.9982325514650354,1
2025-11-12,142119.3029469151,0.024587008656774545,0.024587008656774573,245.16078347801522,0.9982749649175411,1
2025-11-13,146211.8262785527,0.02879639321877514,0.028796393218775123,245.16078347801522,0.9983232492903072,1
2025-11-14,146211.8262785527,0.0,0.0,245.16078347801522,0.9983232492903072,1
2025-11-17,144336.0864182188,-0.012828920259571719,-0.012828920259571804,245.16078347801522,0.9983014588412238,1
2025-11-18,141437.21572497545,-0.020084171361303027,-0.02008417136130263,245.16078347801522,0.9982666458596391,1
2025-11-19,140073.0412810963,-0.009645088365793364,-0.009645088365793657,245.16078347801522,0.9982497646853684,1
2025-11-20,139902.5194756114,-0.0012173777618114112,-0.0012173777618113152,245.16078347801522,0.998247631390793,1
2025-11-21,139220.4322536718,-0.004875446307158859,-0.004875446307158923,245.16078347801522,0.9982390459538918,1
2025-11-24,137344.69239333784,-0.013473165037414914,-0.013473165037414634,245.16078347801522,0.9982149963045103,1
2025-11-25,136492.08336591336,-0.006207804703386111,-0.006207804703386036,245.16078347801522,0.998203846132081,1
2025-11-26,137856.2578097926,0.009994531625853176,0.009994531625853063,245.16078347801522,0.9982216202051829,1
2025-11-27,135809.99614397378,-0.014843444166619868,-0.014843444166619868,245.16078347801522,0.9981948251937351,1
2025-11-28,138026.77961527748,0.016322682676124023,0.01632268267612419,245.16078347801522,0.9982238172609593,1
2025-12-01,136833.12697688316,-0.008647978614884755,-0.008647978614884777,245.16078347801522,0.9982083228755021,1
2025-12-02,136151.03975494357,-0.0049848106011259885,-0.004984810601126004,245.16078347801522,0.9981993469611449,1
2025-12-03,136662.60517139826,0.003757337566980379,0.0037573375669805557,245.16078347801522,0.9982060872967369,1
2025-12-04,135980.51794945868,-0.004991030436483523,-0.004991030436483578,245.16078347801522,0.9981970889126254,1
2025-12-05,134786.86531106435,-0.008778115103503126,-0.008778115103503164,245.16078347801522,0.9981811225974266,1
2025-12-08,133593.21267267008,-0.008855852798709485,-0.008855852798709523,245.16078347801522,0.9981648709648242,1
2025-12-09,134275.29989460966,0.005105702664781608,0.005105702664781575,245.16078347801522,0.9981741929925279,1
2025-12-10,137515.2141988228,0.02412889270592644,0.024128892705926157,245.16078347801522,0.9982172097472534,1
2025-12-11,133934.25628363987,-0.02604044894992852,-0.02604044894992831,245.16078347801522,0.9981695438472526,1
2025-12-12,134445.82170009456,0.0038195263157418946,0.0038195263157420564,245.16078347801522,0.9981765087201826,1
2025-12-15,131543.81536424847,-0.021584949975756995,-0.021584949975757158,245.16078347801522,0.998136280426418,1
2025-12-16,129291.99147302155,-0.01711843225005716,-0.017118432250057155,245.16078347801522,0.9981038208114447,1
2025-12-17,127559.81924900082,-0.013397366722301407,-0.013397366722301473,245.16078347801522,0.9980780720377201,1
2025-12-18,129465.20869542361,0.014937222846822973,0.014937222846823127,245.16078347801522,0.998106357793353,1
2025-12-19,131717.03258665057,0.017393274331519715,0.01739327433151968,245.16078347801522,0.9981387313495941,1
2025-12-22,130331.29480743398,-0.010520566338335757,-0.01052056633833573,245.16078347801522,0.9981189415493781,1
2025-12-23,131543.81536424847,0.009303372291405543,0.009303372291405635,245.16078347801522,0.998136280426418,1
2025-12-24,133102.77036586712,0.011851222326962896,0.011851222326962637,245.16078347801522,0.9981581090851519,1
2025-12-25,132409.90147625882,-0.005205518169935752,-0.005205518169935487,245.16078347801522,0.9981484709168675,1
2025-12-26,131024.16369704227,-0.010465514767149187,-0.010465514767149412,245.16078347801522,0.9981288887747082,1
2025-12-29,129984.86036262984,-0.007932150109467795,-0.007932150109467743,245.16078347801522,0.998113928169834,1
2025-12-30,132409.90147625882,0.018656335105978084,0.01865633510597821,245.16078347801522,0.9981484709168675,1
2025-12-31,131890.24980905262,-0.00392456803768082,-0.003924568037681071,245.16078347801522,0.9981411758349615,1
2026-01-05,132756.33592106297,0.006566718262072113,0.00656671826207208,245.16078347801522,0.9981533025766561,1
2026-01-06,131370.59814184642,-0.010438204471389656,-0.01043820447138972,245.16078347801522,0.9981338230399673,1
2026-01-07,130850.9464746402,-0.003955616207556134,-0.00395561620755604,245.16078347801522,0.9981264118442924,1
2026-01-08,129638.42591782569,-0.009266425574151249,-0.009266425574151478,245.16078347801522,0.9981088879956517,1
2026-01-09,128772.33980581533,-0.006680782382835759,-0.0066807823828354375,245.16078347801522,0.9980961689144756,1
2026-01-12,128079.47091620705,-0.005380572339161449,-0.005380572339161688,245.16078347801522,0.9980858697984597,1
2026-01-13,130158.0775850319,0.01622903853330815,0.016229038533308156,245.16078347801522,0.9981164381955637,1
2026-01-14,131543.81536424847,0.010646575340752529,0.010646575340752838,245.16078347801522,0.998136280426418,1
2026-01-15,129118.77425061948,-0.018435234730830863,-0.018435234730830866,245.16078347801522,0.9981012770226415,1
2026-01-16,127213.38480419668,-0.014756873719420804,-0.014756873719420872,245.16078347801522,0.9980728381384132,1
2026-01-19,124441.90924576354,-0.021786037394562863,-0.021786037394562828,245.16078347801522,0.9980299178551348,1
2026-01-20,123056.17146654696,-0.011135619725022416,-0.011135619725022455,245.16078347801522,0.9980077327243627,1
2026-01-21,124615.1264681656,0.012668645408348667,0.01266864540834873,245.16078347801522,0.9980326563040431,1
2026-01-22,119765.0442409076,-0.03892049356060323,-0.03892049356060321,245.16078347801522,0.9979529854889472,1
2026-01-23,118032.87201688687,-0.014463086746216769,-0.014463086746216689,245.16078347801522,0.9979229448602849,1
2026-01-26,117166.78590487652,-0.007337668712207868,-0.007337668712207951,245.16078347801522,0.9979075914596048,1
2026-01-27,119418.60979610345,0.019218961020703418,0.01921896102070355,245.16078347801522,0.9979470470817187,1
2026-01-28,118898.95812889723,-0.004351513286693698,-0.004351513286693549,245.16078347801522,0.9979380745858829,1
2026-01-29,117340.00312727859,-0.013111595140544385,-0.013111595140544387,245.16078347801522,0.9979106802714834,1
2026-01-30,117686.43757208274,0.002952398462341632,0.002952398462341793,245.16078347801522,0.997916830617565,1
2026-02-02,116820.35146007239,-0.007359268662371354,-0.0073592686623714714,245.16078347801522,0.9979013863559398,1
2026-02-03,117042.87564037836,0.0019048408733990385,0.0029655316087843575,117042.87564037836,0.0,0
2026-02-04,117042.87564037836,0.0,0.0,117042.87564037836,0.0,0
2026-02-05,117042.87564037836,0.0,0.0,117042.87564037836,0.0,0
2026-02-06,117042.87564037836,0.0,0.0,117042.87564037836,0.0,0
2026-02-09,117042.87564037836,0.0,0.0,117042.87564037836,0.0,0
2026-02-10,117042.87564037836,0.0,0.0,117042.87564037836,0.0,0
2026-02-11,117042.87564037836,0.0,0.0,117042.87564037836,0.0,0
2026-02-12,117042.87564037836,0.0,0.0,117042.87564037836,0.0,0
2026-02-13,117042.87564037836,0.0,0.0,117042.87564037836,0.0,0
2026-02-24,117042.87564037836,0.0,0.0,117042.87564037836,0.0,0
2026-02-25,117042.87564037836,0.0,0.0,117042.87564037836,0.0,0
2026-02-26,117042.87564037836,0.0,0.0,117042.87564037836,0.0,0
2026-02-27,117042.87564037836,0.0,0.0,117042.87564037836,0.0,0
2026-03-02,117042.87564037836,0.0,0.0,117042.87564037836,0.0,0
2026-03-03,117042.87564037836,0.0,0.0,117042.87564037836,0.0,0
2026-03-04,117042.87564037836,0.0,0.0,117042.87564037836,0.0,0
2026-03-05,117042.87564037836,0.0,0.0,117042.87564037836,0.0,0
2026-03-06,117042.87564037836,0.0,0.0,117042.87564037836,0.0,0
2026-03-09,117042.87564037836,0.0,0.0,117042.87564037836,0.0,0
2026-03-10,117042.87564037836,0.0,0.0,117042.87564037836,0.0,0
2026-03-11,117042.87564037836,0.0,0.0,117042.87564037836,0.0,0
2026-03-12,117042.87564037836,0.0,0.0,117042.87564037836,0.0,0
2026-03-13,117042.87564037836,0.0,0.0,117042.87564037836,0.0,0
2026-03-16,117042.87564037836,0.0,0.0,117042.87564037836,0.0,0
2026-03-17,117042.87564037836,0.0,0.0,117042.87564037836,0.0,0
2026-03-18,117042.87564037836,0.0,0.0,117042.87564037836,0.0,0
2026-03-19,117042.87564037836,0.0,0.0,117042.87564037836,0.0,0
2026-03-20,117042.87564037836,0.0,0.0,117042.87564037836,0.0,0
2026-03-23,117042.87564037836,0.0,0.0,117042.87564037836,0.0,0
2026-03-24,117042.87564037836,0.0,0.0,117042.87564037836,0.0,0
2026-03-25,117042.87564037836,0.0,0.0,117042.87564037836,0.0,0
2026-03-26,117042.87564037836,0.0,0.0,117042.87564037836,0.0,0
2026-03-27,117042.87564037836,0.0,0.0,117042.87564037836,0.0,0
2026-03-30,117042.87564037836,0.0,0.0,117042.87564037836,0.0,0
2026-03-31,117042.87564037836,0.0,0.0,117042.87564037836,0.0,0
2026-04-01,117042.87564037836,0.0,0.0,117042.87564037836,0.0,0
2026-04-02,116977.45124896435,-0.0005589779903821812,0.0,164.451248964353,0.9985941628304557,1
2026-04-03,118569.45124896435,0.013609460481505353,0.013609460481505369,164.451248964353,0.9986130386264582,1
2026-04-07,115982.45124896435,-0.021818436138057118,-0.021818436138057104,164.451248964353,0.9985821023163983,1
2026-04-08,114987.45124896434,-0.008578884040518986,-0.008578884040518967,164.451248964353,0.9985698330802351,1
2026-04-09,114390.45124896435,-0.005191870882566119,-0.005191870882566059,164.451248964353,0.9985623690861536,1
2026-04-10,113196.45124896435,-0.010437934171632302,-0.010437934171632404,164.451248964353,0.9985472049066039,1
2026-04-13,112599.45124896435,-0.005274016927323655,-0.00527401692732355,164.451248964353,0.9985395022165717,1
2026-04-14,112798.45124896435,0.001767326552595705,0.0017673265525956605,164.451248964353,0.9985420788393505,1
2026-04-15,113793.45124896435,0.00882104309928744,0.00882104309928739,164.451248964353,0.9985548267746572,1
2026-04-16,115584.45124896435,0.015739042803803782,0.01573904280380363,164.451248964353,0.9985772199704428,1
2026-04-17,114987.45124896434,-0.005165054586054096,-0.00516505458605397,164.451248964353,0.9985698330802351,1
2026-04-20,114589.45124896435,-0.003461247255044042,-0.003461247255044113,164.451248964353,0.9985648657256674,1
2026-04-21,117375.45124896435,0.02431288368723372,0.024312883687233635,164.451248964353,0.9985989297828936,1
2026-04-22,118171.45124896435,0.006781656568983996,0.006781656568984061,164.451248964353,0.9986083673575449,1
2026-04-23,116181.45124896435,-0.016839938741273985,-0.01683993874127387,164.451248964353,0.9985845309453748,1
2026-04-24,115982.45124896435,-0.0017128379604551824,-0.0017128379604552182,164.451248964353,0.9985821023163983,1
2026-04-27,115584.45124896435,-0.0034315536162075055,-0.003431553616207653,164.451248964353,0.9985772199704428,1
2026-04-28,114390.45124896435,-0.010330109172108082,-0.01033010917210794,164.451248964353,0.9985623690861536,1
2026-04-29,115783.45124896434,0.012177589866904093,0.012177589866904101,164.451248964353,0.9985796653391275,1
2026-04-30,115584.45124896435,-0.0017187257578985538,-0.001718725757898755,164.451248964353,0.9985772199704428,1
2026-05-06,114589.45124896435,-0.008608424310090013,-0.008608424310089987,164.451248964353,0.9985648657256674,1
2026-05-07,113609.68559457637,-0.008550225554874946,-0.006946538196352451,509.6855945763673,0.9955137135367559,1
2026-05-08,113261.68559457638,-0.0030631191185744866,-0.0030631191185744237,509.6855945763673,0.9954999292841111,1
2026-05-11,112565.68559457637,-0.006145061291877307,-0.006145061291877367,509.6855945763673,0.9954721050923806,1
2026-05-12,111637.68559457637,-0.00824407540449179,-0.008244075404491708,509.6855945763673,0.9954344664898613,1
2026-05-13,112101.68559457635,0.004156302574070292,0.004156302574070369,509.6855945763673,0.9954533636860762,1
2026-05-14,111869.68559457637,-0.0020695496126528212,-0.0020695496126530203,509.6855945763673,0.995443934682864,1
2026-05-15,113725.68559457637,0.0165907322447143,0.01659073224471434,509.6855945763673,0.9955182895410861,1
2026-05-18,113493.68559457637,-0.002039996494961227,-0.002039996494961106,509.6855945763673,0.9955091281783105,1
2026-05-19,113957.68559457635,0.004088333175270131,0.004088333175270219,509.6855945763673,0.9955274136016621,1
2026-05-20,115697.68559457637,0.015268825361988814,0.015268825361988815,509.6855945763673,0.9955946776985463,1
2026-05-21,114189.68559457638,-0.013033968590212441,-0.013033968590212407,509.6855945763673,0.9955365005874001,1
2026-05-22,117089.68559457638,0.025396339300699067,0.025396339300698956,509.6855945763673,0.995647049592898,1
2026-05-25,116393.68559457637,-0.005944161490107014,-0.005944161490106804,509.6855945763673,0.995621020229983,1
2026-05-26,117785.68559457637,0.011959411654414165,0.011959411654414161,509.6855945763673,0.9956727713388643,1
2026-05-27,119177.68559457637,0.011818074437256465,0.011818074437256515,509.6855945763673,0.9957233135378192,1
2026-05-28,118829.68559457635,-0.002920009717119809,-0.002920009717119812,509.6855945763673,0.9957107890000204,1
2026-05-29,116625.68559457637,-0.018547553912745318,-0.018547553912745412,509.6855945763673,0.9956297312039118,1
2026-06-01,116973.68559457635,0.002983905288323374,0.002983905288323422,509.6855945763673,0.9956427328763248,1
2026-06-02,117205.68559457637,0.001983352057522758,0.0019833520575227785,509.6855945763673,0.9956513577648494,1
2026-06-03,118133.68559457637,0.00791770463431285,0.007917704634312798,509.6855945763673,0.9956855185545843,1
2026-06-04,117553.68559457637,-0.004909691906087699,-0.00490969190608783,509.6855945763673,0.995664231265924,1
2026-06-05,117321.68559457637,-0.0019735663652445945,-0.001973566365244577,509.6855945763673,0.9956556574175242,1
2026-06-08,119641.68559457637,0.019774690316137544,0.01977469031613731,509.6855945763673,0.9957398995839668,1
2026-06-09,118945.68559457638,-0.005817370396790311,-0.0058173703967902765,509.6855945763673,0.9957149719888654,1
2026-06-10,121149.68559457637,0.018529465688333246,0.01852946568833342,509.6855945763673,0.995792926807239,1
2026-06-11,122309.68559457637,0.00957493198853121,0.00957493198853111,509.6855945763673,0.9958328272033513,1
2026-06-12,122193.68559457637,-0.0009484122163841979,-0.0009484122163842292,509.6855945763673,0.9958288712538924,1
2026-06-15,123817.68559457638,0.013290375784132058,0.013290375784131989,509.6855945763673,0.9958835800222816,1
2026-06-16,119873.68559457635,-0.031853284779640445,-0.03185328477964031,509.6855945763673,0.9957481444568229,1
2026-06-17,118597.68559457637,-0.010644537987390623,-0.010644537987390639,509.6855945763673,0.9957023984741261,1
2026-06-18,117437.68559457637,-0.009780966586189876,-0.009780966586189835,509.6855945763673,0.9956599485761672,1
2026-06-22,115117.68559457638,-0.019755157709844484,-0.01975515770984452,509.6855945763673,0.9955724822650501,1
2026-06-23,115813.68559457637,0.0060459867344029306,0.006045986734402919,509.6855945763673,0.9955990901078773,1
2026-06-24,117553.68559457637,0.015024131138448915,0.015024131138448896,509.6855945763673,0.995664231265924,1
2026-06-25,114073.68559457635,-0.029603495478669806,-0.02960349547866976,509.6855945763673,0.995531961714748,1
2026-06-26,114305.68559457637,0.002033773159785035,0.002033773159785267,509.6855945763673,0.9955410302477504,1
2026-06-29,113145.68559457638,-0.010148226608029942,-0.010148226608030064,509.6855945763673,0.9954953156905808,1
2026-06-30,113841.68559457637,0.006151361373988973,0.006151361373989204,509.6855945763673,0.9955228562198956,1
2026-07-01,111404.03818531238,-0.021412608189456672,-0.020379178223539372,111404.03818531238,0.0,0
