trade_date,stock_code,score,daily_rank,monthly_signal,selected_top2,model_quarter
2025-01-02,601288.SH,-0.1011536291,4,True,False,2025Q1
2025-01-02,601398.SH,0.06273596844,2,True,True,2025Q1
2025-01-02,601939.SH,-0.06106199678,3,True,False,2025Q1
2025-01-02,601988.SH,0.2343167665,1,True,True,2025Q1
2025-01-03,601288.SH,-0.01134797029,2,False,False,2025Q1
2025-01-03,601398.SH,0.1618395888,1,False,False,2025Q1
2025-01-03,601939.SH,-0.04520045457,3,False,False,2025Q1
2025-01-03,601988.SH,-0.05785435773,4,False,False,2025Q1
2025-01-06,601288.SH,0.091880467,3,False,False,2025Q1
2025-01-06,601398.SH,0.1479931618,1,False,False,2025Q1
2025-01-06,601939.SH,-0.0003107593175,4,False,False,2025Q1
2025-01-06,601988.SH,0.1141926496,2,False,False,2025Q1
2025-01-07,601288.SH,-0.1518827041,4,False,False,2025Q1
2025-01-07,601398.SH,0.1678357623,1,False,False,2025Q1
2025-01-07,601939.SH,-0.0346927698,3,False,False,2025Q1
2025-01-07,601988.SH,0.0907650863,2,False,False,2025Q1
2025-01-08,601288.SH,-0.09981052305,3,False,False,2025Q1
2025-01-08,601398.SH,0.1278809154,2,False,False,2025Q1
2025-01-08,601939.SH,-0.4622818474,4,False,False,2025Q1
2025-01-08,601988.SH,0.1364203503,1,False,False,2025Q1
2025-01-09,601288.SH,-0.070402798,3,False,False,2025Q1
2025-01-09,601398.SH,0.1575003214,1,False,False,2025Q1
2025-01-09,601939.SH,-0.4117557509,4,False,False,2025Q1
2025-01-09,601988.SH,0.02686283055,2,False,False,2025Q1
2025-01-10,601288.SH,-0.1901415804,4,False,False,2025Q1
2025-01-10,601398.SH,0.05373981346,2,False,False,2025Q1
2025-01-10,601939.SH,-0.1024040694,3,False,False,2025Q1
2025-01-10,601988.SH,0.1322955722,1,False,False,2025Q1
2025-01-13,601288.SH,-0.07270878106,4,False,False,2025Q1
2025-01-13,601398.SH,0.08534481663,1,False,False,2025Q1
2025-01-13,601939.SH,-0.06384278653,3,False,False,2025Q1
2025-01-13,601988.SH,0.07041881266,2,False,False,2025Q1
2025-01-14,601288.SH,0.04176827877,3,False,False,2025Q1
2025-01-14,601398.SH,0.1819120437,1,False,False,2025Q1
2025-01-14,601939.SH,0.06397169357,2,False,False,2025Q1
2025-01-14,601988.SH,0.01172407485,4,False,False,2025Q1
2025-01-15,601288.SH,0.01054107012,3,False,False,2025Q1
2025-01-15,601398.SH,0.1518430964,1,False,False,2025Q1
2025-01-15,601939.SH,-0.07099022706,4,False,False,2025Q1
2025-01-15,601988.SH,0.1316022456,2,False,False,2025Q1
2025-01-16,601288.SH,0.03169743405,3,False,False,2025Q1
2025-01-16,601398.SH,0.09569517561,2,False,False,2025Q1
2025-01-16,601939.SH,-0.2294540538,4,False,False,2025Q1
2025-01-16,601988.SH,0.1085913654,1,False,False,2025Q1
2025-01-17,601288.SH,0.08694693578,3,False,False,2025Q1
2025-01-17,601398.SH,0.2133252471,1,False,False,2025Q1
2025-01-17,601939.SH,-0.2624530205,4,False,False,2025Q1
2025-01-17,601988.SH,0.148081068,2,False,False,2025Q1
2025-01-20,601288.SH,-0.210735902,4,False,False,2025Q1
2025-01-20,601398.SH,0.02040162,3,False,False,2025Q1
2025-01-20,601939.SH,0.06023104454,2,False,False,2025Q1
2025-01-20,601988.SH,0.1312701881,1,False,False,2025Q1
2025-01-21,601288.SH,-0.1258783564,4,False,False,2025Q1
2025-01-21,601398.SH,0.157064149,1,False,False,2025Q1
2025-01-21,601939.SH,0.02198258447,3,False,False,2025Q1
2025-01-21,601988.SH,0.1410531033,2,False,False,2025Q1
2025-01-22,601288.SH,0.06114693407,3,False,False,2025Q1
2025-01-22,601398.SH,0.1038577695,2,False,False,2025Q1
2025-01-22,601939.SH,-0.2771175357,4,False,False,2025Q1
2025-01-22,601988.SH,0.2672573426,1,False,False,2025Q1
2025-01-23,601288.SH,0.04929936193,2,False,False,2025Q1
2025-01-23,601398.SH,-0.01345011644,3,False,False,2025Q1
2025-01-23,601939.SH,-0.4787958571,4,False,False,2025Q1
2025-01-23,601988.SH,0.1557237394,1,False,False,2025Q1
2025-01-24,601288.SH,0.1889404758,2,False,False,2025Q1
2025-01-24,601398.SH,-0.4182644715,4,False,False,2025Q1
2025-01-24,601939.SH,-0.3813283697,3,False,False,2025Q1
2025-01-24,601988.SH,0.2596323913,1,False,False,2025Q1
2025-01-27,601288.SH,0.007343839233,2,False,False,2025Q1
2025-01-27,601398.SH,-0.442934532,4,False,False,2025Q1
2025-01-27,601939.SH,-0.08241380734,3,False,False,2025Q1
2025-01-27,601988.SH,0.1595144252,1,False,False,2025Q1
2025-02-05,601288.SH,0.1260198587,2,True,True,2025Q1
2025-02-05,601398.SH,0.1146590802,3,True,False,2025Q1
2025-02-05,601939.SH,-0.2011020819,4,True,False,2025Q1
2025-02-05,601988.SH,0.2682986854,1,True,True,2025Q1
2025-02-06,601288.SH,-0.05811556054,4,False,False,2025Q1
2025-02-06,601398.SH,0.08057833435,2,False,False,2025Q1
2025-02-06,601939.SH,0.03306135149,3,False,False,2025Q1
2025-02-06,601988.SH,0.2511529583,1,False,False,2025Q1
2025-02-07,601288.SH,0.01790141348,4,False,False,2025Q1
2025-02-07,601398.SH,0.1606981351,2,False,False,2025Q1
2025-02-07,601939.SH,0.04957737981,3,False,False,2025Q1
2025-02-07,601988.SH,0.178292841,1,False,False,2025Q1
2025-02-10,601288.SH,-0.09511467369,4,False,False,2025Q1
2025-02-10,601398.SH,0.1925215833,1,False,False,2025Q1
2025-02-10,601939.SH,-0.0621819135,3,False,False,2025Q1
2025-02-10,601988.SH,0.1865302146,2,False,False,2025Q1
2025-02-11,601288.SH,-0.07094426535,3,False,False,2025Q1
2025-02-11,601398.SH,0.01014446356,2,False,False,2025Q1
2025-02-11,601939.SH,-0.3904790322,4,False,False,2025Q1
2025-02-11,601988.SH,0.2175165191,1,False,False,2025Q1
2025-02-12,601288.SH,-0.08382007735,2,False,False,2025Q1
2025-02-12,601398.SH,-0.3326279451,3,False,False,2025Q1
2025-02-12,601939.SH,-0.3973193759,4,False,False,2025Q1
2025-02-12,601988.SH,0.2234419915,1,False,False,2025Q1
2025-02-13,601288.SH,-0.1801048326,2,False,False,2025Q1
2025-02-13,601398.SH,-0.5480563168,4,False,False,2025Q1
2025-02-13,601939.SH,-0.5098176532,3,False,False,2025Q1
2025-02-13,601988.SH,0.2221015067,1,False,False,2025Q1
2025-02-14,601288.SH,-0.2204448134,3,False,False,2025Q1
2025-02-14,601398.SH,-0.4258715799,4,False,False,2025Q1
2025-02-14,601939.SH,-0.1319480945,2,False,False,2025Q1
2025-02-14,601988.SH,0.2743808999,1,False,False,2025Q1
2025-02-17,601288.SH,-0.08497040051,2,False,False,2025Q1
2025-02-17,601398.SH,-0.4062529188,4,False,False,2025Q1
2025-02-17,601939.SH,-0.1004933452,3,False,False,2025Q1
2025-02-17,601988.SH,0.2047164353,1,False,False,2025Q1
2025-02-18,601288.SH,-0.002910124451,3,False,False,2025Q1
2025-02-18,601398.SH,-0.437279118,4,False,False,2025Q1
2025-02-18,601939.SH,0.2443160742,2,False,False,2025Q1
2025-02-18,601988.SH,0.3399709473,1,False,False,2025Q1
2025-02-19,601288.SH,-0.07852805165,3,False,False,2025Q1
2025-02-19,601398.SH,-0.4182833386,4,False,False,2025Q1
2025-02-19,601939.SH,0.173063559,1,False,False,2025Q1
2025-02-19,601988.SH,0.07025423311,2,False,False,2025Q1
2025-02-20,601288.SH,-0.08835963748,2,False,False,2025Q1
2025-02-20,601398.SH,-0.4614742334,4,False,False,2025Q1
2025-02-20,601939.SH,-0.03693357485,1,False,False,2025Q1
2025-02-20,601988.SH,-0.2631039551,3,False,False,2025Q1
2025-02-21,601288.SH,0.05052269953,3,False,False,2025Q1
2025-02-21,601398.SH,-0.2740761371,4,False,False,2025Q1
2025-02-21,601939.SH,0.221044466,1,False,False,2025Q1
2025-02-21,601988.SH,0.08213264969,2,False,False,2025Q1
2025-02-24,601288.SH,0.1525507258,2,False,False,2025Q1
2025-02-24,601398.SH,-0.4181698589,4,False,False,2025Q1
2025-02-24,601939.SH,0.1775100843,1,False,False,2025Q1
2025-02-24,601988.SH,0.1302350045,3,False,False,2025Q1
2025-02-25,601288.SH,0.07362635366,2,False,False,2025Q1
2025-02-25,601398.SH,-0.3780627896,4,False,False,2025Q1
2025-02-25,601939.SH,-0.1788271119,3,False,False,2025Q1
2025-02-25,601988.SH,0.2542637456,1,False,False,2025Q1
2025-02-26,601288.SH,0.1682637616,1,False,False,2025Q1
2025-02-26,601398.SH,-0.3002739733,4,False,False,2025Q1
2025-02-26,601939.SH,-0.05165713649,3,False,False,2025Q1
2025-02-26,601988.SH,0.08381987813,2,False,False,2025Q1
2025-02-27,601288.SH,0.2557982988,1,False,False,2025Q1
2025-02-27,601398.SH,-0.2631705338,4,False,False,2025Q1
2025-02-27,601939.SH,-0.05162150579,3,False,False,2025Q1
2025-02-27,601988.SH,0.100120112,2,False,False,2025Q1
2025-02-28,601288.SH,0.1858155156,1,False,False,2025Q1
2025-02-28,601398.SH,-0.07316865094,4,False,False,2025Q1
2025-02-28,601939.SH,0.001698950195,3,False,False,2025Q1
2025-02-28,601988.SH,0.1047388644,2,False,False,2025Q1
2025-03-03,601288.SH,0.1088627166,1,True,True,2025Q1
2025-03-03,601398.SH,-0.1910272054,4,True,False,2025Q1
2025-03-03,601939.SH,-0.008881689239,3,True,False,2025Q1
2025-03-03,601988.SH,0.04917137441,2,True,True,2025Q1
2025-03-04,601288.SH,0.1844710524,1,False,False,2025Q1
2025-03-04,601398.SH,-0.2081683597,4,False,False,2025Q1
2025-03-04,601939.SH,-0.0333504057,3,False,False,2025Q1
2025-03-04,601988.SH,0.1495449244,2,False,False,2025Q1
2025-03-05,601288.SH,0.1187325856,2,False,False,2025Q1
2025-03-05,601398.SH,-0.2024294894,4,False,False,2025Q1
2025-03-05,601939.SH,-0.1440075236,3,False,False,2025Q1
2025-03-05,601988.SH,0.160210689,1,False,False,2025Q1
2025-03-06,601288.SH,0.1031014553,1,False,False,2025Q1
2025-03-06,601398.SH,-0.1162797844,4,False,False,2025Q1
2025-03-06,601939.SH,-0.09780648034,3,False,False,2025Q1
2025-03-06,601988.SH,0.05536374504,2,False,False,2025Q1
2025-03-07,601288.SH,0.1042689166,2,False,False,2025Q1
2025-03-07,601398.SH,-0.1248673933,4,False,False,2025Q1
2025-03-07,601939.SH,-0.05552773798,3,False,False,2025Q1
2025-03-07,601988.SH,0.1216888427,1,False,False,2025Q1
2025-03-10,601288.SH,0.2643495906,1,False,False,2025Q1
2025-03-10,601398.SH,-0.03784707021,3,False,False,2025Q1
2025-03-10,601939.SH,-0.07253896613,4,False,False,2025Q1
2025-03-10,601988.SH,0.1244476069,2,False,False,2025Q1
2025-03-11,601288.SH,0.2072724477,1,False,False,2025Q1
2025-03-11,601398.SH,-0.06066724411,3,False,False,2025Q1
2025-03-11,601939.SH,-0.107722793,4,False,False,2025Q1
2025-03-11,601988.SH,0.2037878093,2,False,False,2025Q1
2025-03-12,601288.SH,0.2493692603,1,False,False,2025Q1
2025-03-12,601398.SH,-0.001235472765,3,False,False,2025Q1
2025-03-12,601939.SH,-0.1496930675,4,False,False,2025Q1
2025-03-12,601988.SH,0.2084922589,2,False,False,2025Q1
2025-03-13,601288.SH,0.1299797664,1,False,False,2025Q1
2025-03-13,601398.SH,-0.1228632836,3,False,False,2025Q1
2025-03-13,601939.SH,0.121353448,2,False,False,2025Q1
2025-03-13,601988.SH,-0.1370448177,4,False,False,2025Q1
2025-03-14,601288.SH,0.1914636461,1,False,False,2025Q1
2025-03-14,601398.SH,-0.1628296391,4,False,False,2025Q1
2025-03-14,601939.SH,-0.1209805641,3,False,False,2025Q1
2025-03-14,601988.SH,-0.102785686,2,False,False,2025Q1
2025-03-17,601288.SH,-0.1563539056,3,False,False,2025Q1
2025-03-17,601398.SH,0.007425470629,1,False,False,2025Q1
2025-03-17,601939.SH,-0.116450621,2,False,False,2025Q1
2025-03-17,601988.SH,-0.163704662,4,False,False,2025Q1
2025-03-18,601288.SH,-0.06986875884,3,False,False,2025Q1
2025-03-18,601398.SH,0.009633890515,2,False,False,2025Q1
2025-03-18,601939.SH,-0.2227188444,4,False,False,2025Q1
2025-03-18,601988.SH,0.01945702472,1,False,False,2025Q1
2025-03-19,601288.SH,-0.216201716,3,False,False,2025Q1
2025-03-19,601398.SH,0.006907607646,2,False,False,2025Q1
2025-03-19,601939.SH,-0.2871885255,4,False,False,2025Q1
2025-03-19,601988.SH,0.3550838414,1,False,False,2025Q1
2025-03-20,601288.SH,-0.1655057814,4,False,False,2025Q1
2025-03-20,601398.SH,0.1780876054,2,False,False,2025Q1
2025-03-20,601939.SH,-0.1384671237,3,False,False,2025Q1
2025-03-20,601988.SH,0.3489971385,1,False,False,2025Q1
2025-03-21,601288.SH,-0.1217886439,4,False,False,2025Q1
2025-03-21,601398.SH,0.1859535167,2,False,False,2025Q1
2025-03-21,601939.SH,0.1448397046,3,False,False,2025Q1
2025-03-21,601988.SH,0.3966907567,1,False,False,2025Q1
2025-03-24,601288.SH,-0.1451055326,4,False,False,2025Q1
2025-03-24,601398.SH,0.02471831864,3,False,False,2025Q1
2025-03-24,601939.SH,0.1244692833,2,False,False,2025Q1
2025-03-24,601988.SH,0.3865824721,1,False,False,2025Q1
2025-03-25,601288.SH,-0.1624325474,4,False,False,2025Q1
2025-03-25,601398.SH,0.04609081422,2,False,False,2025Q1
2025-03-25,601939.SH,0.01801220253,3,False,False,2025Q1
2025-03-25,601988.SH,0.1973618715,1,False,False,2025Q1
2025-03-26,601288.SH,-0.1254827029,3,False,False,2025Q1
2025-03-26,601398.SH,-0.09456650318,2,False,False,2025Q1
2025-03-26,601939.SH,-0.132443308,4,False,False,2025Q1
2025-03-26,601988.SH,-0.08723641602,1,False,False,2025Q1
2025-03-27,601288.SH,-0.181562795,4,False,False,2025Q1
2025-03-27,601398.SH,-0.1422721659,3,False,False,2025Q1
2025-03-27,601939.SH,-0.1218705968,2,False,False,2025Q1
2025-03-27,601988.SH,0.003093772234,1,False,False,2025Q1
2025-03-28,601288.SH,-0.1796105977,3,False,False,2025Q1
2025-03-28,601398.SH,-0.5284862873,4,False,False,2025Q1
2025-03-28,601939.SH,-0.07561071502,2,False,False,2025Q1
2025-03-28,601988.SH,-0.04749833687,1,False,False,2025Q1
2025-03-31,601288.SH,-0.1425877338,3,False,False,2025Q1
2025-03-31,601398.SH,-0.1053834554,2,False,False,2025Q1
2025-03-31,601939.SH,-0.2467307766,4,False,False,2025Q1
2025-03-31,601988.SH,-0.04094251378,1,False,False,2025Q1
