signal_date,execution_date_t1_open,v26_top2,v34_top2,overlap_names,overlap_count,v26_allocation,v34_allocation,target_weight_sum,target_weight_601288.SH,target_weight_601398.SH,target_weight_601939.SH,target_weight_601988.SH
2024-01-02,2024-01-03,601988.SH;601398.SH,601398.SH;601988.SH,601398.SH;601988.SH,2,0.5,0.5,1,0,0.5,0,0.5
2024-02-01,2024-02-02,601988.SH;601398.SH,601939.SH;601988.SH,601988.SH,1,0.5,0.5,1,0,0.25,0.25,0.5
2024-03-01,2024-03-04,601939.SH;601988.SH,601988.SH;601288.SH,601988.SH,1,0.5,0.5,1,0.25,0,0.25,0.5
2024-04-01,2024-04-02,601988.SH;601939.SH,601988.SH;601288.SH,601988.SH,1,0.5,0.5,1,0.25,0,0.25,0.5
2024-05-06,2024-05-07,601288.SH;601939.SH,601398.SH;601988.SH,,0,0.5,0.5,1,0.25,0.25,0.25,0.25
2024-06-03,2024-06-04,601988.SH;601288.SH,601988.SH;601288.SH,601288.SH;601988.SH,2,0.5,0.5,1,0.5,0,0,0.5
2024-07-01,2024-07-02,601398.SH;601988.SH,601988.SH;601288.SH,601988.SH,1,0.5,0.5,1,0.25,0.25,0,0.5
2024-08-01,2024-08-02,601398.SH;601939.SH,601988.SH;601288.SH,,0,0.5,0.5,1,0.25,0.25,0.25,0.25
2024-09-02,2024-09-03,601988.SH;601288.SH,601939.SH;601988.SH,601988.SH,1,0.5,0.5,1,0.25,0,0.25,0.5
2024-10-08,2024-10-09,601988.SH;601288.SH,601988.SH;601288.SH,601288.SH;601988.SH,2,0.5,0.5,1,0.5,0,0,0.5
2024-11-01,2024-11-04,601939.SH;601988.SH,601988.SH;601398.SH,601988.SH,1,0.5,0.5,1,0,0.25,0.25,0.5
2024-12-02,2024-12-03,601988.SH;601398.SH,601939.SH;601398.SH,601398.SH,1,0.5,0.5,1,0,0.5,0.25,0.25
2025-01-02,2025-01-03,601398.SH;601939.SH,601398.SH;601988.SH,601398.SH,1,0.5,0.5,1,0,0.5,0.25,0.25
2025-02-05,2025-02-06,601988.SH;601398.SH,601398.SH;601988.SH,601398.SH;601988.SH,2,0.5,0.5,1,0,0.5,0,0.5
2025-03-03,2025-03-04,601988.SH;601939.SH,601288.SH;601939.SH,601939.SH,1,0.5,0.5,1,0.25,0,0.5,0.25
2025-04-01,2025-04-02,601939.SH;601988.SH,601398.SH;601988.SH,601988.SH,1,0.5,0.5,1,0,0.25,0.25,0.5
2025-05-06,2025-05-07,601939.SH;601398.SH,601288.SH;601398.SH,601398.SH,1,0.5,0.5,1,0.25,0.5,0.25,0
2025-06-03,2025-06-04,601988.SH;601939.SH,601988.SH;601398.SH,601988.SH,1,0.5,0.5,1,0,0.25,0.25,0.5
2025-07-01,2025-07-02,601939.SH;601288.SH,601288.SH;601398.SH,601288.SH,1,0.5,0.5,1,0.5,0.25,0.25,0
2025-08-01,2025-08-04,601288.SH;601988.SH,601398.SH;601288.SH,601288.SH,1,0.5,0.5,1,0.5,0.25,0,0.25
2025-09-01,2025-09-02,601939.SH;601988.SH,601988.SH;601939.SH,601939.SH;601988.SH,2,0.5,0.5,1,0,0,0.5,0.5
2025-10-09,2025-10-10,601288.SH;601939.SH,601398.SH;601988.SH,,0,0.5,0.5,1,0.25,0.25,0.25,0.25
2025-11-03,2025-11-04,601988.SH;601939.SH,601988.SH;601398.SH,601988.SH,1,0.5,0.5,1,0,0.25,0.25,0.5
2025-12-01,2025-12-02,601288.SH;601398.SH,601398.SH;601939.SH,601398.SH,1,0.5,0.5,1,0.25,0.5,0.25,0
2026-01-05,2026-01-06,601288.SH;601398.SH,601939.SH;601988.SH,,0,0.5,0.5,1,0.25,0.25,0.25,0.25
2026-02-02,2026-02-03,601939.SH;601988.SH,601939.SH;601398.SH,601939.SH,1,0.5,0.5,1,0,0.25,0.5,0.25
2026-03-02,2026-03-03,601988.SH;601939.SH,601988.SH;601398.SH,601988.SH,1,0.5,0.5,1,0,0.25,0.25,0.5
2026-04-01,2026-04-02,601988.SH;601939.SH,601288.SH;601939.SH,601939.SH,1,0.5,0.5,1,0.25,0,0.5,0.25
2026-05-06,2026-05-07,601398.SH;601939.SH,601398.SH;601988.SH,601398.SH,1,0.5,0.5,1,0,0.5,0.25,0.25
2026-06-01,2026-06-02,601939.SH;601398.SH,601988.SH;601288.SH,,0,0.5,0.5,1,0.25,0.25,0.25,0.25
