signal_date,execution_date,strategy,stock_code,target_weight
2024-01-02,2024-01-03,V27 four-factor LambdaRank Top2,601398.SH,0.5
2024-01-02,2024-01-03,V27 four-factor LambdaRank Top2,601988.SH,0.5
2024-02-01,2024-02-02,V27 four-factor LambdaRank Top2,601288.SH,0.5
2024-02-01,2024-02-02,V27 four-factor LambdaRank Top2,601939.SH,0.5
2024-03-01,2024-03-04,V27 four-factor LambdaRank Top2,601398.SH,0.5
2024-03-01,2024-03-04,V27 four-factor LambdaRank Top2,601988.SH,0.5
2024-04-01,2024-04-02,V27 four-factor LambdaRank Top2,601398.SH,0.5
2024-04-01,2024-04-02,V27 four-factor LambdaRank Top2,601988.SH,0.5
2024-05-06,2024-05-07,V27 four-factor LambdaRank Top2,601288.SH,0.5
2024-05-06,2024-05-07,V27 four-factor LambdaRank Top2,601398.SH,0.5
2024-06-03,2024-06-04,V27 four-factor LambdaRank Top2,601288.SH,0.5
2024-06-03,2024-06-04,V27 four-factor LambdaRank Top2,601988.SH,0.5
2024-07-01,2024-07-02,V27 four-factor LambdaRank Top2,601939.SH,0.5
2024-07-01,2024-07-02,V27 four-factor LambdaRank Top2,601988.SH,0.5
2024-08-01,2024-08-02,V27 four-factor LambdaRank Top2,601288.SH,0.5
2024-08-01,2024-08-02,V27 four-factor LambdaRank Top2,601988.SH,0.5
2024-09-02,2024-09-03,V27 four-factor LambdaRank Top2,601288.SH,0.5
2024-09-02,2024-09-03,V27 four-factor LambdaRank Top2,601398.SH,0.5
2024-10-08,2024-10-09,V27 four-factor LambdaRank Top2,601398.SH,0.5
2024-10-08,2024-10-09,V27 four-factor LambdaRank Top2,601988.SH,0.5
2024-11-01,2024-11-04,V27 four-factor LambdaRank Top2,601288.SH,0.5
2024-11-01,2024-11-04,V27 four-factor LambdaRank Top2,601939.SH,0.5
2024-12-02,2024-12-03,V27 four-factor LambdaRank Top2,601398.SH,0.5
2024-12-02,2024-12-03,V27 four-factor LambdaRank Top2,601939.SH,0.5
2025-01-02,2025-01-03,V27 four-factor LambdaRank Top2,601398.SH,0.5
2025-01-02,2025-01-03,V27 four-factor LambdaRank Top2,601988.SH,0.5
2025-02-05,2025-02-06,V27 four-factor LambdaRank Top2,601288.SH,0.5
2025-02-05,2025-02-06,V27 four-factor LambdaRank Top2,601988.SH,0.5
2025-03-03,2025-03-04,V27 four-factor LambdaRank Top2,601288.SH,0.5
2025-03-03,2025-03-04,V27 four-factor LambdaRank Top2,601988.SH,0.5
2025-04-01,2025-04-02,V27 four-factor LambdaRank Top2,601939.SH,0.5
2025-04-01,2025-04-02,V27 four-factor LambdaRank Top2,601988.SH,0.5
2025-05-06,2025-05-07,V27 four-factor LambdaRank Top2,601398.SH,0.5
2025-05-06,2025-05-07,V27 four-factor LambdaRank Top2,601988.SH,0.5
2025-06-03,2025-06-04,V27 four-factor LambdaRank Top2,601288.SH,0.5
2025-06-03,2025-06-04,V27 four-factor LambdaRank Top2,601988.SH,0.5
2025-07-01,2025-07-02,V27 four-factor LambdaRank Top2,601288.SH,0.5
2025-07-01,2025-07-02,V27 four-factor LambdaRank Top2,601988.SH,0.5
2025-08-01,2025-08-04,V27 four-factor LambdaRank Top2,601939.SH,0.5
2025-08-01,2025-08-04,V27 four-factor LambdaRank Top2,601988.SH,0.5
2025-09-01,2025-09-02,V27 four-factor LambdaRank Top2,601288.SH,0.5
2025-09-01,2025-09-02,V27 four-factor LambdaRank Top2,601988.SH,0.5
2025-10-09,2025-10-10,V27 four-factor LambdaRank Top2,601288.SH,0.5
2025-10-09,2025-10-10,V27 four-factor LambdaRank Top2,601988.SH,0.5
2025-11-03,2025-11-04,V27 four-factor LambdaRank Top2,601288.SH,0.5
2025-11-03,2025-11-04,V27 four-factor LambdaRank Top2,601939.SH,0.5
2025-12-01,2025-12-02,V27 four-factor LambdaRank Top2,601288.SH,0.5
2025-12-01,2025-12-02,V27 four-factor LambdaRank Top2,601398.SH,0.5
2026-01-05,2026-01-06,V27 four-factor LambdaRank Top2,601288.SH,0.5
2026-01-05,2026-01-06,V27 four-factor LambdaRank Top2,601398.SH,0.5
2026-02-02,2026-02-03,V27 four-factor LambdaRank Top2,601939.SH,0.5
2026-02-02,2026-02-03,V27 four-factor LambdaRank Top2,601988.SH,0.5
2026-03-02,2026-03-03,V27 four-factor LambdaRank Top2,601939.SH,0.5
2026-03-02,2026-03-03,V27 four-factor LambdaRank Top2,601988.SH,0.5
2026-04-01,2026-04-02,V27 four-factor LambdaRank Top2,601288.SH,0.5
2026-04-01,2026-04-02,V27 four-factor LambdaRank Top2,601398.SH,0.5
2026-05-06,2026-05-07,V27 four-factor LambdaRank Top2,601398.SH,0.5
2026-05-06,2026-05-07,V27 four-factor LambdaRank Top2,601988.SH,0.5
2026-06-01,2026-06-02,V27 four-factor LambdaRank Top2,601288.SH,0.5
2026-06-01,2026-06-02,V27 four-factor LambdaRank Top2,601398.SH,0.5
2024-01-02,2024-01-03,V24 fixed-rank Top2,601398.SH,0.5
2024-01-02,2024-01-03,V24 fixed-rank Top2,601939.SH,0.5
2024-02-01,2024-02-02,V24 fixed-rank Top2,601398.SH,0.5
2024-02-01,2024-02-02,V24 fixed-rank Top2,601988.SH,0.5
2024-03-01,2024-03-04,V24 fixed-rank Top2,601288.SH,0.5
2024-03-01,2024-03-04,V24 fixed-rank Top2,601939.SH,0.5
2024-04-01,2024-04-02,V24 fixed-rank Top2,601939.SH,0.5
2024-04-01,2024-04-02,V24 fixed-rank Top2,601988.SH,0.5
2024-05-06,2024-05-07,V24 fixed-rank Top2,601398.SH,0.5
2024-05-06,2024-05-07,V24 fixed-rank Top2,601939.SH,0.5
2024-06-03,2024-06-04,V24 fixed-rank Top2,601288.SH,0.5
2024-06-03,2024-06-04,V24 fixed-rank Top2,601939.SH,0.5
2024-07-01,2024-07-02,V24 fixed-rank Top2,601288.SH,0.5
2024-07-01,2024-07-02,V24 fixed-rank Top2,601398.SH,0.5
2024-08-01,2024-08-02,V24 fixed-rank Top2,601939.SH,0.5
2024-08-01,2024-08-02,V24 fixed-rank Top2,601988.SH,0.5
2024-09-02,2024-09-03,V24 fixed-rank Top2,601288.SH,0.5
2024-09-02,2024-09-03,V24 fixed-rank Top2,601988.SH,0.5
2024-10-08,2024-10-09,V24 fixed-rank Top2,601939.SH,0.5
2024-10-08,2024-10-09,V24 fixed-rank Top2,601988.SH,0.5
2024-11-01,2024-11-04,V24 fixed-rank Top2,601398.SH,0.5
2024-11-01,2024-11-04,V24 fixed-rank Top2,601939.SH,0.5
2024-12-02,2024-12-03,V24 fixed-rank Top2,601288.SH,0.5
2024-12-02,2024-12-03,V24 fixed-rank Top2,601988.SH,0.5
2025-01-02,2025-01-03,V24 fixed-rank Top2,601398.SH,0.5
2025-01-02,2025-01-03,V24 fixed-rank Top2,601939.SH,0.5
2025-02-05,2025-02-06,V24 fixed-rank Top2,601398.SH,0.5
2025-02-05,2025-02-06,V24 fixed-rank Top2,601939.SH,0.5
2025-03-03,2025-03-04,V24 fixed-rank Top2,601398.SH,0.5
2025-03-03,2025-03-04,V24 fixed-rank Top2,601988.SH,0.5
2025-04-01,2025-04-02,V24 fixed-rank Top2,601939.SH,0.5
2025-04-01,2025-04-02,V24 fixed-rank Top2,601988.SH,0.5
2025-05-06,2025-05-07,V24 fixed-rank Top2,601398.SH,0.5
2025-05-06,2025-05-07,V24 fixed-rank Top2,601939.SH,0.5
2025-06-03,2025-06-04,V24 fixed-rank Top2,601288.SH,0.5
2025-06-03,2025-06-04,V24 fixed-rank Top2,601398.SH,0.5
2025-07-01,2025-07-02,V24 fixed-rank Top2,601398.SH,0.5
2025-07-01,2025-07-02,V24 fixed-rank Top2,601939.SH,0.5
2025-08-01,2025-08-04,V24 fixed-rank Top2,601288.SH,0.5
2025-08-01,2025-08-04,V24 fixed-rank Top2,601939.SH,0.5
2025-09-01,2025-09-02,V24 fixed-rank Top2,601398.SH,0.5
2025-09-01,2025-09-02,V24 fixed-rank Top2,601939.SH,0.5
2025-10-09,2025-10-10,V24 fixed-rank Top2,601288.SH,0.5
2025-10-09,2025-10-10,V24 fixed-rank Top2,601939.SH,0.5
2025-11-03,2025-11-04,V24 fixed-rank Top2,601939.SH,0.5
2025-11-03,2025-11-04,V24 fixed-rank Top2,601988.SH,0.5
2025-12-01,2025-12-02,V24 fixed-rank Top2,601288.SH,0.5
2025-12-01,2025-12-02,V24 fixed-rank Top2,601398.SH,0.5
2026-01-05,2026-01-06,V24 fixed-rank Top2,601939.SH,0.5
2026-01-05,2026-01-06,V24 fixed-rank Top2,601988.SH,0.5
2026-02-02,2026-02-03,V24 fixed-rank Top2,601398.SH,0.5
2026-02-02,2026-02-03,V24 fixed-rank Top2,601988.SH,0.5
2026-03-02,2026-03-03,V24 fixed-rank Top2,601939.SH,0.5
2026-03-02,2026-03-03,V24 fixed-rank Top2,601988.SH,0.5
2026-04-01,2026-04-02,V24 fixed-rank Top2,601288.SH,0.5
2026-04-01,2026-04-02,V24 fixed-rank Top2,601988.SH,0.5
2026-05-06,2026-05-07,V24 fixed-rank Top2,601288.SH,0.5
2026-05-06,2026-05-07,V24 fixed-rank Top2,601939.SH,0.5
2026-06-01,2026-06-02,V24 fixed-rank Top2,601288.SH,0.5
2026-06-01,2026-06-02,V24 fixed-rank Top2,601398.SH,0.5
2024-01-02,2024-01-03,V11 LambdaRank Top2,601288.SH,0.5
2024-01-02,2024-01-03,V11 LambdaRank Top2,601398.SH,0.5
2024-02-01,2024-02-02,V11 LambdaRank Top2,601939.SH,0.5
2024-02-01,2024-02-02,V11 LambdaRank Top2,601988.SH,0.5
2024-03-01,2024-03-04,V11 LambdaRank Top2,601288.SH,0.5
2024-03-01,2024-03-04,V11 LambdaRank Top2,601939.SH,0.5
2024-04-01,2024-04-02,V11 LambdaRank Top2,601288.SH,0.5
2024-04-01,2024-04-02,V11 LambdaRank Top2,601398.SH,0.5
2024-05-06,2024-05-07,V11 LambdaRank Top2,601288.SH,0.5
2024-05-06,2024-05-07,V11 LambdaRank Top2,601398.SH,0.5
2024-06-03,2024-06-04,V11 LambdaRank Top2,601288.SH,0.5
2024-06-03,2024-06-04,V11 LambdaRank Top2,601988.SH,0.5
2024-07-01,2024-07-02,V11 LambdaRank Top2,601288.SH,0.5
2024-07-01,2024-07-02,V11 LambdaRank Top2,601988.SH,0.5
2024-08-01,2024-08-02,V11 LambdaRank Top2,601288.SH,0.5
2024-08-01,2024-08-02,V11 LambdaRank Top2,601988.SH,0.5
2024-09-02,2024-09-03,V11 LambdaRank Top2,601288.SH,0.5
2024-09-02,2024-09-03,V11 LambdaRank Top2,601398.SH,0.5
2024-10-08,2024-10-09,V11 LambdaRank Top2,601288.SH,0.5
2024-10-08,2024-10-09,V11 LambdaRank Top2,601398.SH,0.5
2024-11-01,2024-11-04,V11 LambdaRank Top2,601288.SH,0.5
2024-11-01,2024-11-04,V11 LambdaRank Top2,601988.SH,0.5
2024-12-02,2024-12-03,V11 LambdaRank Top2,601398.SH,0.5
2024-12-02,2024-12-03,V11 LambdaRank Top2,601939.SH,0.5
2025-01-02,2025-01-03,V11 LambdaRank Top2,601398.SH,0.5
2025-01-02,2025-01-03,V11 LambdaRank Top2,601939.SH,0.5
2025-02-05,2025-02-06,V11 LambdaRank Top2,601288.SH,0.5
2025-02-05,2025-02-06,V11 LambdaRank Top2,601988.SH,0.5
2025-03-03,2025-03-04,V11 LambdaRank Top2,601288.SH,0.5
2025-03-03,2025-03-04,V11 LambdaRank Top2,601939.SH,0.5
2025-04-01,2025-04-02,V11 LambdaRank Top2,601288.SH,0.5
2025-04-01,2025-04-02,V11 LambdaRank Top2,601398.SH,0.5
2025-05-06,2025-05-07,V11 LambdaRank Top2,601939.SH,0.5
2025-05-06,2025-05-07,V11 LambdaRank Top2,601988.SH,0.5
2025-06-03,2025-06-04,V11 LambdaRank Top2,601939.SH,0.5
2025-06-03,2025-06-04,V11 LambdaRank Top2,601988.SH,0.5
2025-07-01,2025-07-02,V11 LambdaRank Top2,601288.SH,0.5
2025-07-01,2025-07-02,V11 LambdaRank Top2,601398.SH,0.5
2025-08-01,2025-08-04,V11 LambdaRank Top2,601288.SH,0.5
2025-08-01,2025-08-04,V11 LambdaRank Top2,601988.SH,0.5
2025-09-01,2025-09-02,V11 LambdaRank Top2,601939.SH,0.5
2025-09-01,2025-09-02,V11 LambdaRank Top2,601988.SH,0.5
2025-10-09,2025-10-10,V11 LambdaRank Top2,601288.SH,0.5
2025-10-09,2025-10-10,V11 LambdaRank Top2,601398.SH,0.5
2025-11-03,2025-11-04,V11 LambdaRank Top2,601288.SH,0.5
2025-11-03,2025-11-04,V11 LambdaRank Top2,601398.SH,0.5
2025-12-01,2025-12-02,V11 LambdaRank Top2,601288.SH,0.5
2025-12-01,2025-12-02,V11 LambdaRank Top2,601398.SH,0.5
2026-01-05,2026-01-06,V11 LambdaRank Top2,601288.SH,0.5
2026-01-05,2026-01-06,V11 LambdaRank Top2,601398.SH,0.5
2026-02-02,2026-02-03,V11 LambdaRank Top2,601288.SH,0.5
2026-02-02,2026-02-03,V11 LambdaRank Top2,601939.SH,0.5
2026-03-02,2026-03-03,V11 LambdaRank Top2,601288.SH,0.5
2026-03-02,2026-03-03,V11 LambdaRank Top2,601398.SH,0.5
2026-04-01,2026-04-02,V11 LambdaRank Top2,601288.SH,0.5
2026-04-01,2026-04-02,V11 LambdaRank Top2,601939.SH,0.5
2026-05-06,2026-05-07,V11 LambdaRank Top2,601288.SH,0.5
2026-05-06,2026-05-07,V11 LambdaRank Top2,601398.SH,0.5
2026-06-01,2026-06-02,V11 LambdaRank Top2,601288.SH,0.5
2026-06-01,2026-06-02,V11 LambdaRank Top2,601988.SH,0.5
2024-01-02,2024-01-03,V11 60d momentum Top2,601939.SH,0.5
2024-01-02,2024-01-03,V11 60d momentum Top2,601988.SH,0.5
2024-02-01,2024-02-02,V11 60d momentum Top2,601939.SH,0.5
2024-02-01,2024-02-02,V11 60d momentum Top2,601988.SH,0.5
2024-03-01,2024-03-04,V11 60d momentum Top2,601288.SH,0.5
2024-03-01,2024-03-04,V11 60d momentum Top2,601988.SH,0.5
2024-04-01,2024-04-02,V11 60d momentum Top2,601288.SH,0.5
2024-04-01,2024-04-02,V11 60d momentum Top2,601988.SH,0.5
2024-05-06,2024-05-07,V11 60d momentum Top2,601288.SH,0.5
2024-05-06,2024-05-07,V11 60d momentum Top2,601398.SH,0.5
2024-06-03,2024-06-04,V11 60d momentum Top2,601288.SH,0.5
2024-06-03,2024-06-04,V11 60d momentum Top2,601398.SH,0.5
2024-07-01,2024-07-02,V11 60d momentum Top2,601288.SH,0.5
2024-07-01,2024-07-02,V11 60d momentum Top2,601398.SH,0.5
2024-08-01,2024-08-02,V11 60d momentum Top2,601398.SH,0.5
2024-08-01,2024-08-02,V11 60d momentum Top2,601939.SH,0.5
2024-09-02,2024-09-03,V11 60d momentum Top2,601398.SH,0.5
2024-09-02,2024-09-03,V11 60d momentum Top2,601988.SH,0.5
2024-10-08,2024-10-09,V11 60d momentum Top2,601939.SH,0.5
2024-10-08,2024-10-09,V11 60d momentum Top2,601988.SH,0.5
2024-11-01,2024-11-04,V11 60d momentum Top2,601398.SH,0.5
2024-11-01,2024-11-04,V11 60d momentum Top2,601939.SH,0.5
2024-12-02,2024-12-03,V11 60d momentum Top2,601288.SH,0.5
2024-12-02,2024-12-03,V11 60d momentum Top2,601988.SH,0.5
2025-01-02,2025-01-03,V11 60d momentum Top2,601398.SH,0.5
2025-01-02,2025-01-03,V11 60d momentum Top2,601988.SH,0.5
2025-02-05,2025-02-06,V11 60d momentum Top2,601398.SH,0.5
2025-02-05,2025-02-06,V11 60d momentum Top2,601988.SH,0.5
2025-03-03,2025-03-04,V11 60d momentum Top2,601398.SH,0.5
2025-03-03,2025-03-04,V11 60d momentum Top2,601988.SH,0.5
2025-04-01,2025-04-02,V11 60d momentum Top2,601939.SH,0.5
2025-04-01,2025-04-02,V11 60d momentum Top2,601988.SH,0.5
2025-05-06,2025-05-07,V11 60d momentum Top2,601288.SH,0.5
2025-05-06,2025-05-07,V11 60d momentum Top2,601939.SH,0.5
2025-06-03,2025-06-04,V11 60d momentum Top2,601288.SH,0.5
2025-06-03,2025-06-04,V11 60d momentum Top2,601939.SH,0.5
2025-07-01,2025-07-02,V11 60d momentum Top2,601288.SH,0.5
2025-07-01,2025-07-02,V11 60d momentum Top2,601939.SH,0.5
2025-08-01,2025-08-04,V11 60d momentum Top2,601288.SH,0.5
2025-08-01,2025-08-04,V11 60d momentum Top2,601398.SH,0.5
2025-09-01,2025-09-02,V11 60d momentum Top2,601288.SH,0.5
2025-09-01,2025-09-02,V11 60d momentum Top2,601398.SH,0.5
2025-10-09,2025-10-10,V11 60d momentum Top2,601288.SH,0.5
2025-10-09,2025-10-10,V11 60d momentum Top2,601398.SH,0.5
2025-11-03,2025-11-04,V11 60d momentum Top2,601288.SH,0.5
2025-11-03,2025-11-04,V11 60d momentum Top2,601398.SH,0.5
2025-12-01,2025-12-02,V11 60d momentum Top2,601288.SH,0.5
2025-12-01,2025-12-02,V11 60d momentum Top2,601988.SH,0.5
2026-01-05,2026-01-06,V11 60d momentum Top2,601288.SH,0.5
2026-01-05,2026-01-06,V11 60d momentum Top2,601988.SH,0.5
2026-02-02,2026-02-03,V11 60d momentum Top2,601939.SH,0.5
2026-02-02,2026-02-03,V11 60d momentum Top2,601988.SH,0.5
2026-03-02,2026-03-03,V11 60d momentum Top2,601939.SH,0.5
2026-03-02,2026-03-03,V11 60d momentum Top2,601988.SH,0.5
2026-04-01,2026-04-02,V11 60d momentum Top2,601939.SH,0.5
2026-04-01,2026-04-02,V11 60d momentum Top2,601988.SH,0.5
2026-05-06,2026-05-07,V11 60d momentum Top2,601939.SH,0.5
2026-05-06,2026-05-07,V11 60d momentum Top2,601988.SH,0.5
2026-06-01,2026-06-02,V11 60d momentum Top2,601939.SH,0.5
2026-06-01,2026-06-02,V11 60d momentum Top2,601988.SH,0.5
2024-01-02,2024-01-03,equal-weight hold,601288.SH,0.25
2024-01-02,2024-01-03,equal-weight hold,601398.SH,0.25
2024-01-02,2024-01-03,equal-weight hold,601939.SH,0.25
2024-01-02,2024-01-03,equal-weight hold,601988.SH,0.25
