k,combo,strategy,return_value,max_drawdown,sharpe,trades
1,V76,g_re1000_t5_h5,0.41354997726823095,-0.11371478102483368,1.8074173414598351,94
1,V76,g_re500_t5_h5,0.324742218724271,-0.16435258195384939,1.4741580490441835,114
1,V76,g_re800_t5_h5,0.4384722286319518,-0.11925081342427324,1.8610456840665797,102
1,V78,g_re1000_t5_h5,0.5090056178138649,-0.1027640840896501,2.0365793496762645,108
1,V78,g_re500_t5_h5,0.4318904477446168,-0.1129861872628124,1.7840031142903565,118
1,V78,g_re800_t5_h5,0.38155167496700537,-0.12765411741238153,1.634967394928589,104
1,V79,g_re1000_t5_h5,0.4104601356027311,-0.11627506777549712,1.7761134541367813,88
1,V79,g_re500_t5_h5,0.18888199841639075,-0.12904111115178019,0.9297252859207173,94
1,V79,g_re800_t5_h5,0.30264021224337045,-0.11800447055419794,1.357013780352225,86
1,V83,g_re1000_t5_h5,0.12652488140790052,-0.13229196808315957,0.6658223172451613,80
1,V83,g_re500_t5_h5,0.27148792633990104,-0.13297825545912545,1.1860754586521072,96
1,V83,g_re800_t5_h5,0.22886669570254026,-0.10750738269694071,1.0513944023149826,88
1,V84,g_re1000_t5_h5,0.5373778791006709,-0.1233051098887934,2.1357087978717884,92
1,V84,g_re500_t5_h5,0.22975631292731102,-0.16587686318454165,1.0807242271217945,116
1,V84,g_re800_t5_h5,0.3947533619226111,-0.12386738005996101,1.6994439726130148,96
1,V85,g_re1000_t5_h5,0.44082912910770067,-0.1207393949737825,1.787009686023358,98
1,V85,g_re500_t5_h5,0.1356039210871609,-0.16211951144309655,0.7077296236808005,110
1,V85,g_re800_t5_h5,0.35765328501030114,-0.15211682566001572,1.4682349835593398,100
2,V76+V78,g_re1000_t5_h5,0.5786460909323505,-0.09889527302003143,2.3275736615485374,98
2,V76+V78,g_re500_t5_h5,0.4024782306938104,-0.12886023793433243,1.702985756003705,126
2,V76+V78,g_re800_t5_h5,0.6861344971060304,-0.09572033561595406,2.6165408937410612,108
2,V76+V79,g_re1000_t5_h5,0.5167295998977908,-0.11626511634771275,2.1727166885054943,92
2,V76+V79,g_re500_t5_h5,0.399985250550571,-0.1397082853247359,1.6929771393240323,108
2,V76+V79,g_re800_t5_h5,0.5734982475186912,-0.1119628100714819,2.288342253959764,104
2,V76+V83,g_re1000_t5_h5,0.47394635908057126,-0.11374204071488703,1.9358047115385613,100
2,V76+V83,g_re500_t5_h5,0.5140764367534905,-0.11690088412842359,2.013492562814546,114
2,V76+V83,g_re800_t5_h5,0.6065638549272709,-0.11374204071488703,2.257926628620888,108
2,V76+V84,g_re1000_t5_h5,0.4373799771891109,-0.09120951291402546,1.9505150380634624,96
2,V76+V84,g_re500_t5_h5,0.2673438128970911,-0.134073153243761,1.2393781063370017,112
2,V76+V84,g_re800_t5_h5,0.4710260564182305,-0.09582182074055023,1.9536222498860072,100
2,V76+V85,g_re1000_t5_h5,0.47272070928685084,-0.08871295128947354,1.9823920484504758,90
2,V76+V85,g_re500_t5_h5,0.34896271211287133,-0.15453944641521045,1.4827149032935945,106
2,V76+V85,g_re800_t5_h5,0.4188028613978514,-0.1308753652735859,1.770438726817768,96
2,V78+V79,g_re1000_t5_h5,0.2855703285965101,-0.11439949743975175,1.3184348120968465,86
2,V78+V79,g_re500_t5_h5,0.4090451194310909,-0.13317491628611966,1.6793020355138244,108
2,V78+V79,g_re800_t5_h5,0.39504558306585036,-0.10764081395958569,1.6675927949731317,96
2,V78+V83,g_re1000_t5_h5,0.5360916567147307,-0.0870900093419249,2.0971768517603517,98
2,V78+V83,g_re500_t5_h5,0.5023898412648511,-0.10013106556092255,1.9330440658893944,114
2,V78+V83,g_re800_t5_h5,0.3680386084755909,-0.09859784826846274,1.6026458039743499,96
2,V78+V84,g_re1000_t5_h5,0.5352661551733309,-0.08595539265645014,2.179975888094628,106
2,V78+V84,g_re500_t5_h5,0.42145835812905075,-0.09648816646202729,1.743375374227848,120
2,V78+V84,g_re800_t5_h5,0.4268950281148314,-0.09077052307766553,1.8089290611241613,112
2,V78+V85,g_re1000_t5_h5,0.46166046415728057,-0.10623108023332684,1.8677428018870006,94
2,V78+V85,g_re500_t5_h5,0.4824987411867603,-0.13411614561844332,1.8805939862658085,114
2,V78+V85,g_re800_t5_h5,0.3412859708824807,-0.14369217094311115,1.469826961528118,92
2,V79+V83,g_re1000_t5_h5,0.17273984871571058,-0.12816754304430356,0.8884247840262918,84
2,V79+V83,g_re500_t5_h5,0.27198065737015087,-0.1434264093613551,1.2278162250312057,104
2,V79+V83,g_re800_t5_h5,0.2618994334622111,-0.12385439942230858,1.2285569425162566,88
2,V79+V84,g_re1000_t5_h5,0.3783496910390711,-0.11496775213156263,1.7032512236637627,90
2,V79+V84,g_re500_t5_h5,0.37006585620481136,-0.163215272208304,1.5695966004001778,122
2,V79+V84,g_re800_t5_h5,0.24833406945135028,-0.1195775721817195,1.1919538672864656,88
2,V79+V85,g_re1000_t5_h5,0.32863527782793045,-0.1022175269312442,1.469257947963796,92
2,V79+V85,g_re500_t5_h5,0.3091230956101505,-0.12194639735821544,1.3580155722506972,98
2,V79+V85,g_re800_t5_h5,0.31381593065931024,-0.11485056046145259,1.411056321009262,90
2,V83+V84,g_re1000_t5_h5,0.3978264361500312,-0.11337720889774594,1.6711730304521022,102
2,V83+V84,g_re500_t5_h5,0.21148292473291086,-0.13328839479675958,0.9910958298168482,110
2,V83+V84,g_re800_t5_h5,0.3892607766519911,-0.0887386299661479,1.6753539812109657,102
2,V83+V85,g_re1000_t5_h5,0.24282521760413234,-0.12294774513136109,1.1077639484535788,88
2,V83+V85,g_re500_t5_h5,0.5185752406448707,-0.10389063405647725,1.9891255215032082,106
2,V83+V85,g_re800_t5_h5,0.3588295561803312,-0.11742594317969457,1.4885075632256999,100
2,V84+V85,g_re1000_t5_h5,0.1462180562219202,-0.1129636487220651,0.7775912294281732,84
2,V84+V85,g_re500_t5_h5,0.18318821759801085,-0.12437710471248109,0.9305009132709612,108
2,V84+V85,g_re800_t5_h5,0.23449978522899095,-0.08844410512569689,1.130866701033715,92
3,V76+V78+V79,g_re1000_t5_h5,0.5330428493406703,-0.09474301038565403,2.2367071218115195,94
3,V76+V78+V79,g_re500_t5_h5,0.4235426690312707,-0.14286289018230502,1.8264636321642387,120
3,V76+V78+V79,g_re800_t5_h5,0.536394594387491,-0.12423086785367321,2.170204731986184,104
3,V76+V78+V83,g_re1000_t5_h5,0.3902635097293401,-0.09764938382015254,1.6668138775379833,90
3,V76+V78+V83,g_re500_t5_h5,0.46530380103004076,-0.10866840525236521,1.8633706968198456,108
3,V76+V78+V83,g_re800_t5_h5,0.4732348515323008,-0.08790202151421289,1.9044199296510633,96
3,V76+V78+V84,g_re1000_t5_h5,0.44010425696575073,-0.10347880201348503,1.9003572335100098,98
3,V76+V78+V84,g_re500_t5_h5,0.46406931035589083,-0.10566029621461293,2.004084670411493,116
3,V76+V78+V84,g_re800_t5_h5,0.587329729189151,-0.08855626588840171,2.3089187445659562,108
3,V76+V78+V85,g_re1000_t5_h5,0.537252485812701,-0.0847943510547442,2.1621206352831566,96
3,V76+V78+V85,g_re500_t5_h5,0.31651577519458085,-0.13618974057248256,1.4181719344385815,110
3,V76+V78+V85,g_re800_t5_h5,0.4311833037064414,-0.12692507665636477,1.805437254409805,98
3,V76+V79+V83,g_re1000_t5_h5,0.26820317106403024,-0.08977703456638908,1.3040763753999933,88
3,V76+V79+V83,g_re500_t5_h5,0.30057330442131036,-0.11100185880422608,1.3609105539753374,94
3,V76+V79+V83,g_re800_t5_h5,0.2608362005688907,-0.11163632040306981,1.2299354630362587,88
3,V76+V79+V84,g_re1000_t5_h5,0.4338625795788702,-0.11615164564980351,1.9058942315367466,92
3,V76+V79+V84,g_re500_t5_h5,0.38880204243513106,-0.10663019871273405,1.7488531936742737,108
3,V76+V79+V84,g_re800_t5_h5,0.4509900850545707,-0.10041633044989484,1.9781245094513167,94
3,V76+V79+V85,g_re1000_t5_h5,0.42407397452889106,-0.09000404442532839,1.8945282092159084,94
3,V76+V79+V85,g_re500_t5_h5,0.42726475999041114,-0.11934161911939123,1.8066439523421336,104
3,V76+V79+V85,g_re800_t5_h5,0.4039330187342116,-0.11910185395991146,1.7549302376874858,98
3,V76+V83+V84,g_re1000_t5_h5,0.45210366135043056,-0.1031318992142406,1.8685100530254366,102
3,V76+V83+V84,g_re500_t5_h5,0.2815651696171513,-0.10649946112178821,1.2824175505270854,108
3,V76+V83+V84,g_re800_t5_h5,0.5502548742787303,-0.08970463572550225,2.130915965176722,106
3,V76+V83+V85,g_re1000_t5_h5,0.44160100213381104,-0.10419429369564392,1.885679490435216,98
3,V76+V83+V85,g_re500_t5_h5,0.5063390493294704,-0.10393833419486742,2.0347838867189707,104
3,V76+V83+V85,g_re800_t5_h5,0.48821115966583073,-0.10419429369564392,2.007558631850673,100
3,V76+V84+V85,g_re1000_t5_h5,0.4742822226121912,-0.09286110006340986,1.9981838986487277,98
3,V76+V84+V85,g_re500_t5_h5,0.32721377882941094,-0.12930079988520826,1.4458190808201523,110
3,V76+V84+V85,g_re800_t5_h5,0.5234378918002309,-0.09286110006340986,2.1238392558846884,100
3,V78+V79+V83,g_re1000_t5_h5,0.3499893880498499,-0.10660285824727933,1.5600680580807826,84
3,V78+V79+V83,g_re500_t5_h5,0.431001278491131,-0.1005550858394536,1.7738290276063402,108
3,V78+V79+V83,g_re800_t5_h5,0.30991247157909063,-0.1032601914701814,1.385764300746609,88
3,V78+V79+V84,g_re1000_t5_h5,0.39942289735191117,-0.10267924072953571,1.7716576820588645,92
3,V78+V79+V84,g_re500_t5_h5,0.38484080032985113,-0.16545570365541828,1.545543640379871,112
3,V78+V79+V84,g_re800_t5_h5,0.3768170287317305,-0.10100146596542403,1.6761383064914293,102
3,V78+V79+V85,g_re1000_t5_h5,0.4615484867770514,-0.0879221419208348,1.9451971225004356,94
3,V78+V79+V85,g_re500_t5_h5,0.41991357994169065,-0.12743680215079833,1.692806874342529,100
3,V78+V79+V85,g_re800_t5_h5,0.3496180703308509,-0.12580198017562183,1.5353202355323365,92
3,V78+V83+V84,g_re1000_t5_h5,0.4006139275811107,-0.1133890164149648,1.7093699694692301,98
3,V78+V83+V84,g_re500_t5_h5,0.1927218218397515,-0.15872125987172792,0.9256511199662818,114
3,V78+V83+V84,g_re800_t5_h5,0.3171829870492511,-0.0926428886375571,1.4029037906383883,100
3,V78+V83+V85,g_re1000_t5_h5,0.3527054151057303,-0.11349216347988533,1.4963698017596831,94
3,V78+V83+V85,g_re500_t5_h5,0.3593090080809507,-0.10882868827943037,1.5668804858364225,110
3,V78+V83+V85,g_re800_t5_h5,0.36265620866853054,-0.10910415027058262,1.5164318429880153,92
3,V78+V84+V85,g_re1000_t5_h5,0.3491626477381904,-0.11301057954843774,1.5552484320534712,100
3,V78+V84+V85,g_re500_t5_h5,0.2165893425870309,-0.16627862901685608,1.0263912334415453,118
3,V78+V84+V85,g_re800_t5_h5,0.248338051216751,-0.11580721440196684,1.187117097449917,106
3,V79+V83+V84,g_re1000_t5_h5,0.28649228964075024,-0.11244995802020241,1.3569938625014684,94
3,V79+V83+V84,g_re500_t5_h5,0.30142251017281074,-0.16382619394070874,1.3777467524974465,114
3,V79+V83+V84,g_re800_t5_h5,0.3327813015946508,-0.1074157219336701,1.483483976665607,98
3,V79+V83+V85,g_re1000_t5_h5,0.3729567955858508,-0.09884580957634126,1.6203156267058985,88
3,V79+V83+V85,g_re500_t5_h5,0.38175461755832996,-0.1256103013131986,1.5860304423488416,100
3,V79+V83+V85,g_re800_t5_h5,0.32997936489741053,-0.11667941990716568,1.4567017457810527,94
3,V79+V84+V85,g_re1000_t5_h5,0.30750210777663023,-0.10047735242728639,1.4017548411660727,92
3,V79+V84+V85,g_re500_t5_h5,0.19361109623499062,-0.14544593481277202,0.9396561956836984,110
3,V79+V84+V85,g_re800_t5_h5,0.3479208147352508,-0.10825249327912156,1.5447513371415915,100
3,V83+V84+V85,g_re1000_t5_h5,0.2275375044389205,-0.10987197493515932,1.067941299003865,88
3,V83+V84+V85,g_re500_t5_h5,0.1442041624089203,-0.1528347835315168,0.7303403845311879,96
3,V83+V84+V85,g_re800_t5_h5,0.25988814727791065,-0.10987197493515932,1.1796109845467244,92
4,V76+V78+V79+V83,g_re1000_t5_h5,0.4030422564944707,-0.0944040455139109,1.7546104639198101,86
4,V76+V78+V79+V83,g_re500_t5_h5,0.30955862893305075,-0.11206260725254669,1.3762624151367717,96
4,V76+V78+V79+V83,g_re800_t5_h5,0.30285971762781116,-0.10584526742590994,1.3672200462437554,88
4,V76+V78+V79+V84,g_re1000_t5_h5,0.5676535747762304,-0.08465055763907814,2.3345731296871155,96
4,V76+V78+V79+V84,g_re500_t5_h5,0.5008609156001111,-0.10292061667224661,2.0582433700286433,112
4,V76+V78+V79+V84,g_re800_t5_h5,0.5031940774905108,-0.09104879274489175,2.05196757827778,104
4,V76+V78+V79+V85,g_re1000_t5_h5,0.4707948314650514,-0.08661817843481956,2.0350668365610596,96
4,V76+V78+V79+V85,g_re500_t5_h5,0.4810245324774505,-0.10566461332698895,1.951976219439677,114
4,V76+V78+V79+V85,g_re800_t5_h5,0.4912068202468505,-0.11305773761506699,2.023425886938108,102
4,V76+V78+V83+V84,g_re1000_t5_h5,0.4386573609660107,-0.10357520253988128,1.8462842898843097,102
4,V76+V78+V83+V84,g_re500_t5_h5,0.6198794350556716,-0.09277945105959184,2.335650502295027,118
4,V76+V78+V83+V84,g_re800_t5_h5,0.6807279186738102,-0.08680601714439262,2.5055470017413914,110
4,V76+V78+V83+V85,g_re1000_t5_h5,0.46571897816527086,-0.11109250777912161,1.9435734806668439,100
4,V76+V78+V83+V85,g_re500_t5_h5,0.5856416509644908,-0.09275306790983129,2.251418741100742,116
4,V76+V78+V83+V85,g_re800_t5_h5,0.640344789352931,-0.11117381561543338,2.3841459807276943,108
4,V76+V78+V84+V85,g_re1000_t5_h5,0.5112341792680903,-0.09555916029568856,2.17965763404768,100
4,V76+V78+V84+V85,g_re500_t5_h5,0.36353062340979125,-0.1441788178922071,1.5926772738401438,116
4,V76+V78+V84+V85,g_re800_t5_h5,0.5420105510440305,-0.10244547635216006,2.1554487422024047,108
4,V76+V79+V83+V84,g_re1000_t5_h5,0.3197609598479103,-0.10388330622851705,1.4834932189895333,92
4,V76+V79+V83+V84,g_re500_t5_h5,0.32092648956935044,-0.0912867751223202,1.4679082184879289,104
4,V76+V79+V83+V84,g_re800_t5_h5,0.3475965817911908,-0.10610096999685958,1.5247149431664249,96
4,V76+V79+V83+V85,g_re1000_t5_h5,0.3151541592672402,-0.10295931770886335,1.4558042712298982,88
4,V76+V79+V83+V85,g_re500_t5_h5,0.35521489017156016,-0.10839653562681006,1.5752708805805582,98
4,V76+V79+V83+V85,g_re800_t5_h5,0.3020707894777803,-0.10951863029726217,1.3818630235012257,90
4,V76+V79+V84+V85,g_re1000_t5_h5,0.5427854491515705,-0.08995014956326275,2.2949086902664737,92
4,V76+V79+V84+V85,g_re500_t5_h5,0.35794601950381044,-0.13515682928428352,1.5636311844161577,110
4,V76+V79+V84+V85,g_re800_t5_h5,0.4860006524635916,-0.12087754847375753,2.0261385004342456,100
4,V76+V83+V84+V85,g_re1000_t5_h5,0.4204576430667111,-0.10408590242699667,1.807732649425831,102
4,V76+V83+V84+V85,g_re500_t5_h5,0.4201874177297513,-0.10458688480292311,1.7461623480594435,108
4,V76+V83+V84+V85,g_re800_t5_h5,0.5505327030087106,-0.10401229592400119,2.10864721176586,110
4,V78+V79+V83+V84,g_re1000_t5_h5,0.4127999920883112,-0.11300548282636258,1.8124038481290763,94
4,V78+V79+V83+V84,g_re500_t5_h5,0.3705932806631309,-0.16152841844787302,1.5488644312560498,108
4,V78+V79+V83+V84,g_re800_t5_h5,0.3722182012586108,-0.10849560396585056,1.6468304293266902,98
4,V78+V79+V83+V85,g_re1000_t5_h5,0.38508654511863094,-0.09970943168014978,1.6480789622697534,96
4,V78+V79+V83+V85,g_re500_t5_h5,0.36929972685587065,-0.11317476951390826,1.5423471932931396,106
4,V78+V79+V83+V85,g_re800_t5_h5,0.3569855009337308,-0.10602040088748854,1.5561719094261217,102
4,V78+V79+V84+V85,g_re1000_t5_h5,0.40441270507401095,-0.10016064218390919,1.8105662547067918,94
4,V78+V79+V84+V85,g_re500_t5_h5,0.25661885059967093,-0.17799298706448974,1.1417596085864998,114
4,V78+V79+V84+V85,g_re800_t5_h5,0.3821794235505911,-0.10872424534285519,1.6954435113089268,100
4,V78+V83+V84+V85,g_re1000_t5_h5,0.28027848937887034,-0.11675672996248276,1.2609577561148946,96
4,V78+V83+V84+V85,g_re500_t5_h5,0.17140105876007095,-0.17591491657897662,0.8422948812429412,108
4,V78+V83+V84+V85,g_re800_t5_h5,0.3216549696264306,-0.09229307359135064,1.3959564131249222,98
4,V79+V83+V84+V85,g_re1000_t5_h5,0.4332295444568113,-0.10248228428762307,1.8561793109044848,94
4,V79+V83+V84+V85,g_re500_t5_h5,0.16945659062181107,-0.1728161629418028,0.8512558658074351,100
4,V79+V83+V84+V85,g_re800_t5_h5,0.4216567047671711,-0.10759496451163886,1.8062564653348674,100
5,V76+V78+V79+V83+V84,g_re1000_t5_h5,0.4225621174682106,-0.10374972946418803,1.8691377103961029,94
5,V76+V78+V79+V83+V84,g_re500_t5_h5,0.4662679395779108,-0.1016323705020844,1.890033012246786,104
5,V76+V78+V79+V83+V84,g_re800_t5_h5,0.5020956663288911,-0.09761765836476721,2.0988750434099503,98
5,V76+V78+V79+V83+V85,g_re1000_t5_h5,0.4675898679070509,-0.08476751898439217,2.0194799201393656,94
5,V76+V78+V79+V83+V85,g_re500_t5_h5,0.3234575495178307,-0.12636053744052245,1.4330489691348094,104
5,V76+V78+V79+V83+V85,g_re800_t5_h5,0.40374669998217083,-0.11155081299162994,1.7403660487815864,96
5,V76+V78+V79+V84+V85,g_re1000_t5_h5,0.4356031678107706,-0.10377928132282177,1.8772554160260069,100
5,V76+V78+V79+V84+V85,g_re500_t5_h5,0.4678474722342303,-0.11472049907910686,1.9590985520352364,116
5,V76+V78+V79+V84+V85,g_re800_t5_h5,0.5611038014414507,-0.0913786675621916,2.228215795624455,106
5,V76+V78+V83+V84+V85,g_re1000_t5_h5,0.456625948356131,-0.10411346170402769,1.9136091514115707,100
5,V76+V78+V83+V84+V85,g_re500_t5_h5,0.4496674600509911,-0.1089729180509641,1.8133735272587899,112
5,V76+V78+V83+V84+V85,g_re800_t5_h5,0.5564037598530107,-0.10408209160017512,2.172898276509807,106
5,V76+V79+V83+V84+V85,g_re1000_t5_h5,0.3805519269010911,-0.10428406723902361,1.5982047984363055,98
5,V76+V79+V83+V84+V85,g_re500_t5_h5,0.4237174990915311,-0.10769921909538394,1.7103913491297438,110
5,V76+V79+V83+V84+V85,g_re800_t5_h5,0.4061956867758709,-0.10924805109988811,1.6737563846524341,100
5,V78+V79+V83+V84+V85,g_re1000_t5_h5,0.3548020088946904,-0.10178223165863076,1.5671725601142839,94
5,V78+V79+V83+V84+V85,g_re500_t5_h5,0.2638822218569308,-0.16030115858461957,1.1500877773629328,102
5,V78+V79+V83+V84+V85,g_re800_t5_h5,0.34379630748945056,-0.11625160930010625,1.5188393440980363,100
6,V76+V78+V79+V83+V84+V85,g_re1000_t5_h5,0.44884749567459137,-0.08461767390570174,1.9482630004026866,94
6,V76+V78+V79+V83+V84+V85,g_re500_t5_h5,0.36189758645217074,-0.11409969762080974,1.5383048393163503,104
6,V76+V78+V79+V83+V84+V85,g_re800_t5_h5,0.49897136050437085,-0.11188867240413092,2.0699572448195322,98
