k,strategy,n_subsets,worst,med,best,worst_dd
1,g_re1000_t5_h5,6,0.12652488140790052,0.4271895531879658,0.5373778791006709,-0.13229196808315957
1,g_re500_t5_h5,6,0.1356039210871609,0.25062211963360603,0.4318904477446168,-0.16587686318454165
1,g_re800_t5_h5,6,0.22886669570254026,0.36960247998865325,0.4384722286319518,-0.15211682566001572
2,g_re1000_t5_h5,15,0.1462180562219202,0.4373799771891109,0.5786460909323505,-0.12816754304430356
2,g_re500_t5_h5,15,0.18318821759801085,0.399985250550571,0.5185752406448707,-0.163215272208304
2,g_re800_t5_h5,15,0.23449978522899095,0.3892607766519911,0.6861344971060304,-0.14369217094311115
3,g_re1000_t5_h5,20,0.2275375044389205,0.40001841246651093,0.537252485812701,-0.11615164564980351
3,g_re500_t5_h5,20,0.1442041624089203,0.3705318128196403,0.5063390493294704,-0.16627862901685608
3,g_re800_t5_h5,20,0.248338051216751,0.3697366187001305,0.587329729189151,-0.12692507665636477
4,g_re1000_t5_h5,15,0.28027848937887034,0.4204576430667111,0.5676535747762304,-0.11675672996248276
4,g_re500_t5_h5,15,0.16945659062181107,0.36353062340979125,0.6198794350556716,-0.17799298706448974
4,g_re800_t5_h5,15,0.3020707894777803,0.4216567047671711,0.6807279186738102,-0.12087754847375753
5,g_re1000_t5_h5,6,0.3548020088946904,0.4290826426394906,0.4675898679070509,-0.10428406723902361
5,g_re500_t5_h5,6,0.2638822218569308,0.4366924795712611,0.4678474722342303,-0.16030115858461957
5,g_re800_t5_h5,6,0.34379630748945056,0.45414567655238103,0.5611038014414507,-0.11625160930010625
6,g_re1000_t5_h5,1,0.44884749567459137,0.44884749567459137,0.44884749567459137,-0.08461767390570174
6,g_re500_t5_h5,1,0.36189758645217074,0.36189758645217074,0.36189758645217074,-0.11409969762080974
6,g_re800_t5_h5,1,0.49897136050437085,0.49897136050437085,0.49897136050437085,-0.11188867240413092
