signal_date,execution_date,selected_top1,selected_top1_rank_score,vol_window_start,vol_window_end,vol_observations,vol_end_strictly_before_signal,annualized_realized_volatility,target_annualized_volatility,target_exposure,target_cash_weight
2020-01-02,2020-01-03,601288.SH,0.289881306,2019-12-03,2019-12-31,20,True,0.0902474883785,0.12,1,0
2020-02-03,2020-02-04,601939.SH,0.003006735489,2019-12-25,2020-01-23,20,True,0.0965171793083,0.12,1,0
2020-03-02,2020-03-03,601398.SH,0.4580269075,2020-01-23,2020-02-28,20,True,0.220094778334,0.12,0.545219659042,0.454780340958
2020-04-01,2020-04-02,601988.SH,0.2284721609,2020-03-03,2020-03-31,20,True,0.148593065209,0.12,0.807574699609,0.192425300391
2020-05-06,2020-05-07,601988.SH,0.214193693,2020-04-01,2020-04-30,20,True,0.114431107164,0.12,1,0
2020-06-01,2020-06-02,601988.SH,0.5070256426,2020-04-28,2020-05-29,20,True,0.0868874228366,0.12,1,0
2020-07-01,2020-07-02,601398.SH,0.2932606006,2020-05-29,2020-06-30,20,True,0.11417754854,0.12,1,0
2020-08-03,2020-08-04,601398.SH,0.1066862811,2020-07-03,2020-07-31,20,True,0.357459139956,0.12,0.335702704412,0.664297295588
2020-09-01,2020-09-02,601939.SH,0.07037433343,2020-08-03,2020-08-31,20,True,0.131376530596,0.12,0.913405152771,0.0865948472291
2020-10-09,2020-10-12,601939.SH,-0.1942663299,2020-09-02,2020-09-30,20,True,0.110813440092,0.12,1,0
2020-11-02,2020-11-03,601939.SH,-0.2215314409,2020-09-24,2020-10-30,20,True,0.192875743015,0.12,0.622162217624,0.377837782376
2020-12-01,2020-12-02,601988.SH,0.3729595214,2020-11-02,2020-11-30,20,True,0.105476557299,0.12,1,0
2021-01-04,2021-01-05,601988.SH,0.01444808339,2020-12-03,2020-12-31,20,True,0.0662780004177,0.12,1,0
2021-02-01,2021-02-02,601398.SH,0.191161139,2020-12-31,2021-01-29,20,True,0.128641126132,0.12,0.932827654796,0.0671723452044
2021-03-01,2021-03-02,601288.SH,0.09012104499,2021-01-22,2021-02-26,20,True,0.115789511441,0.12,1,0
2021-04-01,2021-04-02,601288.SH,0.1355878795,2021-03-03,2021-03-31,20,True,0.145739547137,0.12,0.823386667227,0.176613332773
2021-05-06,2021-05-07,601288.SH,0.505035112,2021-04-01,2021-04-30,20,True,0.0963535975384,0.12,1,0
2021-06-01,2021-06-02,601398.SH,0.4212640727,2021-04-28,2021-05-31,20,True,0.137436972101,0.12,0.873127501032,0.126872498968
2021-07-01,2021-07-02,601398.SH,-0.06172531167,2021-06-01,2021-06-30,20,True,0.0798524427229,0.12,1,0
2021-08-02,2021-08-03,601939.SH,0.2859356109,2021-07-02,2021-07-30,20,True,0.143505753326,0.12,0.836203408008,0.163796591992
2021-09-01,2021-09-02,601988.SH,0.07495601829,2021-08-03,2021-08-31,20,True,0.088152321096,0.12,1,0
2021-10-08,2021-10-11,601398.SH,0.05866788567,2021-08-31,2021-09-30,20,True,0.113187876829,0.12,1,0
2021-11-01,2021-11-02,601988.SH,-0.03253870703,2021-09-24,2021-10-29,20,True,0.0557660435318,0.12,1,0
2021-12-01,2021-12-02,601988.SH,0.2168415727,2021-11-02,2021-11-30,20,True,0.0519583411586,0.12,1,0
2022-01-04,2022-01-05,601288.SH,0.3056137455,2021-12-03,2021-12-31,20,True,0.0446319129693,0.12,1,0
2022-02-07,2022-02-08,601988.SH,0.03146063147,2021-12-30,2022-01-28,20,True,0.10932129968,0.12,1,0
2022-03-01,2022-03-02,601398.SH,0.1182941511,2022-01-24,2022-02-28,20,True,0.146086882792,0.12,0.821428986002,0.178571013998
2022-04-01,2022-04-06,601988.SH,0.1747990929,2022-03-03,2022-03-31,20,True,0.150307917318,0.12,0.79836113853,0.20163886147
2022-05-05,2022-05-06,601988.SH,0.06317475022,2022-03-30,2022-04-29,20,True,0.131585100603,0.12,0.911957352697,0.0880426473035
2022-06-01,2022-06-02,601288.SH,-0.07023859828,2022-04-28,2022-05-31,20,True,0.0926294052138,0.12,1,0
2022-07-01,2022-07-04,601988.SH,0.2020602107,2022-06-01,2022-06-30,20,True,0.0664698483676,0.12,1,0
2022-08-01,2022-08-02,601398.SH,0.339562047,2022-07-01,2022-07-29,20,True,0.125522789084,0.12,0.956001701968,0.0439982980318
2022-09-01,2022-09-02,601288.SH,0.1424855057,2022-08-03,2022-08-31,20,True,0.100017050159,0.12,1,0
2022-10-10,2022-10-11,601988.SH,-0.2152810175,2022-09-01,2022-09-30,20,True,0.113232527115,0.12,1,0
2022-11-01,2022-11-02,601988.SH,0.1429042931,2022-09-26,2022-10-31,20,True,0.105121058885,0.12,1,0
2022-12-01,2022-12-02,601288.SH,0.2409649927,2022-11-02,2022-11-30,20,True,0.0934239510512,0.12,1,0
2023-01-03,2023-01-04,601988.SH,0.2459274025,2022-12-02,2022-12-30,20,True,0.12094278847,0.12,0.992204673948,0.00779532605226
2023-02-01,2023-02-02,601939.SH,0.290066783,2022-12-26,2023-01-31,20,True,0.0891773453106,0.12,1,0
2023-03-01,2023-03-02,601398.SH,0.3136317843,2023-01-31,2023-02-28,20,True,0.0446849395947,0.12,1,0
2023-04-03,2023-04-04,601988.SH,0.120607063,2023-03-03,2023-03-31,20,True,0.195609722571,0.12,0.613466439309,0.386533560691
2023-05-04,2023-05-05,601939.SH,-0.06417719033,2023-03-30,2023-04-28,20,True,0.12317408255,0.12,0.974230921926,0.0257690780743
2023-06-01,2023-06-02,601288.SH,-0.1129087565,2023-04-28,2023-05-31,20,True,0.452457815514,0.12,0.265218095224,0.734781904776
2023-07-03,2023-07-04,601398.SH,0.1634830659,2023-05-31,2023-06-30,20,True,0.182466668805,0.12,0.657654358386,0.342345641614
2023-08-01,2023-08-02,601398.SH,0.2565197073,2023-07-03,2023-07-31,20,True,0.130993754373,0.12,0.916074209602,0.0839257903979
2023-09-01,2023-09-04,601288.SH,0.1025518017,2023-08-03,2023-08-31,20,True,0.16661421258,0.12,0.720226672992,0.279773327008
2023-10-09,2023-10-10,601288.SH,0.04438106637,2023-08-31,2023-09-28,20,True,0.143415145828,0.12,0.836731708545,0.163268291455
2023-11-01,2023-11-02,601288.SH,0.1213868945,2023-09-25,2023-10-31,20,True,0.170770108152,0.12,0.702699092358,0.297300907642
2023-12-01,2023-12-04,601288.SH,0.1002668775,2023-11-02,2023-11-30,20,True,0.0983177311061,0.12,1,0
2024-01-02,2024-01-03,601288.SH,0.1448454211,2023-12-01,2023-12-29,20,True,0.154088830243,0.12,0.778771568391,0.221228431609
2024-02-01,2024-02-02,601939.SH,-0.2163937396,2024-01-03,2024-01-31,20,True,0.153025943296,0.12,0.784180756645,0.215819243355
2024-03-01,2024-03-04,601939.SH,0.04439635582,2024-01-24,2024-02-29,20,True,0.240035066273,0.12,0.499926955938,0.500073044062
2024-04-01,2024-04-02,601288.SH,0.2242065567,2024-03-01,2024-03-29,20,True,0.201745315064,0.12,0.594809351395,0.405190648605
2024-05-06,2024-05-07,601288.SH,0.1175354032,2024-03-29,2024-04-30,20,True,0.16549467131,0.12,0.72509887509,0.27490112491
2024-06-03,2024-06-04,601288.SH,-0.1459447276,2024-04-30,2024-05-31,20,True,0.116275478286,0.12,1,0
2024-07-01,2024-07-02,601988.SH,-0.3680240556,2024-05-30,2024-06-28,20,True,0.130204631886,0.12,0.921626199178,0.078373800822
2024-08-01,2024-08-02,601288.SH,-0.1131318996,2024-07-03,2024-07-31,20,True,0.222577969125,0.12,0.539136916703,0.460863083297
2024-09-02,2024-09-03,601398.SH,-0.08682662132,2024-08-02,2024-08-30,20,True,0.272990802395,0.12,0.439575249229,0.560424750771
2024-10-08,2024-10-09,601288.SH,0.4369013685,2024-08-29,2024-09-30,20,True,0.376617167359,0.12,0.318625942735,0.681374057265
2024-11-01,2024-11-04,601988.SH,0.01781129457,2024-09-26,2024-10-31,20,True,0.288087063999,0.12,0.416540744087,0.583459255913
2024-12-02,2024-12-03,601398.SH,0.2471402375,2024-11-01,2024-11-29,20,True,0.14480561577,0.12,0.828697142452,0.171302857548
2025-01-02,2025-01-03,601939.SH,0.07238402294,2024-12-03,2024-12-31,20,True,0.159987608515,0.12,0.750058089587,0.249941910413
2025-02-05,2025-02-06,601288.SH,0.0938605494,2024-12-27,2025-01-27,20,True,0.209438950299,0.12,0.572959326949,0.427040673051
2025-03-03,2025-03-04,601939.SH,0.1366690834,2025-01-23,2025-02-28,20,True,0.189544191447,0.12,0.633097744035,0.366902255965
2025-04-01,2025-04-02,601288.SH,0.0432356799,2025-03-03,2025-03-31,20,True,0.133445829164,0.12,0.899241293281,0.100758706719
2025-05-06,2025-05-07,601988.SH,-0.04542966406,2025-04-01,2025-04-30,20,True,0.247044310479,0.12,0.485742819851,0.514257180149
2025-06-03,2025-06-04,601939.SH,0.2455474366,2025-04-29,2025-05-30,20,True,0.166100857618,0.12,0.722452621381,0.277547378619
2025-07-01,2025-07-02,601288.SH,0.05325597577,2025-05-30,2025-06-30,20,True,0.169050878523,0.12,0.709845468113,0.290154531887
2025-08-01,2025-08-04,601988.SH,0.001123766858,2025-07-03,2025-07-31,20,True,0.15320282022,0.12,0.783275398114,0.216724601886
2025-09-01,2025-09-02,601939.SH,-0.05257001739,2025-08-01,2025-08-29,20,True,0.136335700652,0.12,0.880180315398,0.119819684602
2025-10-09,2025-10-10,601288.SH,0.02893995358,2025-09-02,2025-09-30,20,True,0.292341529187,0.12,0.41047879969,0.58952120031
2025-11-03,2025-11-04,601398.SH,0.07918609509,2025-09-25,2025-10-31,20,True,0.185659830043,0.12,0.646343368794,0.353656631206
2025-12-01,2025-12-02,601288.SH,0.2979630612,2025-10-31,2025-11-28,20,True,0.229340066167,0.12,0.523240452511,0.476759547489
2026-01-05,2026-01-06,601288.SH,0.09500750516,2025-12-03,2025-12-31,20,True,0.235624271015,0.12,0.509285395274,0.490714604726
2026-02-02,2026-02-03,601288.SH,0.3575516258,2025-12-31,2026-01-30,20,True,0.200543193655,0.12,0.598374832939,0.401625167061
2026-03-02,2026-03-03,601288.SH,0.4986510877,2026-01-22,2026-02-27,20,True,0.167516269052,0.12,0.716348332489,0.283651667511
2026-04-01,2026-04-02,601288.SH,-0.1118519079,2026-03-03,2026-03-31,20,True,0.231337584756,0.12,0.518722455439,0.481277544561
2026-05-06,2026-05-07,601398.SH,-0.05390411193,2026-04-01,2026-04-30,20,True,0.148064992017,0.12,0.810454911491,0.189545088509
2026-06-01,2026-06-02,601288.SH,0.03016626939,2026-04-28,2026-05-29,20,True,0.167757062712,0.12,0.715320106707,0.284679893293
