period,strategy,net_return,gross_return_same_fills
2024Q1,V44 rel_vol_ind_20d Top2,0.08489673696,0.08632
2024Q2,V44 rel_vol_ind_20d Top2,0.08370219599,0.08614259828
2024Q3,V44 rel_vol_ind_20d Top2,0.1239424061,0.126133477
2024Q4,V44 rel_vol_ind_20d Top2,0.1001026268,0.1003820872
2025Q1,V44 rel_vol_ind_20d Top2,0.02061354725,0.02283878081
2025Q2,V44 rel_vol_ind_20d Top2,0.07218485702,0.07254412975
2025Q3,V44 rel_vol_ind_20d Top2,-0.04131759693,-0.03771359965
2025Q4,V44 rel_vol_ind_20d Top2,0.1201929711,0.121488797
2026Q1,V44 rel_vol_ind_20d Top2,-0.05843782803,-0.05610223547
2026Q2,V44 rel_vol_ind_20d Top2,-0.06957581415,-0.0667832724
2024Q1,V11 LambdaRank Top2,0.08675568727,0.08998
2024Q2,V11 LambdaRank Top2,0.07981561801,0.0812569289
2024Q3,V11 LambdaRank Top2,0.1276081216,0.1279877369
2024Q4,V11 LambdaRank Top2,0.1267870585,0.1286609118
2025Q1,V11 LambdaRank Top2,0.02262038231,0.02485639868
2025Q2,V11 LambdaRank Top2,0.06462672886,0.06657984772
2025Q3,V11 LambdaRank Top2,0.06159736347,0.06444154403
2025Q4,V11 LambdaRank Top2,0.1410604412,0.1409913113
2026Q1,V11 LambdaRank Top2,-0.06540138381,-0.06301795898
2026Q2,V11 LambdaRank Top2,-0.04072449773,-0.03758193284
2024Q1,60d momentum Top2,0.08140207961,0.08288
2024Q2,60d momentum Top2,0.08302877497,0.08383055127
2024Q3,60d momentum Top2,0.1136300789,0.115109259
2024Q4,60d momentum Top2,0.07871957956,0.0816925312
2025Q1,60d momentum Top2,0.02101997089,0.02167262846
2025Q2,60d momentum Top2,0.09546776181,0.09644848195
2025Q3,60d momentum Top2,0.05417354346,0.05472372522
2025Q4,60d momentum Top2,0.1170968434,0.1172485452
2026Q1,60d momentum Top2,-0.005909983648,-0.005110985499
2026Q2,60d momentum Top2,-0.01374813514,-0.01353216191
2024Q1,equal-weight hold,0.0993420727,0.0999
2024Q2,equal-weight hold,0.07344572635,0.0734084708
2024Q3,equal-weight hold,0.1268634014,0.1268034505
2024Q4,equal-weight hold,0.1105216332,0.1104752823
2025Q1,equal-weight hold,0.01878110717,0.01877401427
2025Q2,equal-weight hold,0.08886671595,0.08883377292
2025Q3,equal-weight hold,-0.002673839264,-0.002672928935
2025Q4,equal-weight hold,0.1286823109,0.1286383826
2026Q1,equal-weight hold,-0.03572339892,-0.03571259396
2026Q2,equal-weight hold,-0.04147882154,-0.04146581115
