factor,ic_mean,icir,ic_pos_years,years,max_abs_rho_vs_old
mfx_dc_pct_change,0.054330235609951066,4.068617383317461,8.0,8.0,0.23722657759500174
mfx_ths_pct_change,0.053184111049465126,4.148689585084373,8.0,8.0,0.14888267031266386
efx_free_turnover,-0.04830551247299672,-5.89005352728803,0.0,8.0,0.0
mfx_dc_pressure,0.04507681246058324,3.1892079148197348,8.0,8.0,0.28847361305464375
mfx_ths_pressure,0.043978854199979406,3.290694862309422,8.0,8.0,0.22141152655858906
efx_volume_ratio,-0.04201865509219904,-1.8815308479836728,0.0,8.0,0.39236288593079355
mfx_minute_weighted_pressure,0.04136954793904764,3.3897445751241535,8.0,8.0,0.20579826560396242
mfx_minute_pressure,0.04085861197876134,3.189628109823752,8.0,8.0,0.4816326137950891
efx_limit_streak,-0.04029842017664844,-3.7600207294459187,0.0,6.0,0.24615336642979255
mfx_tdx_pressure,0.039232416446730076,3.132222783614289,8.0,8.0,0.52161034736106
mfx_ths_gap,0.03734626772012,2.8555755223656867,8.0,8.0,0.24754374181417116
efx_top_turnover,-0.0356030854039704,-3.4630312731687605,0.0,8.0,0.2703899636099025
efx_limit_turnover,-0.033964365555781466,-3.5402289932125974,0.0,6.0,0.2079736235166877
mfx_index_gap,0.033877733277901695,2.0922785461669564,8.0,8.0,0.3507149745719991
efx_limit_win_fraction,0.03269140800105565,6.792680144827992,6.0,6.0,0.24075332965345797
efx_lu_seal_amount,-0.027838164316486565,-4.498859359408513,0.0,8.0,0.4599914658547031
mfx_dc_range,-0.027106705290605486,-1.1276992894692155,0.0,8.0,0.23340732457977978
efx_top_amount_rate,0.026804349488676722,4.615120039394943,8.0,8.0,0.770467526390795
efx_top_participation,0.0268041492839768,4.615998716846428,8.0,8.0,0.2803289365190023
mfx_ths_range,-0.02543931949537777,-1.095153878936848,1.0,8.0,0.19925019230961122
mfx_index_pressure,0.02496484819035271,1.664885691536174,8.0,8.0,0.8348423782202697
mfx_minute_amplitude,-0.024071409157782844,-1.0845570712114005,1.0,8.0,0.8928921971847273
mfx_dc_swing,-0.02400560567185133,-0.9787402818820172,1.0,8.0,0.2021629995892453
mfx_tdx_range,-0.022984805280427276,-1.0110662036070228,1.0,8.0,0.4599391274245604
efx_lu_board_density,0.022801002310751887,2.550006434580674,7.0,7.0,0.20440192302559992
mfx_minute_realized_vol,-0.02249223435866988,-0.944910505800547,1.0,8.0,0.4110092117975791
efx_limit_reseal_span,-0.021469804177229174,-1.6122562372006468,0.0,6.0,0.20455113071832362
efx_top_move,-0.019558389136728537,-1.4892957806925005,0.0,8.0,0.22092178885053876
mfx_ths_turnover_rate,-0.01911476456868947,-1.0191228042802758,1.0,8.0,0.40214638118690627
efx_annual_earnings_yield,0.018702422009587338,1.4944885782870345,7.0,8.0,0.47055623880176106
efx_top_float,-0.018651302920174515,-0.6569036049699106,3.0,8.0,0.32781682172677834
mfx_dc_turnover_rate,-0.017613295001780976,-0.969468445006243,1.0,8.0,0.29086620800562735
efx_annual_sales_yield,0.01667095278968572,1.2310038587687446,7.0,8.0,0.519808239481267
efx_lu_one_price,-0.016573861838191536,-1.6673931773528645,0.0,8.0,0.3267740464631192
mfx_ths_volume,-0.014368509168913954,-0.5647550441388658,2.0,8.0,0.2581727152309433
mfx_dc_volume,-0.013840411047720134,-0.5798986864825543,1.0,8.0,0.4478120785930389
efx_limit_first,-0.013765324283388641,-0.9454710703218969,1.0,6.0,0.5881085238856641
efx_seal_float,-0.013246845077988503,-0.7705781573739034,2.0,6.0,0.6285091397446418
mfx_index_range,-0.013218645225318851,-0.7055757577946881,3.0,8.0,0.470486406445428
efx_limit_signed_move,-0.01307566280414394,-0.6752774307986917,1.0,6.0,0.4973333304573417
efx_lu_seal_volume,-0.012853252624786888,-1.2823670507448617,0.0,8.0,0.341620950318731
qf_core_roe_yoy_change,0.012579100684301923,1.2921046111386207,8.0,8.0,0.32185266010989017
afx_bs_surplus_rese,0.012334376297339062,1.624418796711239,8.0,8.0,0.6554922122164439
mfx_index_volume,-0.011893185637067085,-0.5127318125292405,1.0,8.0,0.8695045415425537
qf_roe_yoy_change,0.011795785588100585,0.987190301846707,6.0,8.0,0.31306931178132824
afx_fi_surplus_rese_ps,0.011761292562929881,1.3563838854249475,8.0,8.0,0.16403564510209007
qf_core_roe_vol_4q,0.011536729423369318,1.3885979472076955,7.0,8.0,0.4528010034574396
mfx_tdx_volume,-0.010984917838498327,-0.4876516764134981,2.0,8.0,0.4223371607772875
qf_sales_growth_vol_4q,0.01095940652929148,1.1575939128418313,7.0,8.0,0.5127248068062185
efx_dragon_net_intensity,-0.010499997674968878,-1.0669223012094964,1.0,8.0,0.5164418495727675
qf_roa_yoy_change,0.010439801420261347,0.8751613298787612,5.0,8.0,0.540651532736692
afx_cf_oth_cashpay_ral_fnc_act,-0.010188286132090702,-1.5878792734542695,1.0,8.0,0.35621954899247216
efx_dragon_ratio_balance,-0.009467180536990874,-0.9638341459832068,1.0,8.0,0.36243721315799765
efx_top_imbalance,-0.00930490788903612,-0.9429515607812464,1.0,8.0,0.37868077066889283
afx_bs_oth_rcv_total,-0.00887576286809336,-1.3958441234254524,0.0,8.0,0.44165769273700717
mfx_dc_amount,-0.008805997120694369,-0.4501364740525746,2.0,8.0,0.4569116978496308
mfx_tdx_amount,-0.00875748543027261,-0.4466055709507132,2.0,8.0,0.4453416524568285
mfx_index_amount,-0.008513409588461932,-0.46237923619334775,2.0,8.0,0.468474379218764
afx_bs_oth_pay_total,-0.008149483962523865,-0.9657013292001878,2.0,8.0,0.6277403124502565
efx_top_net_rate,-0.0081471067930524,-0.9267345515649734,1.0,8.0,0.2506676371146327
afx_fi_retained_earnings,0.008043347898652253,0.6005718165142064,6.0,8.0,0.3620333421643364
efx_lu_first,-0.007972573159833206,-0.6577395931945798,2.0,8.0,0.3430013925046535
afx_fi_tangible_asset,0.007966675204654121,1.5389220658961622,7.0,8.0,0.18223099418824557
afx_bs_oth_payable,-0.007679651913606634,-1.053486570153955,2.0,8.0,0.2299926750204125
afx_bs_taxes_payable,-0.007664563346538065,-1.0197047908821686,1.0,8.0,0.2987448228166946
qf_sales_growth_accel,0.00763349053359758,1.9559347327120777,8.0,8.0,0.433388816455893
afx_cf_finan_exp,-0.007528793039767611,-0.9431225239080844,1.0,8.0,0.32919436328116647
efx_limit_trade_share,0.007431692947236224,0.5809707219998174,5.0,6.0,0.24535686740634174
afx_cf_oth_cash_recp_ral_fnc_act,-0.007300373290827664,-1.2699296962226494,1.0,8.0,0.4433979938900043
afx_bs_oth_liab,0.006787882131853941,0.640689739790531,7.0,8.0,0.16747305384238206
afx_bs_oth_assets,0.006769918501470263,0.6379984232491873,7.0,8.0,0.5631589200712729
afx_cf_n_depos_incr_fi,0.0067409783362716415,0.8279331617093396,7.0,8.0,0.14657916736360846
afx_is_oth_b_income,0.006711353999090607,0.6312782041472044,7.0,8.0,0.36747641689083765
afx_is_oper_exp,0.006681404258318899,0.6300748534544931,7.0,8.0,0.8786776687574619
afx_fi_interestdebt,-0.006675593437142104,-1.192187338514366,1.0,8.0,0.186673165088428
afx_is_n_oth_b_income,0.006494366414418156,0.65325768706397,7.0,8.0,0.41033716949113314
afx_is_n_oth_income,0.006488969251524433,0.6261325319763139,7.0,8.0,0.3964959400824742
afx_is_other_bus_cost,0.006463869964676532,0.6422818688816508,7.0,8.0,0.2451866236746863
afx_bs_undistr_porfit,0.006450634868881012,0.5261975124591728,4.0,8.0,0.5614907759388967
afx_is_n_commis_income,0.0064071471984643875,0.6633379295729809,7.0,8.0,0.5334218481092385
afx_cf_c_recp_cap_contrib,-0.006362411964707451,-0.9495796827205571,2.0,8.0,0.37843471104609266
afx_cf_im_net_cashflow_oper_act,0.0062832733678796,0.5347204667471067,5.0,8.0,0.43717404446972613
afx_cf_st_cash_out_act,-0.006270511140785557,-0.5338746594730172,3.0,8.0,0.30414102878340893
afx_cf_stot_cash_in_fnc_act,-0.006003843217590321,-1.0625397228349376,1.0,8.0,0.3558101043242526
afx_fi_retainedps,0.005849248760726629,0.344834534188398,5.0,8.0,0.15719334731205867
qf_cash_margin_floor_4q,0.0058124279756271505,0.5801760874189641,6.0,8.0,0.41030582126697457
afx_is_comm_exp,0.0056729377555454034,0.6942224816548447,7.0,8.0,0.3160235132946811
afx_is_comm_income,0.0056675704339470105,0.7033657337190409,7.0,8.0,0.16915839493990972
afx_bs_sold_for_repur_fa,0.005632370121028638,0.503892128148854,7.0,8.0,0.23299790620034116
afx_fi_invest_capital,-0.005593195123920823,-0.4675740010042552,2.0,8.0,0.33981976229679844
qf_core_roe_floor_4q,0.005591758062471631,0.31009331501466775,4.0,8.0,0.35692546900672156
afx_cf_n_recp_disp_sobu,-0.00552727977116075,-1.385214401968025,1.0,8.0,0.14704462812763705
afx_bs_loan_oth_bank,0.005489378086603523,0.5244967838212554,7.0,8.0,0.34010680107266217
afx_bs_oth_cur_liab,-0.005406406893627531,-1.21839225576098,0.0,8.0,0.2803077060554762
afx_cf_pay_handling_chrg,0.005225749461681844,0.5444304023012108,7.0,8.0,0.4375390245321463
afx_is_int_exp,0.005194744929666482,0.5317655302842694,7.0,8.0,0.46002687907858036
afx_cf_c_recp_return_invest,0.005174074189068723,0.7501188819528333,5.0,8.0,0.3425895382062117
afx_bs_long_pay_total,-0.00515960538004771,-0.7617840916485226,1.0,8.0,0.4621554576839617
afx_cf_n_disp_subs_oth_biz,-0.0050991539168229755,-0.7754193920582443,1.0,8.0,0.2005912255868609
afx_bs_pur_resale_fa,0.005018684520387002,0.5020396966976398,7.0,8.0,0.3402108944396713
afx_bs_lt_payable,-0.004957043233874749,-1.0097731802463252,1.0,8.0,0.3486147499921958
afx_fi_saleexp_to_gr,0.004931578933704325,0.8082228360790307,7.0,8.0,0.19583068512579724
afx_fi_fcff,0.004915881904477387,0.5858579215249812,6.0,8.0,0.26998898213011124
afx_fi_daa,0.004864278454182935,0.8777020044736819,7.0,8.0,0.6016152886250979
afx_fi_ebit_ps,-0.004811173549924165,-0.28836259623942795,4.0,8.0,0.3949206170465695
afx_bs_ordin_risk_reser,0.004770244882554264,0.42159112348666045,6.0,8.0,0.3424923893834303
afx_cf_eff_fx_flu_cash,0.0047493695208766585,0.6860166735220881,5.0,8.0,0.17330537330593837
afx_fi_interst_income,-0.004740335658072916,-0.710045629364539,2.0,8.0,0.3009678245957402
afx_fi_current_exint,-0.004676221461176322,-0.8788718331322802,1.0,8.0,0.24356802506917632
afx_cf_stot_inflows_inv_act,0.004665634225806153,0.9187071783052236,6.0,8.0,0.47696712933766167
afx_fi_capital_rese_ps,-0.004639053366053863,-0.4621225078776903,2.0,8.0,0.4860159960064125
afx_bs_lt_amor_exp,-0.0046308707898197,-1.0019867338961652,1.0,8.0,0.5757480508189006
afx_bs_fix_assets_total,0.004624133936999096,0.5864766372746296,7.0,8.0,0.25634445640554726
afx_fi_total_revenue_ps,-0.004582644446186308,-0.6486455237058468,3.0,8.0,0.30317064262211973
afx_fi_revenue_ps,-0.0045803015279052214,-0.647916003315827,3.0,8.0,0.3295865970415531
afx_cf_n_incr_clt_loan_adv,0.004565814989198008,1.0042515600281277,7.0,8.0,0.25965620088628355
afx_is_int_income,0.004558716034128931,0.5145679020426613,7.0,8.0,0.44535603268635376
efx_lu_final,-0.004541439004045294,-0.2646896476227427,4.0,8.0,0.1552609129188965
afx_fi_netdebt,-0.004505159847990081,-0.8583076758629856,1.0,8.0,0.25385100666025406
afx_cf_oth_cash_pay_oper_act,-0.004461353760725366,-0.7481340759191152,1.0,8.0,0.11743241782163735
afx_bs_oth_cur_assets,-0.0044425056385191935,-0.4663513541809306,3.0,8.0,0.28767811298584056
afx_bs_decr_in_disbur,0.004365908906598311,0.6226729931532846,6.0,8.0,0.45840937995066355
afx_bs_lt_rec,-0.004317875927285628,-0.5471853829848112,3.0,8.0,0.2722189129517614
afx_fi_q_netprofit_yoy,0.004307678378802948,0.9221727228182682,7.0,8.0,0.4836719456931521
afx_fi_q_op_yoy,0.004269765304217941,0.9085218836676691,7.0,8.0,0.1279552096025272
afx_fi_undist_profit_ps,0.004251723999226062,0.25211668371346974,4.0,8.0,0.11999215368713086
afx_fi_q_finaexp_to_gr,-0.004241424293996819,-1.0951305989981799,1.0,8.0,0.1658080074887853
afx_bs_oth_comp_income,0.004234591509732278,2.4938714042323293,8.0,8.0,0.32271459493799814
afx_cf_n_incr_loans_oth_bank,0.004152146534952894,0.5451973174927774,6.0,8.0,0.20546367922353684
afx_bs_deriv_assets,0.004128212978259729,0.4654750524041846,6.0,8.0,0.32209964633079
afx_cf_stot_out_inv_act,0.004083318209750811,0.8540878299660531,7.0,8.0,0.2884691406992556
afx_fi_q_profit_yoy,0.004075732471721677,0.8784503432708531,7.0,8.0,0.36554092352771417
afx_bs_oth_ncl,-0.0040693917795970825,-0.46604018201283476,3.0,8.0,0.22792840605383385
afx_fi_ocfps,0.003985068702668194,0.27069874290981083,5.0,8.0,0.37924895726086855
afx_fi_fixed_assets,0.003979687924861638,0.540306218823299,6.0,8.0,0.28781508681470547
afx_fi_q_gr_qoq,0.003920105471825471,1.0348828149818605,7.0,8.0,0.7228262169545704
afx_fi_q_gsprofit_margin,0.0039166560975446435,1.0607911114694024,6.0,8.0,0.3705296854963746
afx_is_oth_compr_income,0.003907838306360632,0.7515856954638407,6.0,8.0,0.37421586882195707
afx_cf_ifc_cash_incr,0.003894245988762835,0.4417466679133559,6.0,8.0,0.3468177814313412
afx_fi_fcff_ps,0.0038881035129746592,0.4836799743061402,6.0,8.0,0.16924710559862624
afx_cf_stot_cashout_fnc_act,-0.003850198080699553,-0.737430261381388,1.0,8.0,0.20411990941487446
afx_fi_q_sales_qoq,0.0038341828023783896,1.0428824490144155,7.0,8.0,0.14962783914420552
afx_fi_rd_exp,0.0038156143778400107,0.2323292284746004,5.0,8.0,0.35490190799395044
afx_bs_deriv_liab,0.003760562144231884,0.4825738213296853,6.0,8.0,0.5214058649065493
efx_limit_openings,0.0037479801925501023,0.3760516845732769,3.0,6.0,0.13620023792157088
afx_cf_incl_cash_rec_saims,-0.003505990693834387,-0.5783938689531797,2.0,8.0,0.5344157471844406
afx_cf_c_disp_withdrwl_invest,0.003485733596332436,0.83006573965976,6.0,8.0,0.3309938930520092
mfx_ths_premium,0.003422303111724048,0.3163996767435713,5.0,8.0,0.15114527280567097
afx_bs_oth_debt_invest,0.0033678992235031497,0.37091752170444453,6.0,7.0,0.36499143814763185
afx_cf_c_paid_invest,0.003340354877010475,0.7886666048798038,7.0,8.0,0.3028576457155557
afx_bs_nca_within_1y,-0.0032140327297480306,-0.537698284243547,1.0,8.0,0.3890037143792599
afx_bs_special_rese,0.0031761983182590544,0.42005311059255973,6.0,8.0,0.3696102074948872
afx_bs_debt_invest,0.0031629654357406664,0.4087276495750795,4.0,7.0,0.42277000697446426
afx_fi_ocf_to_profit,0.0031508154317474264,0.8908540428859799,6.0,8.0,0.30162465168909924
efx_limit_float_fraction,0.0031232257248466028,0.5877889418447356,4.0,6.0,0.13242507130717948
afx_is_biz_tax_surchg,0.003106720255758668,0.6217378526904178,7.0,8.0,0.29466947763764323
afx_bs_trading_fl,0.0031003240535147428,0.41704106956203935,6.0,8.0,0.45350214809571954
afx_bs_oth_nca,-0.0030986537246931243,-0.3645689475467883,3.0,8.0,0.43923097639954645
afx_cf_c_fr_oth_operate_a,-0.0030973040337170703,-0.5988670782690798,3.0,8.0,0.3236551813910147
afx_bs_invest_real_estate,-0.0030711124324272598,-0.36166370684624727,4.0,8.0,0.16769321297103468
afx_bs_div_receiv,-0.003068111340808726,-0.34116363876467504,2.0,8.0,0.35801536324722344
afx_bs_payroll_payable,0.0030477025683912817,0.3119720545404449,4.0,8.0,0.592420451212629
afx_fi_ocf_to_opincome,0.0029899973770111223,0.8462371794830531,6.0,8.0,0.24939138427670343
qf_cash_margin_yoy_change,0.002977150779202067,0.6565890840474222,7.0,8.0,0.19094536332896797
afx_is_fin_exp_int_inc,-0.002954182661746367,-0.5116527374775646,1.0,7.0,0.2029104445995737
qf_sales_growth_floor_4q,0.0029473227926244752,0.1841601062156942,5.0,8.0,0.4427789924562819
afx_bs_produc_bio_assets,-0.002921685765870921,-0.49105889824923604,3.0,8.0,0.32093061946548646
afx_fi_op_to_liqdebt,-0.0028836563021044583,-0.4391523396781795,3.0,8.0,0.40526785615768457
afx_bs_oth_eqt_tools,0.0028268987819322394,1.3029188470526534,7.0,8.0,0.4572616704944712
afx_fi_fcfe,0.0026893714356904684,0.2809680807403123,6.0,8.0,0.24049004129052126
afx_cf_oth_pay_ral_inv_act,-0.0025911415095596557,-0.5680690142326301,2.0,8.0,0.4370523162259815
afx_fi_working_capital,0.0025868870999929726,0.4820439732589387,5.0,8.0,0.2840395120179603
afx_bs_lt_eqt_invest,-0.0025522374069143995,-0.31510532673099695,3.0,8.0,0.4680863884795409
afx_is_t_compr_income,0.002512172909011252,0.19129877147232247,5.0,8.0,0.5182534519284776
afx_fi_q_gr_yoy,0.0025025517847859424,0.35997301350355165,4.0,8.0,0.44584887028367953
afx_cf_end_bal_cash_equ,0.0024979140855716413,0.6737525101827233,6.0,8.0,0.2866334739604078
afx_fi_q_netprofit_qoq,0.002491418177767186,0.6787564659645277,6.0,8.0,0.4065817850703823
afx_cf_use_right_asset_dep,-0.0024884880258529258,-0.2500946873685567,2.0,6.0,0.33181947913946325
afx_fi_op_to_debt,-0.002486679707710929,-0.38466140387560677,3.0,8.0,0.27279186356879703
afx_is_ass_invest_income,0.0024728567046304246,0.29989264472264343,4.0,8.0,0.27089841702646794
afx_fi_eqt_to_debt,-0.002472340026051446,-0.44270751727561053,2.0,8.0,0.36249325476325545
afx_bs_int_payable,-0.0024555271078988104,-0.6915133844117888,2.0,8.0,0.6155794609561184
afx_fi_finaexp_of_gr,-0.0024349097731373327,-0.6839256843155449,2.0,8.0,0.2673350190012867
afx_fi_q_gc_to_gr,-0.002409858601403714,-0.35665807004224453,2.0,8.0,0.1614517602660185
afx_is_compr_inc_attr_p,0.0023860615467516826,0.18410843681017028,5.0,8.0,0.14062045624944663
afx_cf_incr_oper_payable,0.002316984354142045,0.2697290681446636,4.0,8.0,0.19633142609203136
afx_fi_equity_yoy,-0.002315344217719986,-0.35913090667145053,2.0,8.0,0.24644754077443892
afx_is_basic_eps,-0.0022927750124754906,-0.25404503412189366,4.0,8.0,0.2896750274366182
afx_fi_bps,-0.0022852680351161197,-0.23667202520813216,3.0,8.0,0.45839447315399917
afx_fi_salescash_to_or,0.0022810825884553173,0.4275992052927258,5.0,8.0,0.12528628580902573
afx_cf_proc_issue_bonds,0.002240002159337477,0.2460093693695871,5.0,8.0,0.2757579315415375
qf_cash_margin_vol_4q,0.0022373719819398638,0.3020843614764365,6.0,8.0,0.9726017489324026
afx_fi_q_saleexp_to_gr,0.0021888988577490826,0.381191176527521,4.0,8.0,0.1852356389512694
afx_fi_q_profit_to_gr,0.0021540910551969637,0.36970140131003476,5.0,8.0,0.48464105868849866
afx_fi_q_profit_qoq,0.002152354861764559,0.6077223940940898,5.0,8.0,0.26039037112028496
afx_is_diluted_eps,-0.0021466226259320336,-0.23603140731870434,4.0,8.0,0.16507986759582977
afx_fi_q_netprofit_margin,0.002136004452780189,0.36882502960522223,5.0,8.0,0.19611782113553974
afx_fi_ocf_to_interestdebt,0.002078093282338507,0.3998281790011048,5.0,8.0,0.5294031806270073
afx_bs_div_payable,-0.0020701885044607316,-0.21141972209905996,4.0,8.0,0.2597748710555613
afx_fi_q_op_qoq,0.0020644318380208145,0.600991863922522,6.0,8.0,0.16959458578427244
afx_fi_q_op_to_gr,0.002043461147217356,0.36449029228155616,5.0,8.0,0.4573758084173222
afx_fi_roa2_yearly,-0.0020326769148527866,-0.27260284394946116,3.0,8.0,0.20605064618637212
afx_fi_roa,-0.0020326769148527866,-0.27260284394946116,3.0,8.0,0.1885867754300124
afx_fi_arturn_days,-0.001993751947720035,-0.38864744795736295,3.0,8.0,0.44496280031321184
afx_fi_cfps_yoy,0.0019823418479172454,0.48830175950611127,6.0,8.0,0.18243635380987377
afx_is_compr_inc_attr_m_s,0.001977049524578349,0.25003976831847036,5.0,8.0,0.3023157859090321
afx_fi_dt_eps_yoy,0.001955946386108967,0.331165474227456,5.0,8.0,0.6610773431045313
afx_fi_expense_of_sales,0.0019362456537311916,0.3189419692905476,5.0,8.0,0.1826309195441224
afx_fi_adminexp_of_gr,0.0019312070106882503,0.3392486447565589,5.0,8.0,0.1629055458537264
afx_fi_q_ocf_to_or,0.001913989117260326,0.7252289436148979,5.0,8.0,0.34504875169548926
afx_cf_oth_recp_ral_inv_act,-0.0019106665105144503,-0.47557609436045933,2.0,8.0,0.3576413421460826
efx_forecast_revision_delay,0.001899183113011402,0.48625865179335814,6.0,8.0,0.6886286423539753
afx_fi_basic_eps_yoy,0.0018799724965387948,0.3203162584681134,4.0,8.0,0.37960112017107045
afx_fi_inv_turn,-0.0018384498188712428,-0.4172316795655073,2.0,8.0,0.15774012286517994
afx_fi_tangasset_to_intdebt,0.0017967877161713152,0.4706585503168161,5.0,8.0,0.17662374774424186
afx_cf_incr_def_inc_tax_liab,0.0017845969024430804,0.26976095776704995,5.0,8.0,0.11648587748793164
afx_fi_eqt_to_interestdebt,0.0017499120072490644,0.4778470168694651,5.0,8.0,0.2461985221959391
afx_cf_decr_oper_payable,0.0017257101111491768,0.1817532173733729,4.0,8.0,0.3418261793330161
afx_fi_ca_turn,-0.0017247604514218026,-0.3075284127971193,4.0,8.0,0.583201180475263
afx_fi_ocf_to_or,0.0016819170095601474,0.36273659759270893,5.0,8.0,0.16522132881397356
afx_fi_assets_turn,-0.001666631357077086,-0.26440533889868373,4.0,8.0,0.3705057181783422
afx_fi_ebit_to_interest,-0.0016402841939137883,-0.3761452073703299,3.0,8.0,0.390984003117571
afx_fi_profit_dedt,0.0016399204659794933,0.08963438938211056,4.0,8.0,0.30288430846633424
afx_cf_im_n_incr_cash_equ,0.0016364184400204694,0.302508334497551,5.0,8.0,0.2896131359992899
afx_cf_beg_bal_cash_equ,0.0016362031028567827,0.45345551144036705,6.0,8.0,0.3267574436656316
afx_bs_hfs_assets,0.0016181591050845549,0.5290242070949959,5.0,8.0,0.3608495693171087
afx_fi_ebit_of_gr,-0.0015565699198057637,-0.24250863785202634,4.0,8.0,0.16286311664133993
afx_fi_roa_yearly,-0.0015495806902483143,-0.2023555701422002,4.0,8.0,0.3627023896667183
afx_fi_npta,-0.0015495806902483143,-0.2023555701422002,4.0,8.0,0.2771534245879249
afx_cf_incl_dvd_profit_paid_sc_ms,0.001497507246892381,0.14217488137665057,7.0,8.0,0.025361272825994857
afx_fi_tax_to_ebt,-0.0014974252825066736,-0.4449640566866174,3.0,8.0,0.29071958113620117
afx_fi_q_opincome_to_ebt,0.0014542718369761772,0.39521151530480153,5.0,8.0,0.266969764832203
afx_bs_fixed_assets_disp,0.0014106946636590532,0.23711866376366783,5.0,8.0,0.5748760280992349
afx_fi_roa_dp,-0.0013890798218048942,-0.18610703948450055,4.0,8.0,0.2098289341355757
afx_fi_fcfe_ps,0.001379279433546681,0.14628778132538525,5.0,8.0,0.1302410856170633
afx_fi_ocf_to_netdebt,0.0013614406549694166,0.31290917747773606,4.0,8.0,0.3586163102537326
afx_fi_non_op_profit,0.0013608108168696423,0.39349458726735614,6.0,8.0,0.18082061011085188
afx_fi_cash_to_liqdebt_withinterest,0.0013433586005317565,0.550355087281729,5.0,8.0,0.618481383846186
afx_fi_ocf_to_shortdebt,0.0013302462424772791,0.3102186281243446,5.0,8.0,0.2304013702563383
afx_fi_dtprofit_to_profit,0.0013084732651862678,0.24421911669184215,5.0,8.0,0.3141853746877094
afx_cf_decr_def_inc_tax_assets,0.0012964965121376613,0.22010802291928616,5.0,8.0,0.39507625251184586
afx_fi_ocf_to_debt,0.0011981615292794667,0.25094101953873954,5.0,8.0,0.39285802219366434
afx_is_forex_gain,0.0011416695057710241,0.2931881765036118,4.0,8.0,0.4358848607597683
afx_cf_c_cash_equ_end_period,0.0011360203258313879,0.32919466803974395,5.0,8.0,0.21125730227845857
afx_fi_roic,-0.0011259439524794234,-0.14177514573101893,4.0,8.0,0.09218919533298749
afx_fi_q_salescash_to_or,0.0011222048342553023,0.4882229886768853,5.0,8.0,0.20265471703660123
qf_noncore_roe_gap,0.0011104305649125086,0.14217018673047255,5.0,8.0,0.3598372605860876
afx_fi_cfps,0.0011087442619979117,0.19022709101067584,5.0,8.0,0.36392329905862825
afx_fi_dp_assets_to_eqt,0.0010862308221928404,0.25084399657534767,5.0,8.0,0.3532115531418147
afx_fi_roic_yearly,-0.0010794624985706273,-0.1372488629720904,4.0,8.0,0.12066950861302206
afx_bs_cap_rese,-0.0010786687256803596,-0.09191974573386734,3.0,8.0,0.29659741749840657
afx_fi_nop_to_ebt,-0.0010589592487399188,-0.28405145077777855,3.0,8.0,0.17572677212669952
afx_bs_specific_payables,0.0010579673913927103,0.17123477246456215,6.0,8.0,0.47718679623101434
afx_fi_n_op_profit_of_ebt,-0.0010559383772015905,-0.28296325770097397,3.0,8.0,0.152476481387461
afx_fi_roe_waa,-0.0010338132065810081,-0.12592148174207807,4.0,8.0,0.34839685380487095
afx_fi_grossprofit_margin,0.0010144789096482086,0.2167850449996342,5.0,8.0,0.4322413747541334
afx_fi_cash_to_liqdebt,0.0009975172289304723,0.2507491126897438,4.0,8.0,0.5146080810911541
afx_fi_cogs_of_sales,-0.0009729029833631006,-0.2034495106544537,3.0,8.0,0.4049150480079134
afx_fi_profit_to_op,-0.0009721722242520966,-0.13470873663957203,5.0,8.0,0.9213297777403525
afx_fi_ar_turn,0.0009650998325773242,0.1989085314267997,4.0,8.0,0.25531387272009864
afx_fi_dt_eps,-0.0009386007345762622,-0.05375123490559403,4.0,8.0,0.7460532408250113
afx_fi_op_income,0.000918312085586342,0.05132273762637746,4.0,8.0,0.5852479918287568
afx_cf_c_cash_equ_beg_period,0.0008854071472719721,0.1520090302798348,5.0,8.0,0.21835994818452478
afx_fi_op_of_gr,-0.0008743361069375505,-0.12108102251095475,5.0,8.0,0.3237295500789804
afx_cf_loss_scr_fa,0.0008642051057862941,0.1517079073342473,5.0,8.0,0.08432873534222478
afx_fi_profit_to_gr,-0.0008498330971234727,-0.11318944770860057,5.0,8.0,0.6957343003372017
afx_fi_profit_prefin_exp,-0.0008299408389634581,-0.04648424625740696,4.0,8.0,0.2733521320555973
afx_cf_loss_fv_chg,0.000817415946922034,0.3558211958991502,6.0,8.0,0.2484907993263857
afx_fi_netprofit_margin,-0.0007944317885092907,-0.10681956334848677,5.0,8.0,0.34056045592963624
afx_fi_gross_margin,-0.000790209950369501,-0.05513637241256898,3.0,8.0,0.1997197802758256
afx_cf_net_profit,0.0007686510166380989,0.06433912335485362,4.0,8.0,0.18756840828680255
afx_fi_invturn_days,0.0007675813993865317,0.12942027090848174,4.0,8.0,0.3946094287756574
afx_fi_roe_dt,0.0007327983017271832,0.07528484253675781,4.0,8.0,0.1906035901072297
afx_cf_n_recp_disp_fiolta,0.0006987390320966585,0.21129269482756077,4.0,8.0,0.1562032155615927
efx_lu_move,-0.0006759048319708782,-0.10149897737045618,5.0,8.0,0.18687850336311865
afx_fi_q_exp_to_sales,-0.000675720010706199,-0.14335598538104985,2.0,8.0,0.1887062014493126
mfx_minute_volume_concentration,-0.0006444076555888694,-0.037865068413936415,4.0,8.0,0.2228026275939647
afx_fi_op_to_ebt,0.0006131627144993579,0.15613617627307524,5.0,8.0,0.23005694223289974
afx_bs_const_materials,-0.0005908715747491421,-0.06593640021000656,2.0,8.0,0.24244226333618885
afx_fi_ebit,-0.000556901414332023,-0.03166111578205757,4.0,8.0,0.4087579625077168
afx_fi_eps,-0.0005487255347054491,-0.03025962972336418,4.0,8.0,0.36058399658757534
efx_dividend_gap,0.0005303234283054684,0.10175255393309192,6.0,8.0,0.5484593240597451
afx_is_ebitda,0.0005064204465141213,0.03845674715983591,4.0,8.0,0.18828991477035517
afx_fi_roe,-0.0004993125837050922,-0.05973808314068462,4.0,8.0,0.3957557060371521
afx_fi_roe_yearly,-0.0004993125837050922,-0.05973808314068462,4.0,8.0,0.36346172105250607
afx_fi_investincome_of_ebt,0.0004791027376282969,0.11601692863496187,5.0,8.0,0.08065129434875232
afx_fi_longdebt_to_workingcapital,-0.0004724491045465754,-0.12319652053757313,4.0,8.0,0.21958128792150863
afx_cf_loss_disp_fiolta,-0.00045956357265559023,-0.07042496052634696,3.0,8.0,0.16766053170395176
afx_fi_total_fa_trun,-0.00044024648171495247,-0.07735782065207743,4.0,8.0,0.289712229688365
afx_fi_q_dtprofit,0.0003732617060985353,0.023398853822521222,4.0,8.0,0.18227771896847175
afx_fi_impai_ttm,0.00034145021640893773,0.06321090617023195,3.0,8.0,0.17702602279474636
afx_fi_eqt_to_talcapital,0.00034072562404133873,0.07053801832945208,4.0,8.0,0.25489051675710883
afx_fi_opincome_of_ebt,-0.00034014857903876417,-0.06350806978846733,4.0,8.0,0.4612238387169506
afx_fi_q_investincome_to_ebt,-0.00030359889776035957,-0.13206327850752117,4.0,8.0,0.4662704746521793
afx_fi_tangibleasset_to_netdebt,0.00030137883030903923,0.08099505144383111,4.0,8.0,0.23601818828623777
afx_bs_int_receiv,0.00028874422483363485,0.07102373257673715,4.0,8.0,0.4949240266933634
afx_bs_estimated_liab,-0.0002733363151763723,-0.05467778138821273,3.0,8.0,0.4788180619279586
afx_fi_gc_of_gr,0.00025008746599617705,0.0317278902288514,4.0,8.0,0.3335234702545093
afx_fi_ebitda,0.0002330241758770309,0.012539518200061555,4.0,8.0,0.23871687894334787
afx_fi_fa_turn,-0.0002308348336769193,-0.03976430924302044,5.0,8.0,0.12819617342712625
afx_fi_networking_capital,0.0002083383719222003,0.02336283276920663,2.0,8.0,0.2067157629676639
afx_fi_capitalized_to_da,0.00020681092782009564,0.06769949899022502,5.0,8.0,0.43485303505197376
afx_fi_valuechange_income,0.00020533804737161922,0.026953865767472454,5.0,8.0,0.169964061830499
afx_cf_end_bal_cash,0.00020391826535947136,0.0647460780347021,5.0,8.0,0.32730582879827036
afx_fi_q_dtprofit_to_profit,0.00019882490259918615,0.04120935222286566,4.0,8.0,0.18775342540834425
afx_fi_diluted2_eps,-0.00017018071108372383,-0.00934748175982743,4.0,8.0,0.22581010306150096
afx_fi_roe_avg,8.850281942342458e-05,0.009523973837390032,4.0,8.0,0.4572353382078349
afx_fi_noncurrent_exint,7.635889049045904e-05,0.016113490019074937,4.0,8.0,0.17639118166741805
afx_fi_q_investincome,-7.218295043316984e-05,-0.011926882474993973,5.0,8.0,0.35728664291822887
afx_fi_extra_item,7.004016189569634e-05,0.015994245169819243,4.0,8.0,0.5189534509873736
afx_fi_q_adminexp_to_gr,-3.0557713804402697e-05,-0.006339444515581181,5.0,8.0,0.19027119697967956
afx_fi_q_opincome,-2.292522025066756e-05,-0.001481401749943667,4.0,8.0,0.3950854557637114
afx_fi_q_impair_to_gr_ttm,-1.5090293200580832e-05,-0.003400213998421967,3.0,8.0,0.44095797286451394
afx_bs_lt_payroll_payable,-1.112146797626755e-05,-0.0012315819416396595,5.0,8.0,0.3609729023881015
afx_cf_beg_bal_cash,-2.7734701536412474e-06,-0.0004886102508271233,3.0,8.0,0.1850878938045973
