date,signal_date,code,side,qty,notional,fee,strategy
2025-07-02,2025-07-01,601288.SH,buy,16700.0,99728.90969999999,25.929516521999997,monthly_top1
2026-02-03,2026-02-02,601288.SH,sell,17321.722240207186,116886.54863386208,88.8337769617352,monthly_top1
2026-02-03,2026-02-02,601988.SH,buy,21600.0,116674.99200000001,30.335497920000005,monthly_top1
2026-03-03,2026-03-02,601988.SH,sell,21600.0,114445.65599999999,86.97869856,monthly_top1
2026-03-03,2026-03-02,601939.SH,buy,13100.0,114004.19099999998,29.641089659999995,monthly_top1
2026-04-02,2026-04-01,601939.SH,sell,13100.0,123757.8615,94.05597474000001,monthly_top1
2026-04-02,2026-04-01,601988.SH,buy,21100.0,123894.15710000001,32.212480846000005,monthly_top1
2026-05-07,2026-05-06,601988.SH,sell,21100.0,120444.8557,91.538090332,monthly_top1
2026-05-07,2026-05-06,601939.SH,buy,12300.0,119960.9775,31.18985415,monthly_top1
2026-07-01,2026-06-30,601939.SH,sell,12300.0,117675.68670000002,89.43352189200002,monthly_top1
2025-07-02,2025-07-01,601288.SH,buy,8300.0,49565.8653,12.887124978,monthly_top2
2025-07-02,2025-07-01,601939.SH,buy,5100.0,49739.917499999996,12.93237855,monthly_top2
2025-08-04,2025-08-01,601288.SH,sell,400.0,2535.2392,6.292971992,monthly_top2
2025-08-04,2025-08-01,601939.SH,sell,5100.0,47925.618,36.42346968,monthly_top2
2025-08-04,2025-08-01,601398.SH,buy,6600.0,50373.10739999999,13.097007923999998,monthly_top2
2025-09-02,2025-09-01,601288.SH,sell,500.0,3513.9455000000003,6.7921122050000005,monthly_top2
2025-09-02,2025-09-01,601398.SH,buy,500.0,3686.1055,5.036861055,monthly_top2
2025-10-10,2025-10-09,601398.SH,sell,100.0,728.7813,5.371678462999999,monthly_top2
2025-11-04,2025-11-03,601288.SH,sell,200.0,1601.5194000000001,5.816774894000001,monthly_top2
2025-11-04,2025-11-03,601398.SH,buy,300.0,2367.7101,5.023677101,monthly_top2
2025-12-02,2025-12-01,601398.SH,sell,7300.0,59039.282900000006,44.869855004,monthly_top2
2025-12-02,2025-12-01,601988.SH,buy,9700.0,58896.6637,15.313132562,monthly_top2
2026-02-03,2026-02-02,601288.SH,sell,7491.612113428117,50553.2112511101,38.42044055084368,monthly_top2
2026-02-03,2026-02-02,601988.SH,sell,200.0,1079.6760000000002,5.5506347599999994,monthly_top2
2026-02-03,2026-02-02,601939.SH,buy,5900.0,51817.5406,13.472560556,monthly_top2
2026-05-07,2026-05-06,601939.SH,sell,100.0,974.7075000000001,5.497100825,monthly_top2
2026-05-07,2026-05-06,601988.SH,buy,200.0,1142.3426,5.011423426,monthly_top2
2026-07-01,2026-06-30,601939.SH,sell,5800.0,55489.34820000001,42.17190463200001,monthly_top2
2026-07-01,2026-06-30,601988.SH,sell,9889.055472263868,56054.12324437781,42.60113366572714,monthly_top2
2025-07-02,2025-07-01,601288.SH,buy,4100.0,24484.3431,6.365929206,equal_four_hold
2025-07-02,2025-07-01,601398.SH,buy,3200.0,24583.372799999997,6.391676928,equal_four_hold
2025-07-02,2025-07-01,601939.SH,buy,2500.0,24382.3125,6.33940125,equal_four_hold
2025-07-02,2025-07-01,601988.SH,buy,4400.0,24911.4712,6.476982512,equal_four_hold
2026-07-01,2026-06-30,601288.SH,sell,4335.688849835823,26266.392147676084,19.962458032233826,equal_four_hold
2026-07-01,2026-06-30,601398.SH,sell,3401.0317856548513,23970.080906640043,18.217261489046432,equal_four_hold
2026-07-01,2026-06-30,601939.SH,sell,2552.7469376049817,24422.459256421815,18.56106903488058,equal_four_hold
2026-07-01,2026-06-30,601988.SH,sell,4485.75712143928,25426.61260569715,19.324225580329834,equal_four_hold
