strategy,date,signal_date,code,side,qty,notional,fee
monthly_top1,2025-07-02,2025-07-01,601288.SH,buy,16700.0,99728.90969999999,25.929516521999997
monthly_top1,2026-02-03,2026-02-02,601288.SH,sell,17321.722240207186,116886.54863386208,88.8337769617352
monthly_top1,2026-02-03,2026-02-02,601988.SH,buy,21600.0,116674.99200000001,30.335497920000005
monthly_top1,2026-03-03,2026-03-02,601988.SH,sell,21600.0,114445.65599999999,86.97869856
monthly_top1,2026-03-03,2026-03-02,601939.SH,buy,13100.0,114004.19099999998,29.641089659999995
monthly_top1,2026-04-02,2026-04-01,601939.SH,sell,13100.0,123757.8615,94.05597474000001
monthly_top1,2026-04-02,2026-04-01,601988.SH,buy,21100.0,123894.15710000001,32.212480846000005
monthly_top1,2026-05-07,2026-05-06,601988.SH,sell,21100.0,120444.8557,91.538090332
monthly_top1,2026-05-07,2026-05-06,601939.SH,buy,12300.0,119960.9775,31.18985415
monthly_top1,2026-06-30,2026-06-29,601939.SH,sell,12300.0,120134.9487,91.302561012
