quarter,days,net_return,matched_return,matched_friction
2023Q1,59,0.06622505487894159,0.06820094585944525,-0.0019758909805036584
2023Q2,59,0.12401238472812248,0.1247210452790466,-0.0007086605509241117
2023Q3,64,0.058193153353116145,0.05862085659824223,-0.0004277032451260876
2023Q4,60,0.019051810667040092,0.02173281827427731,-0.002681007607237218
2024Q1,58,0.08457370318931323,0.08580822852279013,-0.001234525333476899
2024Q2,59,0.09092401235354153,0.0916654759572646,-0.0007414636037230693
2024Q3,64,0.08439416411196232,0.08652411553031536,-0.0021299514183530377
2024Q4,61,0.11138479628671338,0.11497491253728476,-0.0035901162505713735
2025Q1,57,0.007826659223193921,0.008867776463184818,-0.0010411172399908963
2025Q2,60,0.08538748379072247,0.08749992771893367,-0.002112443928211194
2025Q3,66,0.08252999766143865,0.08368472567573515,-0.0011547280142965022
2025Q4,60,0.11966900049246587,0.12055348390085885,-0.0008844834083929776
2026Q1,56,-0.023176420253026464,-0.02191913390703748,-0.0012572863459889838
2026Q2,60,0.008591399591140192,0.009212247137850627,-0.0006208475467104346
2026Q3,61,0.12081618954814966,0.12262154289678717,-0.0018053533486375173
