date,equity,daily_return,matched_return,cash,exposure,invested_value,holdings,mark_type
2025-07-01,100000.0,0.0,0.0,100000.0,0.0,0.0,0,open
2025-07-02,99944.397696472,-0.0005560230352799067,0.0,668.3976964720059,0.9933123045225415,99276.0,2,open
2025-07-03,100212.397696472,0.0026814909707486567,0.0026814909707487157,668.3976964720059,0.9933301895590156,99544.0,2,open
2025-07-04,99727.397696472,-0.004839720545046666,-0.00483972054504663,668.3976964720059,0.9932977525543549,99059.0,2,open
2025-07-07,100646.397696472,0.009215120631113294,0.009215120631113188,668.3976964720059,0.9933589506254585,99978.0,2,open
2025-07-08,100908.397696472,0.0026031731487314858,0.00260317314873152,668.3976964720059,0.9933761935405762,100240.0,2,open
2025-07-09,101004.397696472,0.0009513578868705075,0.0009513578868705532,668.3976964720059,0.9933824891617036,100336.0,2,open
2025-07-10,102446.397696472,0.01427660609722503,0.01427660609722494,668.3976964720059,0.993475634951535,101778.0,2,open
2025-07-11,103697.397696472,0.012211263920733018,0.012211263920733063,668.3976964720059,0.9935543445513605,103029.0,2,open
2025-07-14,103053.397696472,-0.006210377640189391,-0.0062103776401894835,668.3976964720059,0.9935140644421966,102385.0,2,open
2025-07-15,103768.397696472,0.0069381506673455995,0.006938150667345619,668.3976964720059,0.9935587547720732,103100.0,2,open
2025-07-16,102511.397696472,-0.012113514595038732,-0.01211351459503892,668.3976964720059,0.9934797718937451,101843.0,2,open
2025-07-17,102514.11919672636,2.6548269904669297e-05,2.654826990477218e-05,668.3976964720059,0.9934799449899253,101845.72150025435,2,open
2025-07-18,102055.8681214824,-0.004470126445358824,-0.004470126445358762,668.3976964720059,0.9934506686506612,101387.4704250104,2,open
2025-07-21,102598.12063038496,0.005313290836516105,0.00531329083651597,668.3976964720059,0.9934852832355483,101929.72293391296,2,open
2025-07-22,101698.11919672636,-0.008772104480362808,-0.008772104480362872,668.3976964720059,0.9934276297167399,101029.72150025435,2,open
2025-07-23,100221.36597099449,-0.014520949230882207,-0.01452094923088195,668.3976964720059,0.9933307864047128,99552.96827452249,2,open
2025-07-24,102172.12206404356,0.019464473210369704,0.019464473210369433,668.3976964720059,0.9934581206402561,101503.72436757156,2,open
2025-07-25,100864.86955514102,-0.012794610530680095,-0.012794610530680157,668.3976964720059,0.9933733350430141,100196.47185866901,2,open
2025-07-28,100644.3688383117,-0.002186100252762224,-0.002186100252762034,668.3976964720059,0.993358816750634,99975.97114183969,2,open
2025-07-29,101000.61991355565,0.003539702015681323,0.0035397020156814436,668.3976964720059,0.9933822416432287,100332.22221708365,2,open
2025-07-30,99760.86812148242,-0.01227469487944044,-0.012274694879440627,668.3976964720059,0.9933000012022943,99092.47042501041,2,open
2025-07-31,101220.37170562892,0.014630020885235462,0.014630020885235417,668.3976964720059,0.9933966089512509,100551.97400915691,2,open
2025-08-01,102085.87385611681,0.00855067152889899,0.008550671528899139,668.3976964720059,0.9934525936721268,101417.47615964481,2,open
2025-08-04,102254.06128176478,0.001647509290903626,0.002490560795926533,700.3340468760143,0.9931510393025249,101553.72723488876,2,open
2025-08-05,103068.56343225269,0.007965474821029606,0.007965474821029547,700.3340468760143,0.9932051634023564,102368.22938537668,2,open
2025-08-06,104822.5691668871,0.01701785371043152,0.017017853710431526,700.3340468760143,0.9933188620309332,104122.23512001109,2,open
2025-08-07,105307.07131737501,0.004622116728665082,0.004622116728664997,700.3340468760143,0.993349600951627,104606.737270499,2,open
2025-08-08,106708.57490152151,0.01330873194566995,0.01330873194567016,700.3340468760143,0.9934369468665256,106008.2408546455,2,open
2025-08-11,106070.32382627757,-0.0059812538573676965,-0.00598125385736782,700.3340468760143,0.993397455370995,105369.98977940156,2,open
2025-08-12,105880.07561835083,-0.001793604479216282,-0.001793604479216448,700.3340468760143,0.9933855917387101,105179.74157147482,2,open
2025-08-13,107377.07991932664,0.014138678049039344,0.014138678049039328,700.3340468760143,0.9934778069267466,106676.74587245063,2,open
2025-08-14,106269.07705200942,-0.01031880237523386,-0.010318802375233652,700.3340468760143,0.9934098039965731,105568.74300513341,2,open
2025-08-15,107480.3324282292,0.011398004102613823,0.011398004102613575,700.3340468760143,0.9934840725642186,106779.99838135319,2,open
2025-08-18,105095.82741042408,-0.022185500955697046,-0.02218550095569708,700.3340468760143,0.9933362335676654,104395.49336354807,2,open
2025-08-19,106277.58206981454,0.011244544036704829,0.01124454403670496,700.3340468760143,0.9934103313865763,105577.24802293853,2,open
2025-08-20,107415.08565396105,0.010703137594900047,0.010703137594900087,700.3340468760143,0.9934801146169343,106714.75160708504,2,open
2025-08-21,107752.83744603432,0.0031443608690249203,0.0031443608690248292,700.3340468760143,0.993500551229319,107052.5033991583,2,open
2025-08-22,109242.84318066873,0.013827995345186528,0.013827995345186509,700.3340468760143,0.9935891997453986,108542.50913379272,2,open
2025-08-25,109727.34533115664,0.004435092829711662,0.00443509282971171,700.3340468760143,0.9936175066956883,109027.01128428063,2,open
2025-08-26,108949.34246383944,-0.007090327984963007,-0.007090327984963082,700.3340468760143,0.993571929568015,108249.00841696342,2,open
2025-08-27,108766.09282225407,-0.0016819710650956,-0.0016819710650953967,700.3340468760143,0.9935610995237228,108065.75877537805,2,open
2025-08-28,106777.58780444895,-0.01828239818317956,-0.018282398183179463,700.3340468760143,0.9934411887243736,106077.25375757294,2,open
2025-08-29,105852.83457871711,-0.008660555503701928,-0.008660555503702205,700.3340468760143,0.9933838895324507,105152.5005318411,2,open
2025-09-01,106263.58493713175,0.0038803907335063226,0.003880390733506475,700.3340468760143,0.9934094633896424,105563.25089025573,2,open
2025-09-02,106095.8470391157,-0.0015785078031695932,-0.001446863710150521,516.3450736160148,0.9951332206865209,105579.50196549969,2,open
2025-09-03,108727.85277375013,0.024807811126330348,0.02480781112633044,516.3450736160148,0.9952510321831659,108211.50770013411,2,open
2025-09-04,106990.60026484757,-0.01597798967406794,-0.015977989674068067,516.3450736160148,0.9951739211450553,106474.25519123155,2,open
2025-09-05,110342.36209253105,0.031327628963539134,0.03132762896353915,516.3450736160148,0.9953205182141831,109826.01701891504,2,open
2025-09-08,107894.85420740873,-0.022181035811702943,-0.022181035811702842,516.3450736160148,0.995214367938035,107378.50913379272,2,open
2025-09-09,107904.35492423802,8.805532848699116e-05,8.805532848703734e-05,516.3450736160148,0.9952147893013349,107388.00985062201,2,open
2025-09-10,108562.35635789664,0.0060980062771387455,0.006098006277138782,516.3450736160148,0.9952437926834069,108046.01128428063,2,open
2025-09-11,108628.60599948198,0.0006102450592260222,0.0006102450592260631,516.3450736160148,0.9952466933652957,108112.26092586596,2,open
2025-09-12,108690.10528265269,0.0005661426159790928,0.0005661426159789388,516.3450736160148,0.9952493828920927,108173.76020903667,2,open
2025-09-15,108103.10384899407,-0.005400688794367281,-0.005400688794367062,516.3450736160148,0.9952235869717739,107586.75877537805,2,open
2025-09-16,107137.35062326222,-0.008933630870403886,-0.00893363087040397,516.3450736160148,0.9951805316202779,106621.0055496462,2,open
2025-09-17,106223.59596387175,-0.00852881515246351,-0.00852881515246347,516.3450736160148,0.9951390736782095,105707.25089025573,2,open
2025-09-18,106057.8441717985,-0.0015604046405058858,-0.001560404640505881,516.3450736160148,0.9951314768120346,105541.49909818248,2,open
2025-09-19,103108.58592826151,-0.02780801614974948,-0.02780801614974937,516.3450736160148,0.9949922203959303,102592.2408546455,2,open
2025-09-22,101631.58162728572,-0.014324745972206676,-0.014324745972206955,516.3450736160148,0.9949194427032573,101115.2365536697,2,open
2025-09-23,100135.57589265131,-0.014719890320321172,-0.014719890320321158,516.3450736160148,0.9948435401802697,99619.23081903529,2,open
2025-09-24,103132.08234411501,0.029924494114619726,0.029924494114619823,516.3450736160148,0.9949933613102744,102615.737270499,2,open
2025-09-25,102956.82983521245,-0.001699301564742961,-0.001699301564742909,516.3450736160148,0.9949848390394066,102440.48476159644,2,open
2025-09-26,102620.83126887106,-0.0032634898226682196,-0.003263489822668265,516.3450736160148,0.9949684185244693,102104.48619525504,2,open
2025-09-29,102833.83126887106,0.0020756019744365695,0.002075601974436684,516.3450736160148,0.9949788404531387,102317.48619525504,2,open
2025-09-30,102488.33198570037,-0.0033597822711413095,-0.0033597822711413875,516.3450736160148,0.9949619135797033,101971.98691208435,2,open
2025-10-09,102289.58306094431,-0.0019392346514507386,-0.0019392346514505738,516.3450736160148,0.994952124564743,101773.23798732829,2,open
2025-10-10,103022.49483296921,0.0071650675473791114,0.007219720018292668,1239.7546951530148,0.9879661747935436,101782.7401378162,2,open
2025-10-13,103989.99841711573,0.009391187679109514,0.009391187679109644,1239.7546951530148,0.9880781352627759,102750.24372196272,2,open
2025-10-14,104176.00128443293,0.0017886611226891613,0.0017886611226891405,1239.7546951530148,0.9880994213651175,102936.24658927992,2,open
2025-10-15,107388.2595279699,0.030834915949274233,0.030834915949274323,1239.7546951530148,0.9884553981915489,106148.50483281689,2,open
2025-10-16,108168.76454577502,0.007268066558075104,0.007268066558074954,1239.7546951530148,0.9885386996850799,106929.00985062201,2,open
2025-10-17,111386.77314772665,0.029749887737599456,0.02974988773759938,1239.7546951530148,0.9888698212532938,110147.01845257364,2,open
2025-10-20,111485.52493979991,0.000886566593883531,0.0008865665938834521,1239.7546951530148,0.9888796801573796,110245.7702446469,2,open
2025-10-21,113006.28246650758,0.013640851828332412,0.013640851828332468,1239.7546951530148,0.9890293294488256,111766.52777135457,2,open
2025-10-22,114265.2867674834,0.01114101157472347,0.011141011574723393,1239.7546951530148,0.9891502071169194,113025.53207233039,2,open
2025-10-23,116841.79465260572,0.022548474326811174,0.022548474326811153,1239.7546951530148,0.989389458636449,115602.03995745271,2,open
2025-10-24,115303.78605065407,-0.013163171676063845,-0.013163171676063685,1239.7546951530148,0.9892479272570601,114064.03135550107,2,open
2025-10-27,115834.03855955665,0.0045987432595633315,0.004598743259563152,1239.7546951530148,0.9892971469304717,114594.28386440364,2,open
2025-10-28,118503.54787833757,0.02304598330488483,0.02304598330488493,1239.7546951530148,0.9895382482858166,117263.79318318456,2,open
2025-10-29,119972.55217931338,0.012396289624037049,0.012396289624037056,1239.7546951530148,0.9896663472383246,118732.79748416037,2,open
2025-10-30,117407.54501102035,-0.02137995001106019,-0.021379950011060113,1239.7546951530148,0.9894405875275167,116167.79031586734,2,open
2025-10-31,117308.7932189471,-0.0008411026060035631,-0.0008411026060036377,1239.7546951530148,0.9894316985015854,116069.0385237941,2,open
2025-11-03,115915.53927638594,-0.011876807392952826,-0.01187680739295275,1239.7546951530148,0.989304672152739,114675.78458123293,2,open
2025-11-04,117133.76063329351,0.010509560361901649,0.010613352761696193,462.7235431580152,0.9960496142132186,116671.03709013549,2,open
2025-11-05,120431.51672634258,0.028153762631878854,0.02815376263187894,462.7235431580152,0.9961577869669327,119968.79318318456,2,open
2025-11-06,119697.76493426932,-0.006092689123400885,-0.00609268912340081,462.7235431580152,0.996134234056817,119235.0413911113,2,open
2025-11-07,119847.51672634258,0.0012510826092324567,0.0012510826092324563,462.7235431580152,0.9961390644061938,119384.79318318456,2,open
2025-11-10,118451.51242536677,-0.011648170434464755,-0.011648170434464752,462.7235431580152,0.9960935615452815,117988.78888220876,2,open
2025-11-11,119478.01457585467,0.008666011344808044,0.008666011344807883,462.7235431580152,0.9961271239332133,119015.29103269665,2,open
2025-11-12,121391.0217441477,0.016011373934226913,0.01601137393422711,462.7235431580152,0.9961881567803813,120928.29820098968,2,open
2025-11-13,123526.03034609933,0.01758786252290978,0.01758786252290975,462.7235431580152,0.9962540402062501,123063.30680294131,2,open
2025-11-14,123672.03034609933,0.0011819371155288305,0.001181937115528897,462.7235431580152,0.9962584624683279,123209.30680294131,2,open
2025-11-17,123006.77640353816,-0.005379178628340142,-0.0053791786283401335,462.7235431580152,0.9962382272205882,122544.05286038014,2,open
2025-11-18,120950.0203104891,-0.016720673065210856,-0.0167206730652109,462.7235431580152,0.996174258243445,120487.29676733108,2,open
2025-11-19,120798.01744317186,-0.0012567411475171708,-0.0012567411475171266,462.7235431580152,0.9961694442263864,120335.29390001384,2,open
2025-11-20,120797.26708475723,-6.211678225453987e-06,-6.211678225464721e-06,462.7235431580152,0.9961694204320587,120334.54354159921,2,open
2025-11-21,121013.26565109863,0.0017881080553738826,0.001788108055373703,462.7235431580152,0.9961762576964733,120550.54210794061,2,open
2025-11-24,119618.01170853745,-0.011529760270943545,-0.01152976027094359,462.7235431580152,0.9961316566247105,119155.28816537943,2,open
2025-11-25,119103.25991646422,-0.004303296675148616,-0.004303296675148544,462.7235431580152,0.9961149380505406,118640.5363733062,2,open
2025-11-26,120642.26278378142,0.012921584752563664,0.01292158475256355,462.7235431580152,0.9961644988043094,120179.5392406234,2,open
2025-11-27,118589.25848280561,-0.017017289410886316,-0.017017289410886385,462.7235431580152,0.9960980990261853,118126.5349396476,2,open
2025-11-28,119548.01314219607,0.008084666955982867,0.008084666955983096,462.7235431580152,0.9961293916059681,119085.28959903805,2,open
2025-12-01,118301.76063329352,-0.01042470281308805,-0.010424702813088287,462.7235431580152,0.9960886165963975,117839.0370901355,2,open
2025-12-02,118203.19541206892,-0.0008331678302754275,-2.5370997376017966e-05,545.1597555920234,0.9953879440086916,117658.03565647689,2,open
2025-12-03,118133.44648731287,-0.0005900764739302788,-0.0005900764739302619,545.1597555920234,0.9953852209361336,117588.28673172084,2,open
2025-12-04,116965.44505365426,-0.009887135848390405,-0.009887135848390223,545.1597555920234,0.9953391383639677,116420.28529806224,2,open
2025-12-05,115770.19254475171,-0.010218851459542266,-0.010218851459542436,545.1597555920234,0.9952910179761402,115225.03278915968,2,open
2025-12-08,114574.94003584914,-0.010324354504641087,-0.010324354504640818,545.1597555920234,0.9952418935988843,114029.78028025711,2,open
2025-12-09,114869.94146950776,0.002574746568196451,0.0025747465681962745,545.1597555920234,0.9952541130550089,114324.78171391573,2,open
2025-12-10,116465.19827938612,0.013887504332905198,0.013887504332905256,545.1597555920234,0.9953191188127782,115920.0385237941,2,open
2025-12-11,114337.49472569194,-0.018269007266789483,-0.018269007266789414,545.1597555920234,0.9952320124129016,113792.33497009991,2,open
2025-12-12,114954.30801982645,0.005394672111841414,0.0053946721118414715,545.1597555920234,0.9952575961268194,114409.14826423443,2,open
2025-12-15,112611.39966533217,-0.020381214021924277,-0.020381214021924367,545.1597555920234,0.9951589292273058,112066.23990974014,2,open
2025-12-16,111736.38064530917,-0.00777025259097619,-0.0077702525909761795,545.1597555920234,0.9951210183071657,111191.22088971714,2,open
2025-12-17,110789.43832452106,-0.008474789637173186,-0.00847478963717314,545.1597555920234,0.9950793165500563,110244.27856892903,2,open
2025-12-18,111910.18732116607,0.010116027426388285,0.010116027426388449,545.1597555920234,0.995128595808463,111365.02756557406,2,open
2025-12-19,113675.22133369284,0.015771879707978442,0.015771879707978453,545.1597555920234,0.9952042340521008,113130.06157810081,2,open
2025-12-22,112680.33014572805,-0.008752049710501919,-0.008752049710502134,545.1597555920234,0.995161890678817,112135.17039013602,2,open
2025-12-23,113303.63354839064,0.0055316078845037975,0.005531607884503826,545.1597555920234,0.9951885059770903,112758.47379279861,2,open
2025-12-24,114373.44085748974,0.009441950585302283,0.009441950585302101,545.1597555920234,0.9952335109313419,113828.28110189771,2,open
2025-12-25,113678.21415406204,-0.006078567700817494,-0.006078567700817292,545.1597555920234,0.9952043603108227,113133.05439847002,2,open
2025-12-26,112979.99463026517,-0.006142069779972226,-0.006142069779972383,545.1597555920234,0.9951747231235397,112434.83487467314,2,open
2025-12-29,112134.93568456892,-0.007479721949551932,-0.007479721949551729,545.1597555920234,0.9951383594036606,111589.7759289769,2,open
2025-12-30,113678.21415406204,0.01376269099430627,0.013762690994306218,545.1597555920234,0.9952043603108227,113133.05439847002,2,open
2025-12-31,113453.46579065919,-0.001977057478209976,-0.001977057478210012,545.1597555920234,0.9951948602733923,112908.30603506717,2,open
2026-01-05,114520.28027938909,0.009403101802974989,0.009403101802974732,545.1597555920234,0.9952396225868289,113975.12052379706,2,open
2026-01-06,113327.607981979,-0.01041450732132676,-0.01041450732132667,545.1597555920234,0.9951895238477219,112782.44822638697,2,open
2026-01-07,112212.84462607242,-0.009836644183682575,-0.00983664418368255,545.1597555920234,0.9951417348218141,111667.68487048039,2,open
2026-01-08,111490.65066868716,-0.006435929503363247,-0.006435929503363288,545.1597555920234,0.9951102648309762,110945.49091309513,2,open
2026-01-09,110621.61728940255,-0.007794674926304701,-0.00779467492630443,545.1597555920234,0.9950718515155514,110076.45753381054,2,open
2026-01-12,109926.39058597488,-0.006284727347719565,-0.006284727347719664,545.1597555920234,0.9950406835639195,109381.23083038285,2,open
2026-01-13,111319.83681319945,0.012676175573460124,0.01267617557346001,545.1597555920234,0.9951027618149779,110774.67705760742,2,open
2026-01-14,112018.05633699635,0.006272193202803145,0.006272193202803131,545.1597555920234,0.9951332867805529,111472.89658140432,2,open
2026-01-15,110276.99675805794,-0.015542669064892434,-0.01554266906489234,545.1597555920234,0.9950564508318259,109731.83700246591,2,open
2026-01-16,109156.24776141293,-0.010163035171368295,-0.010163035171368377,545.1597555920234,0.995005693519407,108611.0880058209,2,open
2026-01-19,107463.13704965124,-0.01551089146507112,-0.015510891465071102,545.1597555920234,0.9949270068736208,106917.97729405921,2,open
2026-01-20,106666.02697113171,-0.007417521025384177,-0.007417521025384117,545.1597555920234,0.994889096640493,106120.86721553968,2,open
2026-01-21,108131.39649912136,0.013737921713220302,0.013737921713220195,545.1597555920234,0.9949583583192098,107586.23674352933,2,open
2026-01-22,104945.94900541246,-0.029459043319900013,-0.02945904331989994,545.1597555920234,0.9948053282593698,104400.78924982043,2,open
2026-01-23,104097.89723934699,-0.008080843273157057,-0.00808084327315692,545.1597555920234,0.9947630089555166,103552.73748375497,2,open
2026-01-26,103129.97330533975,-0.009298208318096357,-0.009298208318096406,545.1597555920234,0.994713857299488,102584.81354974773,2,open
2026-01-27,104598.3356536986,0.014237978555578845,0.01423797855557885,545.1597555920234,0.9947880647222062,104053.17589810657,2,open
2026-01-28,104472.47784501841,-0.001203248674021662,-0.0012032486740217285,545.1597555920234,0.9947817859130252,103927.31808942638,2,open
2026-01-29,103996.01386425516,-0.004560665072671721,-0.0045606650726718045,545.1597555920234,0.9947578783519182,103450.85410866313,2,open
2026-01-30,104541.40832541426,0.0052443785188824865,0.005244378518882672,545.1597555920234,0.9947852265975311,103996.24856982224,2,open
2026-02-02,104067.93716502024,-0.004529029864608458,-0.004529029864608666,545.1597555920234,0.9947615012803841,103522.7774094282,2,open
2026-02-03,104425.96232106016,0.0034403022274978046,0.0042905040553312835,303.06277083527675,0.9970978216135228,104122.89955022489,2,open
2026-02-04,102593.16621911112,-0.017551153575334655,-0.017551153575334457,303.06277083527675,0.9970459750682807,102290.10344827586,2,open
2026-02-05,103840.29065689223,0.01215601860963722,0.012156018609637081,303.06277083527675,0.9970814529801669,103537.22788605696,2,open
2026-02-06,104973.74343050545,0.010915346696768635,0.010915346696768594,303.06277083527675,0.9971129659576643,104670.68065967016,2,open
2026-02-09,103924.72843800168,-0.009993117880932156,-0.009993117880931955,303.06277083527675,0.9970838242698313,103621.66566716641,2,open
2026-02-10,104704.1812116149,0.007500166566018152,0.007500166566017914,303.06277083527675,0.9971055332525568,104401.11844077961,2,open
2026-02-11,105702.85287578279,0.009538030407300502,0.00953803040730096,303.06277083527675,0.9971328799309569,105399.79010494752,2,open
2026-02-12,105407.85287578279,-0.0027908423658788983,-0.002790842365878972,303.06277083527675,0.9971248558568743,105104.79010494752,2,open
2026-02-13,104236.50954744697,-0.011112486369646235,-0.011112486369646516,303.06277083527675,0.9970925468230752,103933.4467766117,2,open
2026-02-24,103355.83788327905,-0.008448783137419369,-0.008448783137419159,303.06277083527675,0.997067773073665,103052.77511244378,2,open
2026-02-25,102888.16621911112,-0.00452486936147789,-0.004524869361477844,303.06277083527675,0.9970544448212842,102585.10344827586,2,open
2026-02-26,102711.16621911112,-0.001720314458934613,-0.0017203144589345708,303.06277083527675,0.9970493688077813,102408.10344827586,2,open
2026-02-27,102319.2756643885,-0.0038154620295773878,-0.0038154620295775053,303.06277083527675,0.9970380676674322,102016.21289355322,2,open
2026-03-02,102201.2756643885,-0.0011532528864556246,-0.0011532528864556123,303.06277083527675,0.997034647866525,101898.21289355322,2,open
2026-03-03,102985.05677383376,0.007668995365762932,0.007668995365763101,303.06277083527675,0.997057216062901,102681.99400299849,2,open
2026-03-04,105112.85287578282,0.02066121210790728,0.0206612121079072,303.06277083527675,0.9971167867435448,104809.79010494753,2,open
2026-03-05,103907.94732855642,-0.011462970647845516,-0.011462970647845459,303.06277083527675,0.9970833533081257,103604.88455772113,2,open
2026-03-06,105079.29065689223,0.01127289450374791,0.01127289450374815,303.06277083527675,0.9971158658481543,104776.22788605696,2,open
2026-03-09,105197.29065689226,0.001122961520413357,0.001122961520413288,303.06277083527675,0.99711910098689,104894.22788605698,2,open
2026-03-10,105298.50954744697,0.0009621815345495222,0.000962181534549598,303.06277083527675,0.9971218702701703,104995.4467766117,2,open
2026-03-11,104691.72843800168,-0.00576248526264167,-0.005762485262641448,303.06277083527675,0.9971051889642385,104388.66566716641,2,open
2026-03-12,105475.50954744697,0.0074865619389352656,0.00748656193893506,303.06277083527675,0.9971267001018947,105172.44677661169,2,open
2026-03-13,106023.29065689223,0.0051934435945895085,0.00519344359458985,303.06277083527675,0.9971415453250171,105720.22788605696,2,open
2026-03-16,106512.07176633753,0.004610129589611267,0.004610129589611037,303.06277083527675,0.9971546626987022,106209.00899550226,2,open
2026-03-17,106785.96232106016,0.0025714508241232448,0.0025714508241234434,303.06277083527675,0.997161960577514,106482.89955022489,2,open
2026-03-18,108167.86786828656,0.01294089145417443,0.012940891454174264,303.06277083527675,0.997198218132539,107864.80509745127,2,open
2026-03-19,107797.0867588413,-0.0034278304338655197,-0.0034278304338655943,303.06277083527675,0.9971885810651517,107494.02398800601,2,open
2026-03-20,108833.64897773182,0.009615864862929646,0.00961586486292991,303.06277083527675,0.9972153578081603,108530.58620689655,2,open
2026-03-23,108483.9773135639,-0.0032129003065906048,-0.00321290030659042,303.06277083527675,0.9972063821926506,108180.91454272863,2,open
2026-03-24,106474.1812116149,-0.01852620222560475,-0.018526202225605016,303.06277083527675,0.9971536501395305,106171.11844077961,2,open
2026-03-25,108193.305649396,0.01614592775655521,0.016145927756555323,303.06277083527675,0.9971988768712052,107890.24287856072,2,open
2026-03-26,109107.53953245445,0.00845000416218955,0.00845000416218972,303.06277083527675,0.9972223480418132,108804.47676161918,2,open
2026-03-27,109849.10175134504,0.0067966175579461385,0.006796617557945845,303.06277083527675,0.9972410992351918,109546.03898050975,2,open
2026-03-30,109124.32064189974,-0.006597970287330224,-0.0065979702873301006,303.06277083527675,0.9972227751884037,108821.25787106447,2,open
2026-03-31,111526.0072985714,0.022008720352569178,0.02200872035256907,303.06277083527675,0.997282582079497,111222.94452773612,2,open
2026-04-01,113893.59950246944,0.021229059133800465,0.021229059133800705,303.06277083527675,0.9973390710965395,113590.53673163417,2,open
2026-04-02,112932.81839302418,-0.008435777898339492,-0.008435777898339592,303.06277083527675,0.9973164331223846,112629.75562218891,2,open
2026-04-03,114179.94283080529,0.011043064855079665,0.011043064855079778,303.06277083527675,0.9973457442408746,113876.88005997002,2,open
2026-04-07,112094.365619411,-0.018265705514363018,-0.018265705514363,303.06277083527675,0.9972963603553078,111791.30284857572,2,open
2026-04-08,110783.91284579778,-0.011690621258008016,-0.01169062125800794,303.06277083527675,0.9972643792492046,110480.85007496251,2,open
2026-04-09,110729.24118162988,-0.0004934982233746332,-0.0004934982233747989,303.06277083527675,0.9972630285586608,110426.1784107946,2,open
2026-04-10,109852.89785329404,-0.007914290019366943,-0.00791429001936677,303.06277083527675,0.9972411945723999,109549.83508245877,2,open
2026-04-13,109503.22618912614,-0.0031830900322253886,-0.0031830900322255807,303.06277083527675,0.9972323850046951,109200.16341829086,2,open
2026-04-14,109954.11674384875,0.004117600644421682,0.004117600644422044,303.06277083527675,0.9972437342065028,109651.05397301348,2,open
2026-04-15,110615.56951746196,0.006015716311505992,0.006015716311505816,303.06277083527675,0.9972602159699822,110312.50674662669,2,open
2026-04-16,112254.5845099657,0.01481721786231005,0.014817217862310062,303.06277083527675,0.9973002192101262,111951.52173913043,2,open
2026-04-17,112081.91284579781,-0.0015382148080781421,-0.001538214808078222,303.06277083527675,0.9972960599695311,111778.85007496252,2,open
2026-04-20,111593.13173635252,-0.004360927620121524,-0.004360927620121469,303.06277083527675,0.9972842166348438,111290.06896551725,2,open
2026-04-21,114896.59950246944,0.02960278750776202,0.0296027875077621,303.06277083527675,0.9973622999101139,114593.53673163417,2,open
2026-04-22,115874.16172136,0.008508191044153124,0.008508191044153103,303.06277083527675,0.9973845526359532,115571.09895052473,2,open
2026-04-23,114256.25617413362,-0.013962608429624823,-0.013962608429624917,303.06277083527675,0.9973475170552291,113953.19340329836,2,open
2026-04-24,113923.365619411,-0.0029135433443161496,-0.0029135433443162884,303.06277083527675,0.9973397663491813,113620.30284857571,2,open
2026-04-27,113847.5845099657,-0.000665193738205172,-0.0006651937382049973,303.06277083527675,0.9973379956005238,113544.52173913043,2,open
2026-04-28,112912.24118162988,-0.00821575031531685,-0.008215750315317048,303.06277083527675,0.9973159440671471,112609.17841079462,2,open
2026-04-29,114357.47506468833,0.012799620908539477,0.012799620908539594,303.06277083527675,0.9973498647931511,114054.41229385306,2,open
2026-04-30,114319.5845099657,-0.0003313343067534724,-0.00033133430675346494,303.06277083527675,0.9973489864214049,114016.52173913043,2,open
2026-05-06,114661.13173635252,0.002987652796770268,0.0029876527967700843,303.06277083527675,0.9973568831368932,114358.06896551725,2,open
2026-05-07,113141.42589321097,-0.01325388839380992,-0.013156700932965518,124.91914658427686,0.9988959026669667,113016.50674662669,2,open
2026-05-08,112868.53533848833,-0.0024119419794143004,-0.0024119419794142267,124.91914658427686,0.9988932332096837,112743.61619190406,2,open
2026-05-11,112223.86367432041,-0.005711703994692341,-0.005711703994692462,124.91914658427686,0.9988868753712954,112098.94452773614,2,open
2026-05-12,111858.75422904304,-0.0032534029155949495,-0.0032534029155949222,124.91914658427686,0.9988832421079132,111733.83508245877,2,open
2026-05-13,112782.9881121015,0.008262508280451497,0.008262508280451566,124.91914658427686,0.9988923937140226,112658.06896551723,2,open
2026-05-14,112271.42589321097,-0.004535810120424144,-0.00453581012042424,124.91914658427686,0.9988873469309716,112146.50674662669,2,open
2026-05-15,113693.87866682415,0.01266976670418507,0.012669766704185112,124.91914658427686,0.9989012676139729,113568.95952023988,2,open
2026-05-18,113874.55033099208,0.001589106346678193,0.0015891063466783825,124.91914658427686,0.9989030108463991,113749.6311844078,2,open
2026-05-19,114205.4408857147,0.002905746312594548,0.002905746312594418,124.91914658427686,0.9989061891831469,114080.52173913043,2,open
2026-05-20,115372.11254988263,0.01021555238629479,0.010215552386294928,124.91914658427686,0.99891725007176,115247.19340329836,2,open
2026-05-21,113431.42589321097,-0.01682110705767459,-0.016821107057674565,124.91914658427686,0.9988987254140499,113306.50674662669,2,open
2026-05-22,115672.55033099208,0.019757526806468917,0.019757526806468945,124.91914658427686,0.9989200623118724,115547.6311844078,2,open
2026-05-25,115819.00310460526,0.0012660979047676157,0.0012660979047675993,124.91914658427686,0.9989214278897613,115694.08395802099,2,open
2026-05-26,116910.56532349582,0.009424724696556641,0.009424724696556728,124.91914658427686,0.9989314982248301,116785.64617691154,2,open
2026-05-27,117804.3464329411,0.007644998610452092,0.007644998610451989,124.91914658427686,0.998939604943563,117679.42728635683,2,open
2026-05-28,117037.00310460526,-0.0065137098211622835,-0.006513709821162196,124.91914658427686,0.9989326525520085,116912.08395802099,2,open
2026-05-29,115539.4408857147,-0.01279563026363606,-0.012795630263636039,124.91914658427686,0.9989188181487927,115414.52173913043,2,open
2026-06-01,116207.89365932789,0.005785494273547576,0.005785494273547582,124.91914658427686,0.9989250373391115,116082.97451274362,2,open
2026-06-02,117115.018097109,0.0078060483605391084,0.007806048360539279,124.91914658427686,0.998933363554786,116990.09895052473,2,open
2026-06-03,117875.68976127692,0.006495082155366205,0.006495082155366154,124.91914658427686,0.9989402467392788,117750.77061469265,2,open
2026-06-04,117486.7992065543,-0.0032991582531581853,-0.0032991582531583345,124.91914658427686,0.998936738872555,117361.88005997002,2,open
2026-06-05,116975.23698766374,-0.004354210195063435,-0.004354210195063434,124.91914658427686,0.9989320889634321,116850.31784107946,2,open
2026-06-08,119519.70475378066,0.02175219158893671,0.021752191588936636,124.91914658427686,0.9989548238356042,119394.78560719639,2,open
2026-06-09,119666.15752739388,0.0012253441716152391,0.0012253441716150986,124.91914658427686,0.9989561029687473,119541.2383808096,2,open
2026-06-10,121163.71974628442,0.012514500756387381,0.012514500756387435,124.91914658427686,0.9989690053520488,121038.80059970015,2,open
2026-06-11,122534.84418406553,0.011316295345275229,0.011316295345275203,124.91914658427686,0.9989805418416607,122409.92503748125,2,open
2026-06-12,121685.71974628442,-0.00692965697581982,-0.006929656975819895,124.91914658427686,0.9989734280501875,121560.80059970015,2,open
2026-06-15,123684.4064029561,0.016424989397596956,0.016424989397596842,124.91914658427686,0.9989900170100886,123559.48725637182,2,open
2026-06-16,120130.15752739385,-0.02873643476108645,-0.028736434761086286,124.91914658427686,0.9989601349972775,120005.23838080958,2,open
2026-06-17,118898.81419905803,-0.01025007669747735,-0.010250076697477378,124.91914658427686,0.9989493659173494,118773.89505247376,2,open
2026-06-18,117132.12754238637,-0.01485874075845628,-0.014858740758456274,124.91914658427686,0.9989335193579655,117007.2083958021,2,open
2026-06-22,114587.65977626944,-0.021723056000977792,-0.021723056000977854,124.91914658427686,0.9989098377013007,114462.74062968517,2,open
2026-06-23,116517.90865183166,0.016845172327726976,0.016845172327726955,124.91914658427686,0.9989278974534503,116392.98950524739,2,open
2026-06-24,119464.61030100707,0.02528968879780069,0.02528968879780095,124.91914658427686,0.9989543418233272,119339.69115442279,2,open
2026-06-25,115252.34643294109,-0.03525951206346889,-0.03525951206346891,124.91914658427686,0.9989161249167542,115127.42728635682,2,open
2026-06-26,114280.55033099208,-0.008431898629625345,-0.008431898629625258,124.91914658427686,0.9989069080764621,114155.6311844078,2,open
2026-06-29,113304.98811210152,-0.008536555136154145,-0.008536555136154152,124.91914658427686,0.9988974964944995,113180.06896551725,2,open
2026-06-30,113751.87866682415,0.003944138401748898,0.003944138401748815,124.91914658427686,0.9989018278374975,113626.95952023988,2,open
2026-07-01,111386.04604610102,-0.02079818503615738,-0.019760518492470347,111386.04604610102,0.0,0.0,0,close_exit
