signal_date,strategy,stock_code,target_weight
2020-01-02,V21 50% Ranker Top1 + 50% 60d Top2,601288.SH,0.75
2020-01-02,V21 50% Ranker Top1 + 50% 60d Top2,601398.SH,0.25
2020-02-03,V21 50% Ranker Top1 + 50% 60d Top2,601288.SH,0.25
2020-02-03,V21 50% Ranker Top1 + 50% 60d Top2,601939.SH,0.5
2020-02-03,V21 50% Ranker Top1 + 50% 60d Top2,601988.SH,0.25
2020-03-02,V21 50% Ranker Top1 + 50% 60d Top2,601288.SH,0.25
2020-03-02,V21 50% Ranker Top1 + 50% 60d Top2,601398.SH,0.5
2020-03-02,V21 50% Ranker Top1 + 50% 60d Top2,601988.SH,0.25
2020-04-01,V21 50% Ranker Top1 + 50% 60d Top2,601288.SH,0.25
2020-04-01,V21 50% Ranker Top1 + 50% 60d Top2,601988.SH,0.75
2020-05-06,V21 50% Ranker Top1 + 50% 60d Top2,601288.SH,0.25
2020-05-06,V21 50% Ranker Top1 + 50% 60d Top2,601988.SH,0.75
2020-06-01,V21 50% Ranker Top1 + 50% 60d Top2,601288.SH,0.25
2020-06-01,V21 50% Ranker Top1 + 50% 60d Top2,601939.SH,0.25
2020-06-01,V21 50% Ranker Top1 + 50% 60d Top2,601988.SH,0.5
2020-07-01,V21 50% Ranker Top1 + 50% 60d Top2,601288.SH,0.25
2020-07-01,V21 50% Ranker Top1 + 50% 60d Top2,601398.SH,0.75
2020-08-03,V21 50% Ranker Top1 + 50% 60d Top2,601398.SH,0.75
2020-08-03,V21 50% Ranker Top1 + 50% 60d Top2,601988.SH,0.25
2020-09-01,V21 50% Ranker Top1 + 50% 60d Top2,601398.SH,0.25
2020-09-01,V21 50% Ranker Top1 + 50% 60d Top2,601939.SH,0.75
2020-10-09,V21 50% Ranker Top1 + 50% 60d Top2,601288.SH,0.25
2020-10-09,V21 50% Ranker Top1 + 50% 60d Top2,601398.SH,0.25
2020-10-09,V21 50% Ranker Top1 + 50% 60d Top2,601939.SH,0.5
2020-11-02,V21 50% Ranker Top1 + 50% 60d Top2,601398.SH,0.25
2020-11-02,V21 50% Ranker Top1 + 50% 60d Top2,601939.SH,0.75
2020-12-01,V21 50% Ranker Top1 + 50% 60d Top2,601398.SH,0.25
2020-12-01,V21 50% Ranker Top1 + 50% 60d Top2,601939.SH,0.25
2020-12-01,V21 50% Ranker Top1 + 50% 60d Top2,601988.SH,0.5
2021-01-04,V21 50% Ranker Top1 + 50% 60d Top2,601398.SH,0.25
2021-01-04,V21 50% Ranker Top1 + 50% 60d Top2,601939.SH,0.25
2021-01-04,V21 50% Ranker Top1 + 50% 60d Top2,601988.SH,0.5
2021-02-01,V21 50% Ranker Top1 + 50% 60d Top2,601398.SH,0.75
2021-02-01,V21 50% Ranker Top1 + 50% 60d Top2,601939.SH,0.25
2021-03-01,V21 50% Ranker Top1 + 50% 60d Top2,601288.SH,0.5
2021-03-01,V21 50% Ranker Top1 + 50% 60d Top2,601398.SH,0.25
2021-03-01,V21 50% Ranker Top1 + 50% 60d Top2,601939.SH,0.25
2021-04-01,V21 50% Ranker Top1 + 50% 60d Top2,601288.SH,0.5
2021-04-01,V21 50% Ranker Top1 + 50% 60d Top2,601398.SH,0.25
2021-04-01,V21 50% Ranker Top1 + 50% 60d Top2,601939.SH,0.25
2021-05-06,V21 50% Ranker Top1 + 50% 60d Top2,601288.SH,0.75
2021-05-06,V21 50% Ranker Top1 + 50% 60d Top2,601988.SH,0.25
2021-06-01,V21 50% Ranker Top1 + 50% 60d Top2,601288.SH,0.25
2021-06-01,V21 50% Ranker Top1 + 50% 60d Top2,601398.SH,0.5
2021-06-01,V21 50% Ranker Top1 + 50% 60d Top2,601988.SH,0.25
2021-07-01,V21 50% Ranker Top1 + 50% 60d Top2,601398.SH,0.75
2021-07-01,V21 50% Ranker Top1 + 50% 60d Top2,601988.SH,0.25
2021-08-02,V21 50% Ranker Top1 + 50% 60d Top2,601288.SH,0.25
2021-08-02,V21 50% Ranker Top1 + 50% 60d Top2,601939.SH,0.5
2021-08-02,V21 50% Ranker Top1 + 50% 60d Top2,601988.SH,0.25
2021-09-01,V21 50% Ranker Top1 + 50% 60d Top2,601398.SH,0.25
2021-09-01,V21 50% Ranker Top1 + 50% 60d Top2,601988.SH,0.75
2021-10-08,V21 50% Ranker Top1 + 50% 60d Top2,601288.SH,0.25
2021-10-08,V21 50% Ranker Top1 + 50% 60d Top2,601398.SH,0.5
2021-10-08,V21 50% Ranker Top1 + 50% 60d Top2,601988.SH,0.25
2021-11-01,V21 50% Ranker Top1 + 50% 60d Top2,601398.SH,0.25
2021-11-01,V21 50% Ranker Top1 + 50% 60d Top2,601939.SH,0.25
2021-11-01,V21 50% Ranker Top1 + 50% 60d Top2,601988.SH,0.5
2021-12-01,V21 50% Ranker Top1 + 50% 60d Top2,601398.SH,0.25
2021-12-01,V21 50% Ranker Top1 + 50% 60d Top2,601988.SH,0.75
2022-01-04,V21 50% Ranker Top1 + 50% 60d Top2,601288.SH,0.5
2022-01-04,V21 50% Ranker Top1 + 50% 60d Top2,601398.SH,0.25
2022-01-04,V21 50% Ranker Top1 + 50% 60d Top2,601988.SH,0.25
2022-02-07,V21 50% Ranker Top1 + 50% 60d Top2,601939.SH,0.25
2022-02-07,V21 50% Ranker Top1 + 50% 60d Top2,601988.SH,0.75
2022-03-01,V21 50% Ranker Top1 + 50% 60d Top2,601288.SH,0.25
2022-03-01,V21 50% Ranker Top1 + 50% 60d Top2,601398.SH,0.5
2022-03-01,V21 50% Ranker Top1 + 50% 60d Top2,601939.SH,0.25
2022-04-01,V21 50% Ranker Top1 + 50% 60d Top2,601939.SH,0.25
2022-04-01,V21 50% Ranker Top1 + 50% 60d Top2,601988.SH,0.75
2022-05-05,V21 50% Ranker Top1 + 50% 60d Top2,601288.SH,0.25
2022-05-05,V21 50% Ranker Top1 + 50% 60d Top2,601988.SH,0.75
2022-06-01,V21 50% Ranker Top1 + 50% 60d Top2,601288.SH,0.75
2022-06-01,V21 50% Ranker Top1 + 50% 60d Top2,601988.SH,0.25
2022-07-01,V21 50% Ranker Top1 + 50% 60d Top2,601398.SH,0.25
2022-07-01,V21 50% Ranker Top1 + 50% 60d Top2,601988.SH,0.75
2022-08-01,V21 50% Ranker Top1 + 50% 60d Top2,601288.SH,0.25
2022-08-01,V21 50% Ranker Top1 + 50% 60d Top2,601398.SH,0.5
2022-08-01,V21 50% Ranker Top1 + 50% 60d Top2,601988.SH,0.25
2022-09-01,V21 50% Ranker Top1 + 50% 60d Top2,601288.SH,0.75
2022-09-01,V21 50% Ranker Top1 + 50% 60d Top2,601988.SH,0.25
2022-10-10,V21 50% Ranker Top1 + 50% 60d Top2,601288.SH,0.25
2022-10-10,V21 50% Ranker Top1 + 50% 60d Top2,601988.SH,0.75
2022-11-01,V21 50% Ranker Top1 + 50% 60d Top2,601288.SH,0.25
2022-11-01,V21 50% Ranker Top1 + 50% 60d Top2,601988.SH,0.75
2022-12-01,V21 50% Ranker Top1 + 50% 60d Top2,601288.SH,0.75
2022-12-01,V21 50% Ranker Top1 + 50% 60d Top2,601988.SH,0.25
2023-01-03,V21 50% Ranker Top1 + 50% 60d Top2,601939.SH,0.25
2023-01-03,V21 50% Ranker Top1 + 50% 60d Top2,601988.SH,0.75
2023-02-01,V21 50% Ranker Top1 + 50% 60d Top2,601288.SH,0.25
2023-02-01,V21 50% Ranker Top1 + 50% 60d Top2,601939.SH,0.5
2023-02-01,V21 50% Ranker Top1 + 50% 60d Top2,601988.SH,0.25
2023-03-01,V21 50% Ranker Top1 + 50% 60d Top2,601288.SH,0.25
2023-03-01,V21 50% Ranker Top1 + 50% 60d Top2,601398.SH,0.5
2023-03-01,V21 50% Ranker Top1 + 50% 60d Top2,601988.SH,0.25
2023-04-03,V21 50% Ranker Top1 + 50% 60d Top2,601288.SH,0.25
2023-04-03,V21 50% Ranker Top1 + 50% 60d Top2,601988.SH,0.75
2023-05-04,V21 50% Ranker Top1 + 50% 60d Top2,601288.SH,0.25
2023-05-04,V21 50% Ranker Top1 + 50% 60d Top2,601939.SH,0.5
2023-05-04,V21 50% Ranker Top1 + 50% 60d Top2,601988.SH,0.25
2023-06-01,V21 50% Ranker Top1 + 50% 60d Top2,601288.SH,0.75
2023-06-01,V21 50% Ranker Top1 + 50% 60d Top2,601988.SH,0.25
2023-07-03,V21 50% Ranker Top1 + 50% 60d Top2,601288.SH,0.25
2023-07-03,V21 50% Ranker Top1 + 50% 60d Top2,601398.SH,0.5
2023-07-03,V21 50% Ranker Top1 + 50% 60d Top2,601988.SH,0.25
2023-08-01,V21 50% Ranker Top1 + 50% 60d Top2,601288.SH,0.25
2023-08-01,V21 50% Ranker Top1 + 50% 60d Top2,601398.SH,0.5
2023-08-01,V21 50% Ranker Top1 + 50% 60d Top2,601988.SH,0.25
2023-09-01,V21 50% Ranker Top1 + 50% 60d Top2,601288.SH,0.75
2023-09-01,V21 50% Ranker Top1 + 50% 60d Top2,601988.SH,0.25
2023-10-09,V21 50% Ranker Top1 + 50% 60d Top2,601288.SH,0.75
2023-10-09,V21 50% Ranker Top1 + 50% 60d Top2,601939.SH,0.25
2023-11-01,V21 50% Ranker Top1 + 50% 60d Top2,601288.SH,0.5
2023-11-01,V21 50% Ranker Top1 + 50% 60d Top2,601398.SH,0.25
2023-11-01,V21 50% Ranker Top1 + 50% 60d Top2,601939.SH,0.25
2023-12-01,V21 50% Ranker Top1 + 50% 60d Top2,601288.SH,0.5
2023-12-01,V21 50% Ranker Top1 + 50% 60d Top2,601939.SH,0.25
2023-12-01,V21 50% Ranker Top1 + 50% 60d Top2,601988.SH,0.25
2024-01-02,V21 50% Ranker Top1 + 50% 60d Top2,601288.SH,0.5
2024-01-02,V21 50% Ranker Top1 + 50% 60d Top2,601939.SH,0.25
2024-01-02,V21 50% Ranker Top1 + 50% 60d Top2,601988.SH,0.25
2024-02-01,V21 50% Ranker Top1 + 50% 60d Top2,601939.SH,0.75
2024-02-01,V21 50% Ranker Top1 + 50% 60d Top2,601988.SH,0.25
2024-03-01,V21 50% Ranker Top1 + 50% 60d Top2,601288.SH,0.25
2024-03-01,V21 50% Ranker Top1 + 50% 60d Top2,601939.SH,0.5
2024-03-01,V21 50% Ranker Top1 + 50% 60d Top2,601988.SH,0.25
2024-04-01,V21 50% Ranker Top1 + 50% 60d Top2,601288.SH,0.75
2024-04-01,V21 50% Ranker Top1 + 50% 60d Top2,601988.SH,0.25
2024-05-06,V21 50% Ranker Top1 + 50% 60d Top2,601288.SH,0.75
2024-05-06,V21 50% Ranker Top1 + 50% 60d Top2,601398.SH,0.25
2024-06-03,V21 50% Ranker Top1 + 50% 60d Top2,601288.SH,0.75
2024-06-03,V21 50% Ranker Top1 + 50% 60d Top2,601398.SH,0.25
2024-07-01,V21 50% Ranker Top1 + 50% 60d Top2,601288.SH,0.25
2024-07-01,V21 50% Ranker Top1 + 50% 60d Top2,601398.SH,0.25
2024-07-01,V21 50% Ranker Top1 + 50% 60d Top2,601988.SH,0.5
2024-08-01,V21 50% Ranker Top1 + 50% 60d Top2,601288.SH,0.5
2024-08-01,V21 50% Ranker Top1 + 50% 60d Top2,601398.SH,0.25
2024-08-01,V21 50% Ranker Top1 + 50% 60d Top2,601939.SH,0.25
2024-09-02,V21 50% Ranker Top1 + 50% 60d Top2,601398.SH,0.75
2024-09-02,V21 50% Ranker Top1 + 50% 60d Top2,601988.SH,0.25
2024-10-08,V21 50% Ranker Top1 + 50% 60d Top2,601288.SH,0.5
2024-10-08,V21 50% Ranker Top1 + 50% 60d Top2,601939.SH,0.25
2024-10-08,V21 50% Ranker Top1 + 50% 60d Top2,601988.SH,0.25
2024-11-01,V21 50% Ranker Top1 + 50% 60d Top2,601398.SH,0.25
2024-11-01,V21 50% Ranker Top1 + 50% 60d Top2,601939.SH,0.25
2024-11-01,V21 50% Ranker Top1 + 50% 60d Top2,601988.SH,0.5
2024-12-02,V21 50% Ranker Top1 + 50% 60d Top2,601288.SH,0.25
2024-12-02,V21 50% Ranker Top1 + 50% 60d Top2,601398.SH,0.5
2024-12-02,V21 50% Ranker Top1 + 50% 60d Top2,601988.SH,0.25
2025-01-02,V21 50% Ranker Top1 + 50% 60d Top2,601398.SH,0.25
2025-01-02,V21 50% Ranker Top1 + 50% 60d Top2,601939.SH,0.5
2025-01-02,V21 50% Ranker Top1 + 50% 60d Top2,601988.SH,0.25
2025-02-05,V21 50% Ranker Top1 + 50% 60d Top2,601288.SH,0.5
2025-02-05,V21 50% Ranker Top1 + 50% 60d Top2,601398.SH,0.25
2025-02-05,V21 50% Ranker Top1 + 50% 60d Top2,601988.SH,0.25
2025-03-03,V21 50% Ranker Top1 + 50% 60d Top2,601398.SH,0.25
2025-03-03,V21 50% Ranker Top1 + 50% 60d Top2,601939.SH,0.5
2025-03-03,V21 50% Ranker Top1 + 50% 60d Top2,601988.SH,0.25
2025-04-01,V21 50% Ranker Top1 + 50% 60d Top2,601288.SH,0.5
2025-04-01,V21 50% Ranker Top1 + 50% 60d Top2,601939.SH,0.25
2025-04-01,V21 50% Ranker Top1 + 50% 60d Top2,601988.SH,0.25
2025-05-06,V21 50% Ranker Top1 + 50% 60d Top2,601288.SH,0.25
2025-05-06,V21 50% Ranker Top1 + 50% 60d Top2,601939.SH,0.25
2025-05-06,V21 50% Ranker Top1 + 50% 60d Top2,601988.SH,0.5
2025-06-03,V21 50% Ranker Top1 + 50% 60d Top2,601288.SH,0.25
2025-06-03,V21 50% Ranker Top1 + 50% 60d Top2,601939.SH,0.75
2025-07-01,V21 50% Ranker Top1 + 50% 60d Top2,601288.SH,0.75
2025-07-01,V21 50% Ranker Top1 + 50% 60d Top2,601939.SH,0.25
2025-08-01,V21 50% Ranker Top1 + 50% 60d Top2,601288.SH,0.25
2025-08-01,V21 50% Ranker Top1 + 50% 60d Top2,601398.SH,0.25
2025-08-01,V21 50% Ranker Top1 + 50% 60d Top2,601988.SH,0.5
2025-09-01,V21 50% Ranker Top1 + 50% 60d Top2,601288.SH,0.25
2025-09-01,V21 50% Ranker Top1 + 50% 60d Top2,601398.SH,0.25
2025-09-01,V21 50% Ranker Top1 + 50% 60d Top2,601939.SH,0.5
2025-10-09,V21 50% Ranker Top1 + 50% 60d Top2,601288.SH,0.75
2025-10-09,V21 50% Ranker Top1 + 50% 60d Top2,601398.SH,0.25
2025-11-03,V21 50% Ranker Top1 + 50% 60d Top2,601288.SH,0.25
2025-11-03,V21 50% Ranker Top1 + 50% 60d Top2,601398.SH,0.75
2025-12-01,V21 50% Ranker Top1 + 50% 60d Top2,601288.SH,0.75
2025-12-01,V21 50% Ranker Top1 + 50% 60d Top2,601988.SH,0.25
2026-01-05,V21 50% Ranker Top1 + 50% 60d Top2,601288.SH,0.75
2026-01-05,V21 50% Ranker Top1 + 50% 60d Top2,601988.SH,0.25
2026-02-02,V21 50% Ranker Top1 + 50% 60d Top2,601288.SH,0.5
2026-02-02,V21 50% Ranker Top1 + 50% 60d Top2,601939.SH,0.25
2026-02-02,V21 50% Ranker Top1 + 50% 60d Top2,601988.SH,0.25
2026-03-02,V21 50% Ranker Top1 + 50% 60d Top2,601288.SH,0.5
2026-03-02,V21 50% Ranker Top1 + 50% 60d Top2,601939.SH,0.25
2026-03-02,V21 50% Ranker Top1 + 50% 60d Top2,601988.SH,0.25
2026-04-01,V21 50% Ranker Top1 + 50% 60d Top2,601288.SH,0.5
2026-04-01,V21 50% Ranker Top1 + 50% 60d Top2,601939.SH,0.25
2026-04-01,V21 50% Ranker Top1 + 50% 60d Top2,601988.SH,0.25
2026-05-06,V21 50% Ranker Top1 + 50% 60d Top2,601398.SH,0.5
2026-05-06,V21 50% Ranker Top1 + 50% 60d Top2,601939.SH,0.25
2026-05-06,V21 50% Ranker Top1 + 50% 60d Top2,601988.SH,0.25
2026-06-01,V21 50% Ranker Top1 + 50% 60d Top2,601288.SH,0.5
2026-06-01,V21 50% Ranker Top1 + 50% 60d Top2,601939.SH,0.25
2026-06-01,V21 50% Ranker Top1 + 50% 60d Top2,601988.SH,0.25
2020-01-02,V18 LambdaRank Top1,601288.SH,1
2020-02-03,V18 LambdaRank Top1,601939.SH,1
2020-03-02,V18 LambdaRank Top1,601398.SH,1
2020-04-01,V18 LambdaRank Top1,601988.SH,1
2020-05-06,V18 LambdaRank Top1,601988.SH,1
2020-06-01,V18 LambdaRank Top1,601988.SH,1
2020-07-01,V18 LambdaRank Top1,601398.SH,1
2020-08-03,V18 LambdaRank Top1,601398.SH,1
2020-09-01,V18 LambdaRank Top1,601939.SH,1
2020-10-09,V18 LambdaRank Top1,601939.SH,1
2020-11-02,V18 LambdaRank Top1,601939.SH,1
2020-12-01,V18 LambdaRank Top1,601988.SH,1
2021-01-04,V18 LambdaRank Top1,601988.SH,1
2021-02-01,V18 LambdaRank Top1,601398.SH,1
2021-03-01,V18 LambdaRank Top1,601288.SH,1
2021-04-01,V18 LambdaRank Top1,601288.SH,1
2021-05-06,V18 LambdaRank Top1,601288.SH,1
2021-06-01,V18 LambdaRank Top1,601398.SH,1
2021-07-01,V18 LambdaRank Top1,601398.SH,1
2021-08-02,V18 LambdaRank Top1,601939.SH,1
2021-09-01,V18 LambdaRank Top1,601988.SH,1
2021-10-08,V18 LambdaRank Top1,601398.SH,1
2021-11-01,V18 LambdaRank Top1,601988.SH,1
2021-12-01,V18 LambdaRank Top1,601988.SH,1
2022-01-04,V18 LambdaRank Top1,601288.SH,1
2022-02-07,V18 LambdaRank Top1,601988.SH,1
2022-03-01,V18 LambdaRank Top1,601398.SH,1
2022-04-01,V18 LambdaRank Top1,601988.SH,1
2022-05-05,V18 LambdaRank Top1,601988.SH,1
2022-06-01,V18 LambdaRank Top1,601288.SH,1
2022-07-01,V18 LambdaRank Top1,601988.SH,1
2022-08-01,V18 LambdaRank Top1,601398.SH,1
2022-09-01,V18 LambdaRank Top1,601288.SH,1
2022-10-10,V18 LambdaRank Top1,601988.SH,1
2022-11-01,V18 LambdaRank Top1,601988.SH,1
2022-12-01,V18 LambdaRank Top1,601288.SH,1
2023-01-03,V18 LambdaRank Top1,601988.SH,1
2023-02-01,V18 LambdaRank Top1,601939.SH,1
2023-03-01,V18 LambdaRank Top1,601398.SH,1
2023-04-03,V18 LambdaRank Top1,601988.SH,1
2023-05-04,V18 LambdaRank Top1,601939.SH,1
2023-06-01,V18 LambdaRank Top1,601288.SH,1
2023-07-03,V18 LambdaRank Top1,601398.SH,1
2023-08-01,V18 LambdaRank Top1,601398.SH,1
2023-09-01,V18 LambdaRank Top1,601288.SH,1
2023-10-09,V18 LambdaRank Top1,601288.SH,1
2023-11-01,V18 LambdaRank Top1,601288.SH,1
2023-12-01,V18 LambdaRank Top1,601288.SH,1
2024-01-02,V18 LambdaRank Top1,601288.SH,1
2024-02-01,V18 LambdaRank Top1,601939.SH,1
2024-03-01,V18 LambdaRank Top1,601939.SH,1
2024-04-01,V18 LambdaRank Top1,601288.SH,1
2024-05-06,V18 LambdaRank Top1,601288.SH,1
2024-06-03,V18 LambdaRank Top1,601288.SH,1
2024-07-01,V18 LambdaRank Top1,601988.SH,1
2024-08-01,V18 LambdaRank Top1,601288.SH,1
2024-09-02,V18 LambdaRank Top1,601398.SH,1
2024-10-08,V18 LambdaRank Top1,601288.SH,1
2024-11-01,V18 LambdaRank Top1,601988.SH,1
2024-12-02,V18 LambdaRank Top1,601398.SH,1
2025-01-02,V18 LambdaRank Top1,601939.SH,1
2025-02-05,V18 LambdaRank Top1,601288.SH,1
2025-03-03,V18 LambdaRank Top1,601939.SH,1
2025-04-01,V18 LambdaRank Top1,601288.SH,1
2025-05-06,V18 LambdaRank Top1,601988.SH,1
2025-06-03,V18 LambdaRank Top1,601939.SH,1
2025-07-01,V18 LambdaRank Top1,601288.SH,1
2025-08-01,V18 LambdaRank Top1,601988.SH,1
2025-09-01,V18 LambdaRank Top1,601939.SH,1
2025-10-09,V18 LambdaRank Top1,601288.SH,1
2025-11-03,V18 LambdaRank Top1,601398.SH,1
2025-12-01,V18 LambdaRank Top1,601288.SH,1
2026-01-05,V18 LambdaRank Top1,601288.SH,1
2026-02-02,V18 LambdaRank Top1,601288.SH,1
2026-03-02,V18 LambdaRank Top1,601288.SH,1
2026-04-01,V18 LambdaRank Top1,601288.SH,1
2026-05-06,V18 LambdaRank Top1,601398.SH,1
2026-06-01,V18 LambdaRank Top1,601288.SH,1
2020-01-02,V11 LambdaRank Top2,601288.SH,0.5
2020-01-02,V11 LambdaRank Top2,601398.SH,0.5
2020-02-03,V11 LambdaRank Top2,601398.SH,0.5
2020-02-03,V11 LambdaRank Top2,601939.SH,0.5
2020-03-02,V11 LambdaRank Top2,601398.SH,0.5
2020-03-02,V11 LambdaRank Top2,601939.SH,0.5
2020-04-01,V11 LambdaRank Top2,601398.SH,0.5
2020-04-01,V11 LambdaRank Top2,601988.SH,0.5
2020-05-06,V11 LambdaRank Top2,601398.SH,0.5
2020-05-06,V11 LambdaRank Top2,601988.SH,0.5
2020-06-01,V11 LambdaRank Top2,601288.SH,0.5
2020-06-01,V11 LambdaRank Top2,601988.SH,0.5
2020-07-01,V11 LambdaRank Top2,601398.SH,0.5
2020-07-01,V11 LambdaRank Top2,601939.SH,0.5
2020-08-03,V11 LambdaRank Top2,601398.SH,0.5
2020-08-03,V11 LambdaRank Top2,601988.SH,0.5
2020-09-01,V11 LambdaRank Top2,601398.SH,0.5
2020-09-01,V11 LambdaRank Top2,601939.SH,0.5
2020-10-09,V11 LambdaRank Top2,601939.SH,0.5
2020-10-09,V11 LambdaRank Top2,601988.SH,0.5
2020-11-02,V11 LambdaRank Top2,601398.SH,0.5
2020-11-02,V11 LambdaRank Top2,601939.SH,0.5
2020-12-01,V11 LambdaRank Top2,601288.SH,0.5
2020-12-01,V11 LambdaRank Top2,601988.SH,0.5
2021-01-04,V11 LambdaRank Top2,601288.SH,0.5
2021-01-04,V11 LambdaRank Top2,601988.SH,0.5
2021-02-01,V11 LambdaRank Top2,601288.SH,0.5
2021-02-01,V11 LambdaRank Top2,601398.SH,0.5
2021-03-01,V11 LambdaRank Top2,601288.SH,0.5
2021-03-01,V11 LambdaRank Top2,601988.SH,0.5
2021-04-01,V11 LambdaRank Top2,601288.SH,0.5
2021-04-01,V11 LambdaRank Top2,601988.SH,0.5
2021-05-06,V11 LambdaRank Top2,601288.SH,0.5
2021-05-06,V11 LambdaRank Top2,601939.SH,0.5
2021-06-01,V11 LambdaRank Top2,601398.SH,0.5
2021-06-01,V11 LambdaRank Top2,601939.SH,0.5
2021-07-01,V11 LambdaRank Top2,601288.SH,0.5
2021-07-01,V11 LambdaRank Top2,601398.SH,0.5
2021-08-02,V11 LambdaRank Top2,601398.SH,0.5
2021-08-02,V11 LambdaRank Top2,601939.SH,0.5
2021-09-01,V11 LambdaRank Top2,601288.SH,0.5
2021-09-01,V11 LambdaRank Top2,601988.SH,0.5
2021-10-08,V11 LambdaRank Top2,601398.SH,0.5
2021-10-08,V11 LambdaRank Top2,601939.SH,0.5
2021-11-01,V11 LambdaRank Top2,601288.SH,0.5
2021-11-01,V11 LambdaRank Top2,601988.SH,0.5
2021-12-01,V11 LambdaRank Top2,601288.SH,0.5
2021-12-01,V11 LambdaRank Top2,601988.SH,0.5
2022-01-04,V11 LambdaRank Top2,601288.SH,0.5
2022-01-04,V11 LambdaRank Top2,601939.SH,0.5
2022-02-07,V11 LambdaRank Top2,601288.SH,0.5
2022-02-07,V11 LambdaRank Top2,601988.SH,0.5
2022-03-01,V11 LambdaRank Top2,601398.SH,0.5
2022-03-01,V11 LambdaRank Top2,601988.SH,0.5
2022-04-01,V11 LambdaRank Top2,601288.SH,0.5
2022-04-01,V11 LambdaRank Top2,601988.SH,0.5
2022-05-05,V11 LambdaRank Top2,601939.SH,0.5
2022-05-05,V11 LambdaRank Top2,601988.SH,0.5
2022-06-01,V11 LambdaRank Top2,601288.SH,0.5
2022-06-01,V11 LambdaRank Top2,601398.SH,0.5
2022-07-01,V11 LambdaRank Top2,601398.SH,0.5
2022-07-01,V11 LambdaRank Top2,601988.SH,0.5
2022-08-01,V11 LambdaRank Top2,601398.SH,0.5
2022-08-01,V11 LambdaRank Top2,601939.SH,0.5
2022-09-01,V11 LambdaRank Top2,601288.SH,0.5
2022-09-01,V11 LambdaRank Top2,601398.SH,0.5
2022-10-10,V11 LambdaRank Top2,601939.SH,0.5
2022-10-10,V11 LambdaRank Top2,601988.SH,0.5
2022-11-01,V11 LambdaRank Top2,601288.SH,0.5
2022-11-01,V11 LambdaRank Top2,601988.SH,0.5
2022-12-01,V11 LambdaRank Top2,601288.SH,0.5
2022-12-01,V11 LambdaRank Top2,601398.SH,0.5
2023-01-03,V11 LambdaRank Top2,601288.SH,0.5
2023-01-03,V11 LambdaRank Top2,601988.SH,0.5
2023-02-01,V11 LambdaRank Top2,601939.SH,0.5
2023-02-01,V11 LambdaRank Top2,601988.SH,0.5
2023-03-01,V11 LambdaRank Top2,601288.SH,0.5
2023-03-01,V11 LambdaRank Top2,601398.SH,0.5
2023-04-03,V11 LambdaRank Top2,601939.SH,0.5
2023-04-03,V11 LambdaRank Top2,601988.SH,0.5
2023-05-04,V11 LambdaRank Top2,601939.SH,0.5
2023-05-04,V11 LambdaRank Top2,601988.SH,0.5
2023-06-01,V11 LambdaRank Top2,601288.SH,0.5
2023-06-01,V11 LambdaRank Top2,601988.SH,0.5
2023-07-03,V11 LambdaRank Top2,601398.SH,0.5
2023-07-03,V11 LambdaRank Top2,601988.SH,0.5
2023-08-01,V11 LambdaRank Top2,601398.SH,0.5
2023-08-01,V11 LambdaRank Top2,601988.SH,0.5
2023-09-01,V11 LambdaRank Top2,601288.SH,0.5
2023-09-01,V11 LambdaRank Top2,601988.SH,0.5
2023-10-09,V11 LambdaRank Top2,601288.SH,0.5
2023-10-09,V11 LambdaRank Top2,601398.SH,0.5
2023-11-01,V11 LambdaRank Top2,601288.SH,0.5
2023-11-01,V11 LambdaRank Top2,601939.SH,0.5
2023-12-01,V11 LambdaRank Top2,601288.SH,0.5
2023-12-01,V11 LambdaRank Top2,601398.SH,0.5
2024-01-02,V11 LambdaRank Top2,601288.SH,0.5
2024-01-02,V11 LambdaRank Top2,601398.SH,0.5
2024-02-01,V11 LambdaRank Top2,601939.SH,0.5
2024-02-01,V11 LambdaRank Top2,601988.SH,0.5
2024-03-01,V11 LambdaRank Top2,601288.SH,0.5
2024-03-01,V11 LambdaRank Top2,601939.SH,0.5
2024-04-01,V11 LambdaRank Top2,601288.SH,0.5
2024-04-01,V11 LambdaRank Top2,601398.SH,0.5
2024-05-06,V11 LambdaRank Top2,601288.SH,0.5
2024-05-06,V11 LambdaRank Top2,601398.SH,0.5
2024-06-03,V11 LambdaRank Top2,601288.SH,0.5
2024-06-03,V11 LambdaRank Top2,601988.SH,0.5
2024-07-01,V11 LambdaRank Top2,601288.SH,0.5
2024-07-01,V11 LambdaRank Top2,601988.SH,0.5
2024-08-01,V11 LambdaRank Top2,601288.SH,0.5
2024-08-01,V11 LambdaRank Top2,601988.SH,0.5
2024-09-02,V11 LambdaRank Top2,601288.SH,0.5
2024-09-02,V11 LambdaRank Top2,601398.SH,0.5
2024-10-08,V11 LambdaRank Top2,601288.SH,0.5
2024-10-08,V11 LambdaRank Top2,601398.SH,0.5
2024-11-01,V11 LambdaRank Top2,601288.SH,0.5
2024-11-01,V11 LambdaRank Top2,601988.SH,0.5
2024-12-02,V11 LambdaRank Top2,601398.SH,0.5
2024-12-02,V11 LambdaRank Top2,601939.SH,0.5
2025-01-02,V11 LambdaRank Top2,601398.SH,0.5
2025-01-02,V11 LambdaRank Top2,601939.SH,0.5
2025-02-05,V11 LambdaRank Top2,601288.SH,0.5
2025-02-05,V11 LambdaRank Top2,601988.SH,0.5
2025-03-03,V11 LambdaRank Top2,601288.SH,0.5
2025-03-03,V11 LambdaRank Top2,601939.SH,0.5
2025-04-01,V11 LambdaRank Top2,601288.SH,0.5
2025-04-01,V11 LambdaRank Top2,601398.SH,0.5
2025-05-06,V11 LambdaRank Top2,601939.SH,0.5
2025-05-06,V11 LambdaRank Top2,601988.SH,0.5
2025-06-03,V11 LambdaRank Top2,601939.SH,0.5
2025-06-03,V11 LambdaRank Top2,601988.SH,0.5
2025-07-01,V11 LambdaRank Top2,601288.SH,0.5
2025-07-01,V11 LambdaRank Top2,601398.SH,0.5
2025-08-01,V11 LambdaRank Top2,601288.SH,0.5
2025-08-01,V11 LambdaRank Top2,601988.SH,0.5
2025-09-01,V11 LambdaRank Top2,601939.SH,0.5
2025-09-01,V11 LambdaRank Top2,601988.SH,0.5
2025-10-09,V11 LambdaRank Top2,601288.SH,0.5
2025-10-09,V11 LambdaRank Top2,601398.SH,0.5
2025-11-03,V11 LambdaRank Top2,601288.SH,0.5
2025-11-03,V11 LambdaRank Top2,601398.SH,0.5
2025-12-01,V11 LambdaRank Top2,601288.SH,0.5
2025-12-01,V11 LambdaRank Top2,601398.SH,0.5
2026-01-05,V11 LambdaRank Top2,601288.SH,0.5
2026-01-05,V11 LambdaRank Top2,601398.SH,0.5
2026-02-02,V11 LambdaRank Top2,601288.SH,0.5
2026-02-02,V11 LambdaRank Top2,601939.SH,0.5
2026-03-02,V11 LambdaRank Top2,601288.SH,0.5
2026-03-02,V11 LambdaRank Top2,601398.SH,0.5
2026-04-01,V11 LambdaRank Top2,601288.SH,0.5
2026-04-01,V11 LambdaRank Top2,601939.SH,0.5
2026-05-06,V11 LambdaRank Top2,601288.SH,0.5
2026-05-06,V11 LambdaRank Top2,601398.SH,0.5
2026-06-01,V11 LambdaRank Top2,601288.SH,0.5
2026-06-01,V11 LambdaRank Top2,601988.SH,0.5
2020-01-02,60d momentum Top2,601288.SH,0.5
2020-01-02,60d momentum Top2,601398.SH,0.5
2020-02-03,60d momentum Top2,601288.SH,0.5
2020-02-03,60d momentum Top2,601988.SH,0.5
2020-03-02,60d momentum Top2,601288.SH,0.5
2020-03-02,60d momentum Top2,601988.SH,0.5
2020-04-01,60d momentum Top2,601288.SH,0.5
2020-04-01,60d momentum Top2,601988.SH,0.5
2020-05-06,60d momentum Top2,601288.SH,0.5
2020-05-06,60d momentum Top2,601988.SH,0.5
2020-06-01,60d momentum Top2,601288.SH,0.5
2020-06-01,60d momentum Top2,601939.SH,0.5
2020-07-01,60d momentum Top2,601288.SH,0.5
2020-07-01,60d momentum Top2,601398.SH,0.5
2020-08-03,60d momentum Top2,601398.SH,0.5
2020-08-03,60d momentum Top2,601988.SH,0.5
2020-09-01,60d momentum Top2,601398.SH,0.5
2020-09-01,60d momentum Top2,601939.SH,0.5
2020-10-09,60d momentum Top2,601288.SH,0.5
2020-10-09,60d momentum Top2,601398.SH,0.5
2020-11-02,60d momentum Top2,601398.SH,0.5
2020-11-02,60d momentum Top2,601939.SH,0.5
2020-12-01,60d momentum Top2,601398.SH,0.5
2020-12-01,60d momentum Top2,601939.SH,0.5
2021-01-04,60d momentum Top2,601398.SH,0.5
2021-01-04,60d momentum Top2,601939.SH,0.5
2021-02-01,60d momentum Top2,601398.SH,0.5
2021-02-01,60d momentum Top2,601939.SH,0.5
2021-03-01,60d momentum Top2,601398.SH,0.5
2021-03-01,60d momentum Top2,601939.SH,0.5
2021-04-01,60d momentum Top2,601398.SH,0.5
2021-04-01,60d momentum Top2,601939.SH,0.5
2021-05-06,60d momentum Top2,601288.SH,0.5
2021-05-06,60d momentum Top2,601988.SH,0.5
2021-06-01,60d momentum Top2,601288.SH,0.5
2021-06-01,60d momentum Top2,601988.SH,0.5
2021-07-01,60d momentum Top2,601398.SH,0.5
2021-07-01,60d momentum Top2,601988.SH,0.5
2021-08-02,60d momentum Top2,601288.SH,0.5
2021-08-02,60d momentum Top2,601988.SH,0.5
2021-09-01,60d momentum Top2,601398.SH,0.5
2021-09-01,60d momentum Top2,601988.SH,0.5
2021-10-08,60d momentum Top2,601288.SH,0.5
2021-10-08,60d momentum Top2,601988.SH,0.5
2021-11-01,60d momentum Top2,601398.SH,0.5
2021-11-01,60d momentum Top2,601939.SH,0.5
2021-12-01,60d momentum Top2,601398.SH,0.5
2021-12-01,60d momentum Top2,601988.SH,0.5
2022-01-04,60d momentum Top2,601398.SH,0.5
2022-01-04,60d momentum Top2,601988.SH,0.5
2022-02-07,60d momentum Top2,601939.SH,0.5
2022-02-07,60d momentum Top2,601988.SH,0.5
2022-03-01,60d momentum Top2,601288.SH,0.5
2022-03-01,60d momentum Top2,601939.SH,0.5
2022-04-01,60d momentum Top2,601939.SH,0.5
2022-04-01,60d momentum Top2,601988.SH,0.5
2022-05-05,60d momentum Top2,601288.SH,0.5
2022-05-05,60d momentum Top2,601988.SH,0.5
2022-06-01,60d momentum Top2,601288.SH,0.5
2022-06-01,60d momentum Top2,601988.SH,0.5
2022-07-01,60d momentum Top2,601398.SH,0.5
2022-07-01,60d momentum Top2,601988.SH,0.5
2022-08-01,60d momentum Top2,601288.SH,0.5
2022-08-01,60d momentum Top2,601988.SH,0.5
2022-09-01,60d momentum Top2,601288.SH,0.5
2022-09-01,60d momentum Top2,601988.SH,0.5
2022-10-10,60d momentum Top2,601288.SH,0.5
2022-10-10,60d momentum Top2,601988.SH,0.5
2022-11-01,60d momentum Top2,601288.SH,0.5
2022-11-01,60d momentum Top2,601988.SH,0.5
2022-12-01,60d momentum Top2,601288.SH,0.5
2022-12-01,60d momentum Top2,601988.SH,0.5
2023-01-03,60d momentum Top2,601939.SH,0.5
2023-01-03,60d momentum Top2,601988.SH,0.5
2023-02-01,60d momentum Top2,601288.SH,0.5
2023-02-01,60d momentum Top2,601988.SH,0.5
2023-03-01,60d momentum Top2,601288.SH,0.5
2023-03-01,60d momentum Top2,601988.SH,0.5
2023-04-03,60d momentum Top2,601288.SH,0.5
2023-04-03,60d momentum Top2,601988.SH,0.5
2023-05-04,60d momentum Top2,601288.SH,0.5
2023-05-04,60d momentum Top2,601988.SH,0.5
2023-06-01,60d momentum Top2,601288.SH,0.5
2023-06-01,60d momentum Top2,601988.SH,0.5
2023-07-03,60d momentum Top2,601288.SH,0.5
2023-07-03,60d momentum Top2,601988.SH,0.5
2023-08-01,60d momentum Top2,601288.SH,0.5
2023-08-01,60d momentum Top2,601988.SH,0.5
2023-09-01,60d momentum Top2,601288.SH,0.5
2023-09-01,60d momentum Top2,601988.SH,0.5
2023-10-09,60d momentum Top2,601288.SH,0.5
2023-10-09,60d momentum Top2,601939.SH,0.5
2023-11-01,60d momentum Top2,601398.SH,0.5
2023-11-01,60d momentum Top2,601939.SH,0.5
2023-12-01,60d momentum Top2,601939.SH,0.5
2023-12-01,60d momentum Top2,601988.SH,0.5
2024-01-02,60d momentum Top2,601939.SH,0.5
2024-01-02,60d momentum Top2,601988.SH,0.5
2024-02-01,60d momentum Top2,601939.SH,0.5
2024-02-01,60d momentum Top2,601988.SH,0.5
2024-03-01,60d momentum Top2,601288.SH,0.5
2024-03-01,60d momentum Top2,601988.SH,0.5
2024-04-01,60d momentum Top2,601288.SH,0.5
2024-04-01,60d momentum Top2,601988.SH,0.5
2024-05-06,60d momentum Top2,601288.SH,0.5
2024-05-06,60d momentum Top2,601398.SH,0.5
2024-06-03,60d momentum Top2,601288.SH,0.5
2024-06-03,60d momentum Top2,601398.SH,0.5
2024-07-01,60d momentum Top2,601288.SH,0.5
2024-07-01,60d momentum Top2,601398.SH,0.5
2024-08-01,60d momentum Top2,601398.SH,0.5
2024-08-01,60d momentum Top2,601939.SH,0.5
2024-09-02,60d momentum Top2,601398.SH,0.5
2024-09-02,60d momentum Top2,601988.SH,0.5
2024-10-08,60d momentum Top2,601939.SH,0.5
2024-10-08,60d momentum Top2,601988.SH,0.5
2024-11-01,60d momentum Top2,601398.SH,0.5
2024-11-01,60d momentum Top2,601939.SH,0.5
2024-12-02,60d momentum Top2,601288.SH,0.5
2024-12-02,60d momentum Top2,601988.SH,0.5
2025-01-02,60d momentum Top2,601398.SH,0.5
2025-01-02,60d momentum Top2,601988.SH,0.5
2025-02-05,60d momentum Top2,601398.SH,0.5
2025-02-05,60d momentum Top2,601988.SH,0.5
2025-03-03,60d momentum Top2,601398.SH,0.5
2025-03-03,60d momentum Top2,601988.SH,0.5
2025-04-01,60d momentum Top2,601939.SH,0.5
2025-04-01,60d momentum Top2,601988.SH,0.5
2025-05-06,60d momentum Top2,601288.SH,0.5
2025-05-06,60d momentum Top2,601939.SH,0.5
2025-06-03,60d momentum Top2,601288.SH,0.5
2025-06-03,60d momentum Top2,601939.SH,0.5
2025-07-01,60d momentum Top2,601288.SH,0.5
2025-07-01,60d momentum Top2,601939.SH,0.5
2025-08-01,60d momentum Top2,601288.SH,0.5
2025-08-01,60d momentum Top2,601398.SH,0.5
2025-09-01,60d momentum Top2,601288.SH,0.5
2025-09-01,60d momentum Top2,601398.SH,0.5
2025-10-09,60d momentum Top2,601288.SH,0.5
2025-10-09,60d momentum Top2,601398.SH,0.5
2025-11-03,60d momentum Top2,601288.SH,0.5
2025-11-03,60d momentum Top2,601398.SH,0.5
2025-12-01,60d momentum Top2,601288.SH,0.5
2025-12-01,60d momentum Top2,601988.SH,0.5
2026-01-05,60d momentum Top2,601288.SH,0.5
2026-01-05,60d momentum Top2,601988.SH,0.5
2026-02-02,60d momentum Top2,601939.SH,0.5
2026-02-02,60d momentum Top2,601988.SH,0.5
2026-03-02,60d momentum Top2,601939.SH,0.5
2026-03-02,60d momentum Top2,601988.SH,0.5
2026-04-01,60d momentum Top2,601939.SH,0.5
2026-04-01,60d momentum Top2,601988.SH,0.5
2026-05-06,60d momentum Top2,601939.SH,0.5
2026-05-06,60d momentum Top2,601988.SH,0.5
2026-06-01,60d momentum Top2,601939.SH,0.5
2026-06-01,60d momentum Top2,601988.SH,0.5
2020-01-02,equal-weight hold,601288.SH,0.25
2020-01-02,equal-weight hold,601398.SH,0.25
2020-01-02,equal-weight hold,601939.SH,0.25
2020-01-02,equal-weight hold,601988.SH,0.25
