signal_date,execution_date,selected_top2_rank_order,previous_members,selected_members,member_set_changed,reallocate_on_execution,selected_scores,selected_daily_ranks
2020-01-02,2020-01-03,"['601288.SH', '601398.SH']",[],"['601288.SH', '601398.SH']",True,True,"{'601288.SH': 0.289881306, '601398.SH': 0.1672138119}","{'601288.SH': 1, '601398.SH': 2}"
2020-02-03,2020-02-04,"['601939.SH', '601398.SH']","['601288.SH', '601398.SH']","['601398.SH', '601939.SH']",True,True,"{'601939.SH': 0.003006735489, '601398.SH': -0.2063880038}","{'601939.SH': 1, '601398.SH': 2}"
2020-03-02,2020-03-03,"['601398.SH', '601939.SH']","['601398.SH', '601939.SH']","['601398.SH', '601939.SH']",False,False,"{'601398.SH': 0.4580269075, '601939.SH': 0.3959746779}","{'601398.SH': 1, '601939.SH': 2}"
2020-04-01,2020-04-02,"['601988.SH', '601398.SH']","['601398.SH', '601939.SH']","['601398.SH', '601988.SH']",True,True,"{'601988.SH': 0.2284721609, '601398.SH': 0.02992434181}","{'601988.SH': 1, '601398.SH': 2}"
2020-05-06,2020-05-07,"['601988.SH', '601398.SH']","['601398.SH', '601988.SH']","['601398.SH', '601988.SH']",False,False,"{'601988.SH': 0.214193693, '601398.SH': 0.1520964665}","{'601988.SH': 1, '601398.SH': 2}"
2020-06-01,2020-06-02,"['601988.SH', '601288.SH']","['601398.SH', '601988.SH']","['601288.SH', '601988.SH']",True,True,"{'601988.SH': 0.5070256426, '601288.SH': 0.2356770283}","{'601988.SH': 1, '601288.SH': 2}"
2020-07-01,2020-07-02,"['601398.SH', '601939.SH']","['601288.SH', '601988.SH']","['601398.SH', '601939.SH']",True,True,"{'601398.SH': 0.2932606006, '601939.SH': 0.2367471131}","{'601398.SH': 1, '601939.SH': 2}"
2020-08-03,2020-08-04,"['601398.SH', '601988.SH']","['601398.SH', '601939.SH']","['601398.SH', '601988.SH']",True,True,"{'601398.SH': 0.1066862811, '601988.SH': 0.02196584133}","{'601398.SH': 1, '601988.SH': 2}"
2020-09-01,2020-09-02,"['601939.SH', '601398.SH']","['601398.SH', '601988.SH']","['601398.SH', '601939.SH']",True,True,"{'601939.SH': 0.07037433343, '601398.SH': 0.004857475269}","{'601939.SH': 1, '601398.SH': 2}"
2020-10-09,2020-10-12,"['601939.SH', '601988.SH']","['601398.SH', '601939.SH']","['601939.SH', '601988.SH']",True,True,"{'601939.SH': -0.1942663299, '601988.SH': -0.4074483052}","{'601939.SH': 1, '601988.SH': 2}"
2020-11-02,2020-11-03,"['601939.SH', '601398.SH']","['601939.SH', '601988.SH']","['601398.SH', '601939.SH']",True,True,"{'601939.SH': -0.2215314409, '601398.SH': -0.3127276156}","{'601939.SH': 1, '601398.SH': 2}"
2020-12-01,2020-12-02,"['601988.SH', '601288.SH']","['601398.SH', '601939.SH']","['601288.SH', '601988.SH']",True,True,"{'601988.SH': 0.3729595214, '601288.SH': 0.1450563305}","{'601988.SH': 1, '601288.SH': 2}"
2021-01-04,2021-01-05,"['601988.SH', '601288.SH']","['601288.SH', '601988.SH']","['601288.SH', '601988.SH']",False,False,"{'601988.SH': 0.01444808339, '601288.SH': -0.1040590299}","{'601988.SH': 1, '601288.SH': 2}"
2021-02-01,2021-02-02,"['601398.SH', '601288.SH']","['601288.SH', '601988.SH']","['601288.SH', '601398.SH']",True,True,"{'601398.SH': 0.191161139, '601288.SH': 0.092851874}","{'601398.SH': 1, '601288.SH': 2}"
2021-03-01,2021-03-02,"['601288.SH', '601988.SH']","['601288.SH', '601398.SH']","['601288.SH', '601988.SH']",True,True,"{'601288.SH': 0.09012104499, '601988.SH': -0.1820569213}","{'601288.SH': 1, '601988.SH': 2}"
2021-04-01,2021-04-02,"['601288.SH', '601988.SH']","['601288.SH', '601988.SH']","['601288.SH', '601988.SH']",False,False,"{'601288.SH': 0.1355878795, '601988.SH': -0.06487168459}","{'601288.SH': 1, '601988.SH': 2}"
2021-05-06,2021-05-07,"['601288.SH', '601939.SH']","['601288.SH', '601988.SH']","['601288.SH', '601939.SH']",True,True,"{'601288.SH': 0.505035112, '601939.SH': 0.1603352086}","{'601288.SH': 1, '601939.SH': 2}"
2021-06-01,2021-06-02,"['601398.SH', '601939.SH']","['601288.SH', '601939.SH']","['601398.SH', '601939.SH']",True,True,"{'601398.SH': 0.4212640727, '601939.SH': 0.224485899}","{'601398.SH': 1, '601939.SH': 2}"
2021-07-01,2021-07-02,"['601398.SH', '601288.SH']","['601398.SH', '601939.SH']","['601288.SH', '601398.SH']",True,True,"{'601398.SH': -0.06172531167, '601288.SH': -0.06350956093}","{'601398.SH': 1, '601288.SH': 2}"
2021-08-02,2021-08-03,"['601939.SH', '601398.SH']","['601288.SH', '601398.SH']","['601398.SH', '601939.SH']",True,True,"{'601939.SH': 0.2859356109, '601398.SH': -0.1499650393}","{'601939.SH': 1, '601398.SH': 2}"
2021-09-01,2021-09-02,"['601988.SH', '601288.SH']","['601398.SH', '601939.SH']","['601288.SH', '601988.SH']",True,True,"{'601988.SH': 0.07495601829, '601288.SH': 0.02531264813}","{'601988.SH': 1, '601288.SH': 2}"
2021-10-08,2021-10-11,"['601398.SH', '601939.SH']","['601288.SH', '601988.SH']","['601398.SH', '601939.SH']",True,True,"{'601398.SH': 0.05866788567, '601939.SH': -0.05116421713}","{'601398.SH': 1, '601939.SH': 2}"
2021-11-01,2021-11-02,"['601988.SH', '601288.SH']","['601398.SH', '601939.SH']","['601288.SH', '601988.SH']",True,True,"{'601988.SH': -0.03253870703, '601288.SH': -0.1415671268}","{'601988.SH': 1, '601288.SH': 2}"
2021-12-01,2021-12-02,"['601988.SH', '601288.SH']","['601288.SH', '601988.SH']","['601288.SH', '601988.SH']",False,False,"{'601988.SH': 0.2168415727, '601288.SH': 0.01844497681}","{'601988.SH': 1, '601288.SH': 2}"
2022-01-04,2022-01-05,"['601288.SH', '601939.SH']","['601288.SH', '601988.SH']","['601288.SH', '601939.SH']",True,True,"{'601288.SH': 0.3056137455, '601939.SH': 0.1903889813}","{'601288.SH': 1, '601939.SH': 2}"
2022-02-07,2022-02-08,"['601988.SH', '601288.SH']","['601288.SH', '601939.SH']","['601288.SH', '601988.SH']",True,True,"{'601988.SH': 0.03146063147, '601288.SH': 0.003425553021}","{'601988.SH': 1, '601288.SH': 2}"
2022-03-01,2022-03-02,"['601398.SH', '601988.SH']","['601288.SH', '601988.SH']","['601398.SH', '601988.SH']",True,True,"{'601398.SH': 0.1182941511, '601988.SH': 0.1047414075}","{'601398.SH': 1, '601988.SH': 2}"
2022-04-01,2022-04-06,"['601988.SH', '601288.SH']","['601398.SH', '601988.SH']","['601288.SH', '601988.SH']",True,True,"{'601988.SH': 0.1747990929, '601288.SH': 0.1211113118}","{'601988.SH': 1, '601288.SH': 2}"
2022-05-05,2022-05-06,"['601988.SH', '601939.SH']","['601288.SH', '601988.SH']","['601939.SH', '601988.SH']",True,True,"{'601988.SH': 0.06317475022, '601939.SH': -0.1251636598}","{'601988.SH': 1, '601939.SH': 2}"
2022-06-01,2022-06-02,"['601288.SH', '601398.SH']","['601939.SH', '601988.SH']","['601288.SH', '601398.SH']",True,True,"{'601288.SH': -0.07023859828, '601398.SH': -0.07065972166}","{'601288.SH': 1, '601398.SH': 2}"
2022-07-01,2022-07-04,"['601988.SH', '601398.SH']","['601288.SH', '601398.SH']","['601398.SH', '601988.SH']",True,True,"{'601988.SH': 0.2020602107, '601398.SH': 0.04966789123}","{'601988.SH': 1, '601398.SH': 2}"
2022-08-01,2022-08-02,"['601398.SH', '601939.SH']","['601398.SH', '601988.SH']","['601398.SH', '601939.SH']",True,True,"{'601398.SH': 0.339562047, '601939.SH': 0.1660617328}","{'601398.SH': 1, '601939.SH': 2}"
2022-09-01,2022-09-02,"['601288.SH', '601398.SH']","['601398.SH', '601939.SH']","['601288.SH', '601398.SH']",True,True,"{'601288.SH': 0.1424855057, '601398.SH': 0.09201086263}","{'601288.SH': 1, '601398.SH': 2}"
2022-10-10,2022-10-11,"['601988.SH', '601939.SH']","['601288.SH', '601398.SH']","['601939.SH', '601988.SH']",True,True,"{'601988.SH': -0.2152810175, '601939.SH': -0.2350527207}","{'601988.SH': 1, '601939.SH': 2}"
2022-11-01,2022-11-02,"['601988.SH', '601288.SH']","['601939.SH', '601988.SH']","['601288.SH', '601988.SH']",True,True,"{'601988.SH': 0.1429042931, '601288.SH': -0.04680777504}","{'601988.SH': 1, '601288.SH': 2}"
2022-12-01,2022-12-02,"['601288.SH', '601398.SH']","['601288.SH', '601988.SH']","['601288.SH', '601398.SH']",True,True,"{'601288.SH': 0.2409649927, '601398.SH': 0.2034486032}","{'601288.SH': 1, '601398.SH': 2}"
2023-01-03,2023-01-04,"['601988.SH', '601288.SH']","['601288.SH', '601398.SH']","['601288.SH', '601988.SH']",True,True,"{'601988.SH': 0.2459274025, '601288.SH': 0.2050295344}","{'601988.SH': 1, '601288.SH': 2}"
2023-02-01,2023-02-02,"['601939.SH', '601988.SH']","['601288.SH', '601988.SH']","['601939.SH', '601988.SH']",True,True,"{'601939.SH': 0.290066783, '601988.SH': 0.1093072695}","{'601939.SH': 1, '601988.SH': 2}"
2023-03-01,2023-03-02,"['601398.SH', '601288.SH']","['601939.SH', '601988.SH']","['601288.SH', '601398.SH']",True,True,"{'601398.SH': 0.3136317843, '601288.SH': 0.2487474405}","{'601398.SH': 1, '601288.SH': 2}"
2023-04-03,2023-04-04,"['601988.SH', '601939.SH']","['601288.SH', '601398.SH']","['601939.SH', '601988.SH']",True,True,"{'601988.SH': 0.120607063, '601939.SH': 0.02522472519}","{'601988.SH': 1, '601939.SH': 2}"
2023-05-04,2023-05-05,"['601939.SH', '601988.SH']","['601939.SH', '601988.SH']","['601939.SH', '601988.SH']",False,False,"{'601939.SH': -0.06417719033, '601988.SH': -0.3571680271}","{'601939.SH': 1, '601988.SH': 2}"
2023-06-01,2023-06-02,"['601288.SH', '601988.SH']","['601939.SH', '601988.SH']","['601288.SH', '601988.SH']",True,True,"{'601288.SH': -0.1129087565, '601988.SH': -0.1306411592}","{'601288.SH': 1, '601988.SH': 2}"
2023-07-03,2023-07-04,"['601398.SH', '601988.SH']","['601288.SH', '601988.SH']","['601398.SH', '601988.SH']",True,True,"{'601398.SH': 0.1634830659, '601988.SH': 0.04894195111}","{'601398.SH': 1, '601988.SH': 2}"
2023-08-01,2023-08-02,"['601398.SH', '601988.SH']","['601398.SH', '601988.SH']","['601398.SH', '601988.SH']",False,False,"{'601398.SH': 0.2565197073, '601988.SH': 0.03196586795}","{'601398.SH': 1, '601988.SH': 2}"
2023-09-01,2023-09-04,"['601288.SH', '601988.SH']","['601398.SH', '601988.SH']","['601288.SH', '601988.SH']",True,True,"{'601288.SH': 0.1025518017, '601988.SH': 0.0984830076}","{'601288.SH': 1, '601988.SH': 2}"
2023-10-09,2023-10-10,"['601288.SH', '601398.SH']","['601288.SH', '601988.SH']","['601288.SH', '601398.SH']",True,True,"{'601288.SH': 0.04438106637, '601398.SH': -0.04327335215}","{'601288.SH': 1, '601398.SH': 2}"
2023-11-01,2023-11-02,"['601288.SH', '601939.SH']","['601288.SH', '601398.SH']","['601288.SH', '601939.SH']",True,True,"{'601288.SH': 0.1213868945, '601939.SH': -0.01603637955}","{'601288.SH': 1, '601939.SH': 2}"
2023-12-01,2023-12-04,"['601288.SH', '601398.SH']","['601288.SH', '601939.SH']","['601288.SH', '601398.SH']",True,True,"{'601288.SH': 0.1002668775, '601398.SH': -0.2208169729}","{'601288.SH': 1, '601398.SH': 2}"
2024-01-02,2024-01-03,"['601288.SH', '601398.SH']","['601288.SH', '601398.SH']","['601288.SH', '601398.SH']",False,False,"{'601288.SH': 0.1448454211, '601398.SH': -0.03906439443}","{'601288.SH': 1, '601398.SH': 2}"
2024-02-01,2024-02-02,"['601939.SH', '601988.SH']","['601288.SH', '601398.SH']","['601939.SH', '601988.SH']",True,True,"{'601939.SH': -0.2163937396, '601988.SH': -0.2726738687}","{'601939.SH': 1, '601988.SH': 2}"
2024-03-01,2024-03-04,"['601939.SH', '601288.SH']","['601939.SH', '601988.SH']","['601288.SH', '601939.SH']",True,True,"{'601939.SH': 0.04439635582, '601288.SH': -0.1909075586}","{'601939.SH': 1, '601288.SH': 2}"
2024-04-01,2024-04-02,"['601288.SH', '601398.SH']","['601288.SH', '601939.SH']","['601288.SH', '601398.SH']",True,True,"{'601288.SH': 0.2242065567, '601398.SH': -0.08334005686}","{'601288.SH': 1, '601398.SH': 2}"
2024-05-06,2024-05-07,"['601288.SH', '601398.SH']","['601288.SH', '601398.SH']","['601288.SH', '601398.SH']",False,False,"{'601288.SH': 0.1175354032, '601398.SH': 0.03557106388}","{'601288.SH': 1, '601398.SH': 2}"
2024-06-03,2024-06-04,"['601288.SH', '601988.SH']","['601288.SH', '601398.SH']","['601288.SH', '601988.SH']",True,True,"{'601288.SH': -0.1459447276, '601988.SH': -0.2022889699}","{'601288.SH': 1, '601988.SH': 2}"
2024-07-01,2024-07-02,"['601988.SH', '601288.SH']","['601288.SH', '601988.SH']","['601288.SH', '601988.SH']",False,False,"{'601988.SH': -0.3680240556, '601288.SH': -0.4603137175}","{'601988.SH': 1, '601288.SH': 2}"
2024-08-01,2024-08-02,"['601288.SH', '601988.SH']","['601288.SH', '601988.SH']","['601288.SH', '601988.SH']",False,False,"{'601288.SH': -0.1131318996, '601988.SH': -0.2286012404}","{'601288.SH': 1, '601988.SH': 2}"
2024-09-02,2024-09-03,"['601398.SH', '601288.SH']","['601288.SH', '601988.SH']","['601288.SH', '601398.SH']",True,True,"{'601398.SH': -0.08682662132, '601288.SH': -0.2761110653}","{'601398.SH': 1, '601288.SH': 2}"
2024-10-08,2024-10-09,"['601288.SH', '601398.SH']","['601288.SH', '601398.SH']","['601288.SH', '601398.SH']",False,False,"{'601288.SH': 0.4369013685, '601398.SH': 0.3209661751}","{'601288.SH': 1, '601398.SH': 2}"
2024-11-01,2024-11-04,"['601988.SH', '601288.SH']","['601288.SH', '601398.SH']","['601288.SH', '601988.SH']",True,True,"{'601988.SH': 0.01781129457, '601288.SH': -0.04967803996}","{'601988.SH': 1, '601288.SH': 2}"
2024-12-02,2024-12-03,"['601398.SH', '601939.SH']","['601288.SH', '601988.SH']","['601398.SH', '601939.SH']",True,True,"{'601398.SH': 0.2471402375, '601939.SH': 0.1418880056}","{'601398.SH': 1, '601939.SH': 2}"
2025-01-02,2025-01-03,"['601939.SH', '601398.SH']","['601398.SH', '601939.SH']","['601398.SH', '601939.SH']",False,False,"{'601939.SH': 0.07238402294, '601398.SH': 0.01366639075}","{'601939.SH': 1, '601398.SH': 2}"
2025-02-05,2025-02-06,"['601288.SH', '601988.SH']","['601398.SH', '601939.SH']","['601288.SH', '601988.SH']",True,True,"{'601288.SH': 0.0938605494, '601988.SH': 0.0391271686}","{'601288.SH': 1, '601988.SH': 2}"
2025-03-03,2025-03-04,"['601939.SH', '601288.SH']","['601288.SH', '601988.SH']","['601288.SH', '601939.SH']",True,True,"{'601939.SH': 0.1366690834, '601288.SH': 0.03531706103}","{'601939.SH': 1, '601288.SH': 2}"
2025-04-01,2025-04-02,"['601288.SH', '601398.SH']","['601288.SH', '601939.SH']","['601288.SH', '601398.SH']",True,True,"{'601288.SH': 0.0432356799, '601398.SH': 0.03874488061}","{'601288.SH': 1, '601398.SH': 2}"
2025-05-06,2025-05-07,"['601988.SH', '601939.SH']","['601288.SH', '601398.SH']","['601939.SH', '601988.SH']",True,True,"{'601988.SH': -0.04542966406, '601939.SH': -0.1202750597}","{'601988.SH': 1, '601939.SH': 2}"
2025-06-03,2025-06-04,"['601939.SH', '601988.SH']","['601939.SH', '601988.SH']","['601939.SH', '601988.SH']",False,False,"{'601939.SH': 0.2455474366, '601988.SH': 0.1861268847}","{'601939.SH': 1, '601988.SH': 2}"
2025-07-01,2025-07-02,"['601288.SH', '601398.SH']","['601939.SH', '601988.SH']","['601288.SH', '601398.SH']",True,True,"{'601288.SH': 0.05325597577, '601398.SH': -0.1041530999}","{'601288.SH': 1, '601398.SH': 2}"
2025-08-01,2025-08-04,"['601988.SH', '601288.SH']","['601288.SH', '601398.SH']","['601288.SH', '601988.SH']",True,True,"{'601988.SH': 0.001123766858, '601288.SH': -0.06345459955}","{'601988.SH': 1, '601288.SH': 2}"
2025-09-01,2025-09-02,"['601939.SH', '601988.SH']","['601288.SH', '601988.SH']","['601939.SH', '601988.SH']",True,True,"{'601939.SH': -0.05257001739, '601988.SH': -0.1556658546}","{'601939.SH': 1, '601988.SH': 2}"
2025-10-09,2025-10-10,"['601288.SH', '601398.SH']","['601939.SH', '601988.SH']","['601288.SH', '601398.SH']",True,True,"{'601288.SH': 0.02893995358, '601398.SH': -0.07481556248}","{'601288.SH': 1, '601398.SH': 2}"
2025-11-03,2025-11-04,"['601398.SH', '601288.SH']","['601288.SH', '601398.SH']","['601288.SH', '601398.SH']",False,False,"{'601398.SH': 0.07918609509, '601288.SH': -0.05561055344}","{'601398.SH': 1, '601288.SH': 2}"
2025-12-01,2025-12-02,"['601288.SH', '601398.SH']","['601288.SH', '601398.SH']","['601288.SH', '601398.SH']",False,False,"{'601288.SH': 0.2979630612, '601398.SH': 0.06035333949}","{'601288.SH': 1, '601398.SH': 2}"
2026-01-05,2026-01-06,"['601288.SH', '601398.SH']","['601288.SH', '601398.SH']","['601288.SH', '601398.SH']",False,False,"{'601288.SH': 0.09500750516, '601398.SH': 0.009666243268}","{'601288.SH': 1, '601398.SH': 2}"
2026-02-02,2026-02-03,"['601288.SH', '601939.SH']","['601288.SH', '601398.SH']","['601288.SH', '601939.SH']",True,True,"{'601288.SH': 0.3575516258, '601939.SH': 0.0656818784}","{'601288.SH': 1, '601939.SH': 2}"
2026-03-02,2026-03-03,"['601288.SH', '601398.SH']","['601288.SH', '601939.SH']","['601288.SH', '601398.SH']",True,True,"{'601288.SH': 0.4986510877, '601398.SH': 0.1383255955}","{'601288.SH': 1, '601398.SH': 2}"
2026-04-01,2026-04-02,"['601288.SH', '601939.SH']","['601288.SH', '601398.SH']","['601288.SH', '601939.SH']",True,True,"{'601288.SH': -0.1118519079, '601939.SH': -0.1853787861}","{'601288.SH': 1, '601939.SH': 2}"
2026-05-06,2026-05-07,"['601398.SH', '601288.SH']","['601288.SH', '601939.SH']","['601288.SH', '601398.SH']",True,True,"{'601398.SH': -0.05390411193, '601288.SH': -0.06401888721}","{'601398.SH': 1, '601288.SH': 2}"
2026-06-01,2026-06-02,"['601288.SH', '601988.SH']","['601288.SH', '601398.SH']","['601288.SH', '601988.SH']",True,True,"{'601288.SH': 0.03016626939, '601988.SH': -0.0681244851}","{'601288.SH': 1, '601988.SH': 2}"
