trade_date,strategy,stock_code,side,shares,open,fill,notional,fee,slippage_cost,reason,zero_target,full_zero_target_exit_complete,odd_lot_full_exit,shares_remaining_after_trade
2020-01-03,V20 LambdaRank change-only Top2,601288.SH,buy,13300,3.74,3.741122,49756.9226,12.93679988,14.9226,member_change_rebalance,False,False,False,13300
2020-01-03,V20 LambdaRank change-only Top2,601398.SH,buy,8300,5.97,5.971791,49565.8653,12.88712498,14.8653,member_change_rebalance,False,False,False,8300
2020-02-04,V20 LambdaRank change-only Top2,601288.SH,sell,13300,3.35,3.348995,44541.6335,33.85164146,13.3665,member_change_zero_target_exit,True,True,False,0
2020-02-04,V20 LambdaRank change-only Top2,601939.SH,buy,6900,6.43,6.431929,44380.3101,11.53888063,13.3101,member_change_rebalance,False,False,False,6900
2020-04-02,V20 LambdaRank change-only Top2,601939.SH,sell,6900,6.35,6.348095,43801.8555,33.28941018,13.1445,member_change_zero_target_exit,True,True,False,0
2020-04-02,V20 LambdaRank change-only Top2,601398.SH,buy,100,5.14,5.141542,514.1542,5.005141542,0.1542,member_change_rebalance,False,False,False,8400
2020-04-02,V20 LambdaRank change-only Top2,601988.SH,buy,12500,3.47,3.471041,43388.0125,11.28088325,13.0125,member_change_rebalance,False,False,False,12500
2020-06-02,V20 LambdaRank change-only Top2,601398.SH,sell,8400,5.15,5.148455,43247.022,32.86773672,12.978,member_change_zero_target_exit,True,True,False,0
2020-06-02,V20 LambdaRank change-only Top2,601288.SH,buy,12700,3.42,3.421026,43447.0302,11.29622785,13.0302,member_change_rebalance,False,False,False,12700
2020-07-02,V20 LambdaRank change-only Top2,601288.SH,sell,12700,3.39,3.388983,43040.0841,32.71046392,12.9159,member_change_zero_target_exit,True,True,False,0
2020-07-02,V20 LambdaRank change-only Top2,601988.SH,sell,12500,3.51,3.508947,43861.8375,33.3349965,13.1625,member_change_zero_target_exit,True,True,False,0
2020-07-02,V20 LambdaRank change-only Top2,601398.SH,buy,8700,4.98,4.981494,43338.9978,11.26813943,12.9978,member_change_rebalance,False,False,False,8700
2020-07-02,V20 LambdaRank change-only Top2,601939.SH,buy,6800,6.36,6.361908,43260.9744,11.24785334,12.9744,member_change_rebalance,False,False,False,6800
2020-08-04,V20 LambdaRank change-only Top2,601939.SH,sell,7117.433373,6.16,6.158152,43830.23656,33.31097979,13.15301687,member_change_zero_target_exit,True,True,True,0
2020-08-04,V20 LambdaRank change-only Top2,601398.SH,buy,100,4.99,4.991497,499.1497,5.004991497,0.1497,member_change_rebalance,False,False,False,8800
2020-08-04,V20 LambdaRank change-only Top2,601988.SH,buy,13000,3.35,3.351005,43563.065,11.3263969,13.065,member_change_rebalance,False,False,False,13000
2020-09-02,V20 LambdaRank change-only Top2,601398.SH,sell,8800,4.96,4.958512,43634.9056,33.16252826,13.0944,member_change_rebalance,False,False,False,0
2020-09-02,V20 LambdaRank change-only Top2,601988.SH,sell,13000,3.25,3.249025,42237.325,32.100367,12.675,member_change_zero_target_exit,True,True,False,0
2020-09-02,V20 LambdaRank change-only Top2,601398.SH,buy,8600,4.96,4.961488,42668.7968,11.09388717,12.7968,member_change_rebalance,False,False,False,8600
2020-09-02,V20 LambdaRank change-only Top2,601939.SH,buy,6900,6.18,6.181854,42654.7926,11.09024608,12.7926,member_change_rebalance,False,False,False,6900
2020-10-12,V20 LambdaRank change-only Top2,601398.SH,sell,8600,4.92,4.918524,42299.3064,32.14747286,12.6936,member_change_zero_target_exit,True,True,False,0
2020-10-12,V20 LambdaRank change-only Top2,601988.SH,buy,13200,3.21,3.210963,42384.7116,11.02002502,12.7116,member_change_rebalance,False,False,False,13200
2020-11-03,V20 LambdaRank change-only Top2,601988.SH,sell,13200,3.19,3.189043,42095.3676,31.99247938,12.6324,member_change_zero_target_exit,True,True,False,0
2020-11-03,V20 LambdaRank change-only Top2,601398.SH,buy,8600,4.95,4.951485,42582.771,11.07152046,12.771,member_change_rebalance,False,False,False,8600
2020-12-02,V20 LambdaRank change-only Top2,601398.SH,sell,8600,5.44,5.438368,46769.9648,35.54517325,14.0352,member_change_zero_target_exit,True,True,False,0
2020-12-02,V20 LambdaRank change-only Top2,601939.SH,sell,6900,7.29,7.287813,50285.9097,38.21729137,15.0903,member_change_zero_target_exit,True,True,False,0
2020-12-02,V20 LambdaRank change-only Top2,601288.SH,buy,14400,3.36,3.361008,48398.5152,12.58361395,14.5152,member_change_rebalance,False,False,False,14400
2020-12-02,V20 LambdaRank change-only Top2,601988.SH,buy,14400,3.36,3.361008,48398.5152,12.58361395,14.5152,member_change_rebalance,False,False,False,14400
2021-02-02,V20 LambdaRank change-only Top2,601988.SH,sell,14400.75595,3.18,3.179046,45780.66558,34.79330584,13.73832117,member_change_zero_target_exit,True,True,True,0
2021-02-02,V20 LambdaRank change-only Top2,601398.SH,buy,8900,5.14,5.141542,45759.7238,11.89752819,13.7238,member_change_rebalance,False,False,False,8900
2021-03-02,V20 LambdaRank change-only Top2,601398.SH,sell,8900,5.35,5.348395,47600.7155,36.17654378,14.2845,member_change_zero_target_exit,True,True,False,0
2021-03-02,V20 LambdaRank change-only Top2,601288.SH,buy,100,3.26,3.260978,326.0978,5.003260978,0.0978,member_change_rebalance,False,False,False,14500
2021-03-02,V20 LambdaRank change-only Top2,601988.SH,buy,14600,3.24,3.240972,47318.1912,12.30272971,14.1912,member_change_rebalance,False,False,False,14600
2021-05-07,V20 LambdaRank change-only Top2,601988.SH,sell,14600,3.25,3.249025,47435.765,36.0511814,14.235,member_change_zero_target_exit,True,True,False,0
2021-05-07,V20 LambdaRank change-only Top2,601288.SH,buy,100,3.21,3.210963,321.0963,5.003210963,0.0963,member_change_rebalance,False,False,False,14600
2021-05-07,V20 LambdaRank change-only Top2,601939.SH,buy,6900,6.75,6.752025,46588.9725,12.11313285,13.9725,member_change_rebalance,False,False,False,6900
2021-06-02,V20 LambdaRank change-only Top2,601288.SH,sell,14600,3.25,3.249025,47435.765,36.0511814,14.235,member_change_zero_target_exit,True,True,False,0
2021-06-02,V20 LambdaRank change-only Top2,601398.SH,buy,9200,5.18,5.181554,47670.2968,12.39427717,14.2968,member_change_rebalance,False,False,False,9200
2021-07-02,V20 LambdaRank change-only Top2,601398.SH,sell,9200,5.21,5.208437,47917.6204,36.4173915,14.3796,member_change_rebalance,False,False,False,0
2021-07-02,V20 LambdaRank change-only Top2,601939.SH,sell,6900,6.7,6.69799,46216.131,35.12425956,13.869,member_change_zero_target_exit,True,True,False,0
2021-07-02,V20 LambdaRank change-only Top2,601288.SH,buy,15500,3.04,3.040912,47134.136,12.25487536,14.136,member_change_rebalance,False,False,False,15500
2021-07-02,V20 LambdaRank change-only Top2,601398.SH,buy,9000,5.21,5.211563,46904.067,12.19505742,14.067,member_change_rebalance,False,False,False,9000
2021-08-03,V20 LambdaRank change-only Top2,601288.SH,sell,15500,2.93,2.929121,45401.3755,34.50504538,13.6245,member_change_zero_target_exit,True,True,False,0
2021-08-03,V20 LambdaRank change-only Top2,601398.SH,buy,200,4.59,4.591377,918.2754,5.009182754,0.2754,member_change_rebalance,False,False,False,9691.17175
2021-08-03,V20 LambdaRank change-only Top2,601939.SH,buy,7700,5.78,5.781734,44519.3518,11.57503147,13.3518,member_change_rebalance,False,False,False,7700
2021-09-02,V20 LambdaRank change-only Top2,601398.SH,sell,9691.17175,4.68,4.678596,45341.07738,34.45921881,13.60640514,member_change_zero_target_exit,True,True,True,0
2021-09-02,V20 LambdaRank change-only Top2,601939.SH,sell,7700,5.94,5.938218,45724.2786,34.75045174,13.7214,member_change_zero_target_exit,True,True,False,0
2021-09-02,V20 LambdaRank change-only Top2,601288.SH,buy,15300,2.98,2.980894,45607.6782,11.85799633,13.6782,member_change_rebalance,False,False,False,15300
2021-09-02,V20 LambdaRank change-only Top2,601988.SH,buy,14900,3.05,3.050915,45458.6335,11.81924471,13.6335,member_change_rebalance,False,False,False,14900
2021-10-11,V20 LambdaRank change-only Top2,601288.SH,sell,15300,2.96,2.959112,45274.4136,34.40855434,13.5864,member_change_zero_target_exit,True,True,False,0
2021-10-11,V20 LambdaRank change-only Top2,601988.SH,sell,14900,3.08,3.079076,45878.2324,34.86745662,13.7676,member_change_zero_target_exit,True,True,False,0
2021-10-11,V20 LambdaRank change-only Top2,601398.SH,buy,9600,4.72,4.721416,45325.5936,11.78465434,13.5936,member_change_rebalance,False,False,False,9600
2021-10-11,V20 LambdaRank change-only Top2,601939.SH,buy,7500,6.04,6.041812,45313.59,11.7815334,13.59,member_change_rebalance,False,False,False,7500
2021-11-02,V20 LambdaRank change-only Top2,601398.SH,sell,9600,4.73,4.728581,45394.3776,34.49972698,13.6224,member_change_zero_target_exit,True,True,False,0
2021-11-02,V20 LambdaRank change-only Top2,601939.SH,sell,7500,5.98,5.978206,44836.545,34.0757742,13.455,member_change_zero_target_exit,True,True,False,0
2021-11-02,V20 LambdaRank change-only Top2,601288.SH,buy,15300,2.96,2.960888,45301.5864,11.77841246,13.5864,member_change_rebalance,False,False,False,15300
2021-11-02,V20 LambdaRank change-only Top2,601988.SH,buy,14700,3.07,3.070921,45142.5387,11.73706006,13.5387,member_change_rebalance,False,False,False,14700
2022-01-05,V20 LambdaRank change-only Top2,601988.SH,sell,14700,3.07,3.069079,45115.4613,34.28775059,13.5387,member_change_zero_target_exit,True,True,False,0
2022-01-05,V20 LambdaRank change-only Top2,601939.SH,buy,7600,5.91,5.911773,44929.4748,11.68166345,13.4748,member_change_rebalance,False,False,False,7600
2022-02-08,V20 LambdaRank change-only Top2,601939.SH,sell,7600,6.13,6.128161,46574.0236,35.39625794,13.9764,member_change_zero_target_exit,True,True,False,0
2022-02-08,V20 LambdaRank change-only Top2,601288.SH,buy,100,3,3.0009,300.09,5.0030009,0.09,member_change_rebalance,False,False,False,15400
2022-02-08,V20 LambdaRank change-only Top2,601988.SH,buy,14800,3.12,3.120936,46189.8528,12.00936173,13.8528,member_change_rebalance,False,False,False,14800
2022-03-02,V20 LambdaRank change-only Top2,601288.SH,sell,15400,2.99,2.989103,46032.1862,34.98446151,13.8138,member_change_zero_target_exit,True,True,False,0
2022-03-02,V20 LambdaRank change-only Top2,601398.SH,buy,9900,4.67,4.671401,46246.8699,12.02418617,13.8699,member_change_rebalance,False,False,False,9900
2022-04-06,V20 LambdaRank change-only Top2,601398.SH,sell,9900,4.78,4.778566,47307.8034,35.95393058,14.1966,member_change_zero_target_exit,True,True,False,0
2022-04-06,V20 LambdaRank change-only Top2,601988.SH,sell,14800,3.28,3.279016,48529.4368,36.88237197,14.5632,member_change_rebalance,False,False,False,0
2022-04-06,V20 LambdaRank change-only Top2,601288.SH,buy,15600,3.07,3.070921,47906.3676,12.45565558,14.3676,member_change_rebalance,False,False,False,15600
2022-04-06,V20 LambdaRank change-only Top2,601988.SH,buy,14600,3.28,3.280984,47902.3664,12.45461526,14.3664,member_change_rebalance,False,False,False,14600
2022-05-06,V20 LambdaRank change-only Top2,601288.SH,sell,15600,3.07,3.069079,47877.6324,36.38700062,14.3676,member_change_zero_target_exit,True,True,False,0
2022-05-06,V20 LambdaRank change-only Top2,601939.SH,buy,7800,6.02,6.021806,46970.0868,12.21222257,14.0868,member_change_rebalance,False,False,False,7800
2022-05-06,V20 LambdaRank change-only Top2,601988.SH,buy,100,3.21,3.210963,321.0963,5.003210963,0.0963,member_change_rebalance,False,False,False,14700
2022-06-02,V20 LambdaRank change-only Top2,601939.SH,sell,7800,5.97,5.968209,46552.0302,35.37954295,13.9698,member_change_zero_target_exit,True,True,False,0
2022-06-02,V20 LambdaRank change-only Top2,601988.SH,sell,14700,3.19,3.189043,46878.9321,35.6279884,14.0679,member_change_zero_target_exit,True,True,False,0
2022-06-02,V20 LambdaRank change-only Top2,601288.SH,buy,15600,3.01,3.010903,46970.0868,12.21222257,14.0868,member_change_rebalance,False,False,False,15600
2022-06-02,V20 LambdaRank change-only Top2,601398.SH,buy,10100,4.64,4.641392,46878.0592,12.18829539,14.0592,member_change_rebalance,False,False,False,10100
2022-07-04,V20 LambdaRank change-only Top2,601288.SH,sell,15600,3.01,3.009097,46941.9132,35.67585403,14.0868,member_change_zero_target_exit,True,True,False,0
2022-07-04,V20 LambdaRank change-only Top2,601398.SH,sell,10100,4.77,4.768569,48162.5469,36.60353564,14.4531,member_change_rebalance,False,False,False,0
2022-07-04,V20 LambdaRank change-only Top2,601398.SH,buy,9900,4.77,4.771431,47237.1669,12.28166339,14.1669,member_change_rebalance,False,False,False,9900
2022-07-04,V20 LambdaRank change-only Top2,601988.SH,buy,14500,3.27,3.270981,47429.2245,12.33159837,14.2245,member_change_rebalance,False,False,False,14500
2022-08-02,V20 LambdaRank change-only Top2,601988.SH,sell,15559.94571,3.04,3.039088,47288.04428,35.93891365,14.19067048,member_change_zero_target_exit,True,True,True,0
2022-08-02,V20 LambdaRank change-only Top2,601398.SH,buy,200,4.36,4.361308,872.2616,5.008722616,0.2616,member_change_rebalance,False,False,False,10737.89954
2022-08-02,V20 LambdaRank change-only Top2,601939.SH,buy,8400,5.53,5.531659,46465.9356,12.08114326,13.9356,member_change_rebalance,False,False,False,8400
2022-09-02,V20 LambdaRank change-only Top2,601939.SH,sell,8400,5.49,5.488353,46102.1652,35.03764555,13.8348,member_change_zero_target_exit,True,True,False,0
2022-09-02,V20 LambdaRank change-only Top2,601288.SH,buy,16300,2.84,2.840852,46305.8876,12.03953078,13.8876,member_change_rebalance,False,False,False,16300
2022-10-11,V20 LambdaRank change-only Top2,601288.SH,sell,16300,2.87,2.869139,46766.9657,35.54289393,14.0343,member_change_zero_target_exit,True,True,False,0
2022-10-11,V20 LambdaRank change-only Top2,601398.SH,sell,10737.89954,4.36,4.358692,46803.19684,35.5704296,14.0451726,member_change_zero_target_exit,True,True,True,0
2022-10-11,V20 LambdaRank change-only Top2,601939.SH,buy,8400,5.52,5.521656,46381.9104,12.0592967,13.9104,member_change_rebalance,False,False,False,8400
2022-10-11,V20 LambdaRank change-only Top2,601988.SH,buy,15200,3.07,3.070921,46677.9992,12.13627979,13.9992,member_change_rebalance,False,False,False,15200
2022-11-02,V20 LambdaRank change-only Top2,601939.SH,sell,8400,5.26,5.258422,44170.7448,33.56976605,13.2552,member_change_zero_target_exit,True,True,False,0
2022-11-02,V20 LambdaRank change-only Top2,601988.SH,sell,15200,3.01,3.009097,45738.2744,34.76108854,13.7256,member_change_rebalance,False,False,False,0
2022-11-02,V20 LambdaRank change-only Top2,601288.SH,buy,16600,2.72,2.720816,45165.5456,11.74304186,13.5456,member_change_rebalance,False,False,False,16600
2022-11-02,V20 LambdaRank change-only Top2,601988.SH,buy,15000,3.01,3.010903,45163.545,11.7425217,13.545,member_change_rebalance,False,False,False,15000
2022-12-02,V20 LambdaRank change-only Top2,601288.SH,sell,16600,2.86,2.859142,47461.7572,36.07093547,14.2428,member_change_rebalance,False,False,False,0
2022-12-02,V20 LambdaRank change-only Top2,601988.SH,sell,15000,3.11,3.109067,46636.005,35.4433638,13.995,member_change_zero_target_exit,True,True,False,0
2022-12-02,V20 LambdaRank change-only Top2,601288.SH,buy,16400,2.86,2.860858,46918.0712,12.19869851,14.0712,member_change_rebalance,False,False,False,16400
2022-12-02,V20 LambdaRank change-only Top2,601398.SH,buy,11000,4.25,4.251275,46764.025,12.1586465,14.025,member_change_rebalance,False,False,False,11000
2023-01-04,V20 LambdaRank change-only Top2,601398.SH,sell,11000,4.32,4.318704,47505.744,36.10436544,14.256,member_change_zero_target_exit,True,True,False,0
2023-01-04,V20 LambdaRank change-only Top2,601988.SH,buy,15000,3.16,3.160948,47414.22,12.3276972,14.22,member_change_rebalance,False,False,False,15000
2023-02-02,V20 LambdaRank change-only Top2,601288.SH,sell,16400,2.92,2.919124,47873.6336,36.38396154,14.3664,member_change_zero_target_exit,True,True,False,0
2023-02-02,V20 LambdaRank change-only Top2,601939.SH,buy,8500,5.62,5.621686,47784.331,12.42392606,14.331,member_change_rebalance,False,False,False,8500
2023-03-02,V20 LambdaRank change-only Top2,601939.SH,sell,8500,5.63,5.628311,47840.6435,36.35888906,14.3565,member_change_zero_target_exit,True,True,False,0
2023-03-02,V20 LambdaRank change-only Top2,601988.SH,sell,15000,3.24,3.239028,48585.42,36.9249192,14.58,member_change_zero_target_exit,True,True,False,0
2023-03-02,V20 LambdaRank change-only Top2,601288.SH,buy,16500,2.93,2.930879,48359.5035,12.57347091,14.5035,member_change_rebalance,False,False,False,16500
2023-03-02,V20 LambdaRank change-only Top2,601398.SH,buy,11200,4.3,4.30129,48174.448,12.52535648,14.448,member_change_rebalance,False,False,False,11200
2023-04-04,V20 LambdaRank change-only Top2,601288.SH,sell,16500,3.1,3.09907,51134.655,38.8623378,15.345,member_change_zero_target_exit,True,True,False,0
2023-04-04,V20 LambdaRank change-only Top2,601398.SH,sell,11200,4.45,4.448665,49825.048,37.86703648,14.952,member_change_zero_target_exit,True,True,False,0
2023-04-04,V20 LambdaRank change-only Top2,601939.SH,buy,8500,5.95,5.951785,50590.1725,13.15344485,15.1725,member_change_rebalance,False,False,False,8500
2023-04-04,V20 LambdaRank change-only Top2,601988.SH,buy,14900,3.37,3.371011,50228.0639,13.05929661,15.0639,member_change_rebalance,False,False,False,14900
2023-06-02,V20 LambdaRank change-only Top2,601939.SH,sell,8501.63887,6.36,6.358092,54054.20209,41.08119359,16.22112696,member_change_zero_target_exit,True,True,True,0
2023-06-02,V20 LambdaRank change-only Top2,601988.SH,sell,14800,3.91,3.908827,57850.6396,43.9664861,17.3604,member_change_rebalance,False,False,False,99.31465894
2023-06-02,V20 LambdaRank change-only Top2,601288.SH,buy,16200,3.46,3.461038,56068.8156,14.57789206,16.8156,member_change_rebalance,False,False,False,16200
2023-06-02,V20 LambdaRank change-only Top2,601988.SH,buy,14200,3.91,3.911173,55538.6566,14.44005072,16.6566,member_change_rebalance,False,False,False,14299.31466
2023-07-04,V20 LambdaRank change-only Top2,601288.SH,sell,16200,3.62,3.618914,58626.4068,44.55606917,17.5932,member_change_zero_target_exit,True,True,False,0
2023-07-04,V20 LambdaRank change-only Top2,601398.SH,buy,11900,4.87,4.871461,57970.3859,15.07230033,17.3859,member_change_rebalance,False,False,False,11900
2023-07-04,V20 LambdaRank change-only Top2,601988.SH,buy,200,3.98,3.981194,796.2388,5.007962388,0.2388,member_change_rebalance,False,False,False,14499.31466
2023-09-04,V20 LambdaRank change-only Top2,601398.SH,sell,12682.74547,4.58,4.578626,58069.54817,44.13285661,17.42609228,member_change_zero_target_exit,True,True,True,0
2023-09-04,V20 LambdaRank change-only Top2,601288.SH,buy,16700,3.45,3.451035,57632.2845,14.98439397,17.2845,member_change_rebalance,False,False,False,16700
2023-09-04,V20 LambdaRank change-only Top2,601988.SH,buy,100,3.72,3.721116,372.1116,5.003721116,0.1116,member_change_rebalance,False,False,False,15486.34725
2023-10-10,V20 LambdaRank change-only Top2,601288.SH,sell,16700,3.6,3.59892,60101.964,45.67749264,18.036,member_change_rebalance,False,False,False,0
2023-10-10,V20 LambdaRank change-only Top2,601988.SH,sell,15486.34725,3.76,3.758872,58211.19705,44.24050976,17.4685997,member_change_zero_target_exit,True,True,True,0
2023-10-10,V20 LambdaRank change-only Top2,601288.SH,buy,16400,3.6,3.60108,59057.712,15.35500512,17.712,member_change_rebalance,False,False,False,16400
2023-10-10,V20 LambdaRank change-only Top2,601398.SH,buy,12600,4.69,4.691407,59111.7282,15.36904933,17.7282,member_change_rebalance,False,False,False,12600
2023-11-02,V20 LambdaRank change-only Top2,601398.SH,sell,12600,4.78,4.778566,60209.9316,45.75954802,18.0684,member_change_zero_target_exit,True,True,False,0
2023-11-02,V20 LambdaRank change-only Top2,601288.SH,buy,100,3.63,3.631089,363.1089,5.003631089,0.1089,member_change_rebalance,False,False,False,16500
2023-11-02,V20 LambdaRank change-only Top2,601939.SH,buy,9500,6.28,6.281884,59677.898,15.51625348,17.898,member_change_rebalance,False,False,False,9500
2023-12-04,V20 LambdaRank change-only Top2,601939.SH,sell,9500,6.38,6.378086,60591.817,46.04978092,18.183,member_change_zero_target_exit,True,True,False,0
2023-12-04,V20 LambdaRank change-only Top2,601398.SH,buy,12600,4.81,4.811443,60624.1818,15.76228727,18.1818,member_change_rebalance,False,False,False,12600
2024-02-02,V20 LambdaRank change-only Top2,601288.SH,sell,16500,3.89,3.888833,64165.7445,48.76596582,19.2555,member_change_zero_target_exit,True,True,False,0
2024-02-02,V20 LambdaRank change-only Top2,601398.SH,sell,12600,5.14,5.138458,64744.5708,49.20587381,19.4292,member_change_zero_target_exit,True,True,False,0
2024-02-02,V20 LambdaRank change-only Top2,601939.SH,buy,9400,6.85,6.852055,64409.317,16.74642242,19.317,member_change_rebalance,False,False,False,9400
2024-02-02,V20 LambdaRank change-only Top2,601988.SH,buy,15000,4.28,4.281284,64219.26,16.6970076,19.26,member_change_rebalance,False,False,False,15000
2024-03-04,V20 LambdaRank change-only Top2,601988.SH,sell,15000,4.47,4.468659,67029.885,50.9427126,20.115,member_change_zero_target_exit,True,True,False,0
2024-03-04,V20 LambdaRank change-only Top2,601288.SH,buy,15700,4.24,4.241272,66587.9704,17.3128723,19.9704,member_change_rebalance,False,False,False,15700
2024-03-04,V20 LambdaRank change-only Top2,601939.SH,buy,100,7.02,7.022106,702.2106,5.007022106,0.2106,member_change_rebalance,False,False,False,9500
2024-04-02,V20 LambdaRank change-only Top2,601939.SH,sell,9500,6.91,6.907927,65625.3065,49.87523294,19.6935,member_change_zero_target_exit,True,True,False,0
2024-04-02,V20 LambdaRank change-only Top2,601398.SH,buy,12400,5.29,5.291587,65615.6788,17.06007649,19.6788,member_change_rebalance,False,False,False,12400
2024-06-04,V20 LambdaRank change-only Top2,601288.SH,sell,15700,4.41,4.408677,69216.2289,52.60433396,20.7711,member_change_rebalance,False,False,False,0
2024-06-04,V20 LambdaRank change-only Top2,601398.SH,sell,12400,5.44,5.438368,67435.7632,51.25118003,20.2368,member_change_zero_target_exit,True,True,False,0
2024-06-04,V20 LambdaRank change-only Top2,601288.SH,buy,15400,4.41,4.411323,67934.3742,17.66293729,20.3742,member_change_rebalance,False,False,False,15400
2024-06-04,V20 LambdaRank change-only Top2,601988.SH,buy,15300,4.44,4.441332,67952.3796,17.6676187,20.3796,member_change_rebalance,False,False,False,15300
2024-09-03,V20 LambdaRank change-only Top2,601988.SH,sell,16091.19636,4.88,4.878536,78501.48072,59.66112535,23.55751147,member_change_zero_target_exit,True,True,True,0
2024-09-03,V20 LambdaRank change-only Top2,601288.SH,buy,300,4.68,4.681404,1404.4212,5.014044212,0.4212,member_change_rebalance,False,False,False,16545.7314
2024-09-03,V20 LambdaRank change-only Top2,601398.SH,buy,13000,5.93,5.931779,77113.127,20.04941302,23.127,member_change_rebalance,False,False,False,13000
2024-11-04,V20 LambdaRank change-only Top2,601398.SH,sell,13000,6.15,6.148155,79926.015,60.7437714,23.985,member_change_zero_target_exit,True,True,False,0
2024-11-04,V20 LambdaRank change-only Top2,601288.SH,buy,100,4.77,4.771431,477.1431,5.004771431,0.1431,member_change_rebalance,False,False,False,16645.7314
2024-11-04,V20 LambdaRank change-only Top2,601988.SH,buy,16200,4.89,4.891467,79241.7654,20.602859,23.7654,member_change_rebalance,False,False,False,16200
2024-12-03,V20 LambdaRank change-only Top2,601288.SH,sell,16645.7314,4.81,4.808557,80041.94826,60.83188068,24.01979041,member_change_zero_target_exit,True,True,True,0
2024-12-03,V20 LambdaRank change-only Top2,601988.SH,sell,16200,5.01,5.008497,81137.6514,61.66461506,24.3486,member_change_zero_target_exit,True,True,False,0
2024-12-03,V20 LambdaRank change-only Top2,601398.SH,buy,13200,6.13,6.131839,80940.2748,21.04447145,24.2748,member_change_rebalance,False,False,False,13200
2024-12-03,V20 LambdaRank change-only Top2,601939.SH,buy,10100,7.94,7.942382,80218.0582,20.85669513,24.0582,member_change_rebalance,False,False,False,10100
2025-02-06,V20 LambdaRank change-only Top2,601398.SH,sell,13479.84875,6.7,6.69799,90287.89212,68.61879801,27.09449599,member_change_zero_target_exit,True,True,True,0
2025-02-06,V20 LambdaRank change-only Top2,601939.SH,sell,10336.1129,8.42,8.417474,87003.96158,66.1230108,26.10902118,member_change_zero_target_exit,True,True,True,0
2025-02-06,V20 LambdaRank change-only Top2,601288.SH,buy,17600,5.05,5.051515,88906.664,23.11573264,26.664,member_change_rebalance,False,False,False,17600
2025-02-06,V20 LambdaRank change-only Top2,601988.SH,buy,16600,5.33,5.331599,88504.5434,23.01118128,26.5434,member_change_rebalance,False,False,False,16600
2025-03-04,V20 LambdaRank change-only Top2,601988.SH,sell,16600,5.41,5.408377,89779.0582,68.23208423,26.9418,member_change_zero_target_exit,True,True,False,0
2025-03-04,V20 LambdaRank change-only Top2,601939.SH,buy,10600,8.48,8.482544,89914.9664,23.37789126,26.9664,member_change_rebalance,False,False,False,10600
2025-04-02,V20 LambdaRank change-only Top2,601939.SH,sell,10600,8.66,8.657402,91768.4612,69.74403051,27.5388,member_change_zero_target_exit,True,True,False,0
2025-04-02,V20 LambdaRank change-only Top2,601288.SH,buy,100,5.12,5.121536,512.1536,5.005121536,0.1536,member_change_rebalance,False,False,False,17700
2025-04-02,V20 LambdaRank change-only Top2,601398.SH,buy,13300,6.79,6.792037,90334.0921,23.48686395,27.0921,member_change_rebalance,False,False,False,13300
2025-05-07,V20 LambdaRank change-only Top2,601288.SH,sell,17700,5.4,5.39838,95551.326,72.61900776,28.674,member_change_zero_target_exit,True,True,False,0
2025-05-07,V20 LambdaRank change-only Top2,601398.SH,sell,13300,7.01,7.007897,93205.0301,70.83582288,27.9699,member_change_zero_target_exit,True,True,False,0
2025-05-07,V20 LambdaRank change-only Top2,601939.SH,buy,10400,9.11,9.112733,94772.4232,24.64083003,28.4232,member_change_rebalance,False,False,False,10400
2025-05-07,V20 LambdaRank change-only Top2,601988.SH,buy,17100,5.52,5.521656,94420.3176,24.54928258,28.3176,member_change_rebalance,False,False,False,17100
2025-07-02,V20 LambdaRank change-only Top2,601939.SH,sell,10640.18778,9.75,9.747075,103710.7083,78.8201383,31.12254925,member_change_zero_target_exit,True,True,True,0
2025-07-02,V20 LambdaRank change-only Top2,601988.SH,sell,17100,5.66,5.658302,96756.9642,73.53529279,29.0358,member_change_zero_target_exit,True,True,False,0
2025-07-02,V20 LambdaRank change-only Top2,601288.SH,buy,16800,5.97,5.971791,100326.0888,26.08478309,30.0888,member_change_rebalance,False,False,False,16800
2025-07-02,V20 LambdaRank change-only Top2,601398.SH,buy,13000,7.68,7.682304,99869.952,25.96618752,29.952,member_change_rebalance,False,False,False,13000
2025-08-04,V20 LambdaRank change-only Top2,601288.SH,sell,17100,6.34,6.338098,108381.4758,82.36992161,32.5242,member_change_rebalance,False,False,False,54.28941405
2025-08-04,V20 LambdaRank change-only Top2,601398.SH,sell,13265.01914,7.63,7.627711,101181.7324,76.89811662,30.36362881,member_change_zero_target_exit,True,True,True,0
2025-08-04,V20 LambdaRank change-only Top2,601288.SH,buy,16500,6.34,6.341902,104641.383,27.20675958,31.383,member_change_rebalance,False,False,False,16554.28941
2025-08-04,V20 LambdaRank change-only Top2,601988.SH,buy,18900,5.54,5.541662,104737.4118,27.23172707,31.4118,member_change_rebalance,False,False,False,18900
2025-09-02,V20 LambdaRank change-only Top2,601288.SH,sell,16554.28941,7.03,7.027891,116341.7416,88.4197236,34.91299637,member_change_zero_target_exit,True,True,True,0
2025-09-02,V20 LambdaRank change-only Top2,601939.SH,buy,12200,9.04,9.042712,110321.0864,28.68348246,33.0864,member_change_rebalance,False,False,False,12200
2025-09-02,V20 LambdaRank change-only Top2,601988.SH,buy,1100,5.52,5.521656,6073.8216,5.060738216,1.8216,member_change_rebalance,False,False,False,20000
2025-10-10,V20 LambdaRank change-only Top2,601939.SH,sell,12200,8.64,8.637408,105376.3776,80.08604698,31.6224,member_change_zero_target_exit,True,True,False,0
2025-10-10,V20 LambdaRank change-only Top2,601988.SH,sell,20000,5.22,5.218434,104368.68,79.3201968,31.32,member_change_zero_target_exit,True,True,False,0
2025-10-10,V20 LambdaRank change-only Top2,601288.SH,buy,15600,6.7,6.70201,104551.356,27.18335256,31.356,member_change_rebalance,False,False,False,15600
2025-10-10,V20 LambdaRank change-only Top2,601398.SH,buy,14300,7.29,7.292187,104278.2741,27.11235127,31.2741,member_change_rebalance,False,False,False,14300
2026-02-03,V20 LambdaRank change-only Top2,601398.SH,sell,14555.96102,7.3,7.29781,106226.6379,80.7322448,31.87755464,member_change_zero_target_exit,True,True,True,0
2026-02-03,V20 LambdaRank change-only Top2,601939.SH,buy,12100,8.78,8.782634,106269.8714,27.63016656,31.8714,member_change_rebalance,False,False,False,12100
2026-03-03,V20 LambdaRank change-only Top2,601939.SH,sell,12100,8.7,8.69739,105238.419,79.98119844,31.581,member_change_zero_target_exit,True,True,False,0
2026-03-03,V20 LambdaRank change-only Top2,601288.SH,buy,200,6.46,6.461938,1292.3876,5.012923876,0.3876,member_change_rebalance,False,False,False,16046.58725
2026-03-03,V20 LambdaRank change-only Top2,601398.SH,buy,14900,6.95,6.952085,103586.0665,26.93237729,31.0665,member_change_rebalance,False,False,False,14900
2026-04-02,V20 LambdaRank change-only Top2,601398.SH,sell,14900,7.57,7.567729,112759.1621,85.6969632,33.8379,member_change_zero_target_exit,True,True,False,0
2026-04-02,V20 LambdaRank change-only Top2,601288.SH,buy,400,6.72,6.722016,2688.8064,5.026888064,0.8064,member_change_rebalance,False,False,False,16446.58725
2026-04-02,V20 LambdaRank change-only Top2,601939.SH,buy,11700,9.45,9.452835,110598.1695,28.75552407,33.1695,member_change_rebalance,False,False,False,11700
2026-05-07,V20 LambdaRank change-only Top2,601939.SH,sell,11700,9.75,9.747075,114040.7775,86.6709909,34.2225,member_change_zero_target_exit,True,True,False,0
2026-05-07,V20 LambdaRank change-only Top2,601288.SH,buy,100,6.83,6.832049,683.2049,5.006832049,0.2049,member_change_rebalance,False,False,False,16546.58725
2026-05-07,V20 LambdaRank change-only Top2,601398.SH,buy,15300,7.36,7.362208,112641.7824,29.28686342,33.7824,member_change_rebalance,False,False,False,15300
2026-06-02,V20 LambdaRank change-only Top2,601398.SH,sell,15656.0705,7.3,7.29781,114255.0278,86.83382116,34.28679439,member_change_zero_target_exit,True,True,True,0
2026-06-02,V20 LambdaRank change-only Top2,601288.SH,buy,400,6.5,6.50195,2600.78,5.0260078,0.78,member_change_rebalance,False,False,False,17269.7282
2026-06-02,V20 LambdaRank change-only Top2,601988.SH,buy,18900,5.93,5.931779,112110.6231,29.14876201,33.6231,member_change_rebalance,False,False,False,18900
